Year/Month/Day Hour:Minute:Second.Millisecond,cms_mtdtf_dcs_1:MTRS/MTD_TIF_18/Chip_3/Channel_4.actual.value,
Year/Month/Day Hour:Minute:Second.Millisecond,cms_mtdtf_dcs_1:MTRS/MTD_TIF_18/Chip_3/Channel_4,
2023/08/02 10:25:50.000,-32.271484375,
2023/08/02 10:26:01.000,-32.232421875,
2023/08/02 10:26:04.000,-32.2744140625,
2023/08/02 10:26:09.000,-32.248046875,
2023/08/02 10:26:24.000,-32.18359375,
2023/08/02 10:26:29.000,-32.1513671875,
2023/08/02 10:26:32.000,-32.11328125,
2023/08/02 10:26:37.000,-32.0361328125,
2023/08/02 10:26:41.000,-32.0078125,
2023/08/02 10:26:43.000,-32.0048828125,
2023/08/02 10:26:49.000,-31.935546875,
2023/08/02 10:27:08.000,-31.8388671875,
2023/08/02 10:27:14.000,-31.7333984375,
2023/08/02 10:27:19.000,-31.716796875,
2023/08/02 10:27:34.000,-31.6484375,
2023/08/02 10:27:38.000,-31.60546875,
2023/08/02 10:27:41.000,-31.658203125,
2023/08/02 10:27:44.000,-31.6455078125,
2023/08/02 10:27:49.000,-31.552734375,
2023/08/02 10:27:52.000,-31.494140625,
2023/08/02 10:27:55.000,-31.560546875,
2023/08/02 10:28:00.000,-31.5322265625,
2023/08/02 10:28:07.000,-31.580078125,
2023/08/02 10:28:12.000,-31.51953125,
2023/08/02 10:28:19.000,-31.529296875,
2023/08/02 10:28:23.000,-31.509765625,
2023/08/02 10:28:42.000,-31.4765625,
2023/08/02 10:28:45.000,-31.4892578125,
2023/08/02 10:28:50.000,-31.4658203125,
2023/08/02 10:29:01.000,-31.478515625,
2023/08/02 10:29:03.000,-31.513671875,
2023/08/02 10:29:19.000,-31.59765625,
2023/08/02 10:29:22.000,-31.6162109375,
2023/08/02 10:29:25.000,-31.5703125,
2023/08/02 10:29:30.000,-31.603515625,
2023/08/02 10:29:38.000,-31.587890625,
2023/08/02 10:29:41.000,-31.6064453125,
2023/08/02 10:29:47.000,-31.6767578125,
2023/08/02 10:29:51.000,-31.6357421875,
2023/08/02 10:29:54.000,-31.681640625,
2023/08/02 10:29:58.000,-31.6494140625,
2023/08/02 10:30:04.000,-31.67578125,
2023/08/02 10:30:10.000,-31.6259765625,
2023/08/02 10:30:13.000,-31.6435546875,
2023/08/02 10:30:20.000,-31.6474609375,
2023/08/02 10:30:23.000,-31.6533203125,
2023/08/02 10:30:32.000,-31.75,
2023/08/02 10:30:35.000,-31.6875,
2023/08/02 10:30:40.000,-31.671875,
2023/08/02 10:30:43.000,-31.7421875,
2023/08/02 10:30:49.000,-31.7353515625,
2023/08/02 10:30:59.000,-31.75390625,
2023/08/02 10:31:02.000,-31.7373046875,
2023/08/02 10:31:12.000,-31.7294921875,
2023/08/02 10:31:15.000,-31.7236328125,
2023/08/02 10:31:20.000,-31.6337890625,
2023/08/02 10:31:23.000,-31.650390625,
2023/08/02 10:31:29.000,-31.65234375,
2023/08/02 10:31:32.000,-31.6162109375,
2023/08/02 10:31:35.000,-31.59375,
2023/08/02 10:31:40.000,-31.59765625,
2023/08/02 10:31:51.000,-31.607421875,
2023/08/02 10:31:53.000,-31.5869140625,
2023/08/02 10:32:18.000,-31.41796875,
2023/08/02 10:32:21.000,-31.4150390625,
2023/08/02 10:32:31.000,-31.3662109375,
2023/08/02 10:32:33.000,-31.388671875,
2023/08/02 10:32:39.000,-31.4208984375,
2023/08/02 10:32:42.000,-31.4755859375,
2023/08/02 10:32:47.000,-31.3876953125,
2023/08/02 10:32:51.000,-31.42578125,
2023/08/02 10:33:05.000,-31.4873046875,
2023/08/02 10:33:08.000,-31.521484375,
2023/08/02 10:33:11.000,-31.4453125,
2023/08/02 10:33:14.000,-31.4501953125,
2023/08/02 10:33:19.000,-31.52734375,
2023/08/02 10:33:22.000,-31.5234375,
2023/08/02 10:33:25.000,-31.5693359375,
2023/08/02 10:33:30.000,-31.61328125,
2023/08/02 10:33:33.000,-31.5185546875,
2023/08/02 10:33:38.000,-31.6201171875,
2023/08/02 10:33:41.000,-31.6103515625,
2023/08/02 10:33:48.000,-31.6875,
2023/08/02 10:33:51.000,-31.7744140625,
2023/08/02 10:33:55.000,-31.7783203125,
2023/08/02 10:34:00.000,-31.8173828125,
2023/08/02 10:34:03.000,-31.84765625,
2023/08/02 10:34:09.000,-31.9091796875,
2023/08/02 10:34:11.000,-31.8916015625,
2023/08/02 10:34:15.000,-31.83984375,
2023/08/02 10:34:20.000,-31.9130859375,
2023/08/02 10:34:23.000,-31.9287109375,
2023/08/02 10:34:27.000,-31.9189453125,
2023/08/02 10:34:30.000,-31.9013671875,
2023/08/02 10:34:33.000,-31.8984375,
2023/08/02 10:34:37.000,-31.9130859375,
2023/08/02 10:34:41.000,-31.9384765625,
2023/08/02 10:34:44.000,-31.8720703125,
2023/08/02 10:34:49.000,-31.9287109375,
2023/08/02 10:35:04.000,-31.951171875,
2023/08/02 10:35:09.000,-31.91796875,
2023/08/02 10:35:12.000,-31.8935546875,
2023/08/02 10:35:15.000,-31.919921875,
2023/08/02 10:35:20.000,-31.931640625,
2023/08/02 10:35:28.000,-31.8701171875,
2023/08/02 10:35:31.000,-31.84375,
2023/08/02 10:35:35.000,-31.8203125,
2023/08/02 10:35:40.000,-31.8359375,
2023/08/02 10:35:43.000,-31.8291015625,
2023/08/02 10:35:48.000,-31.798828125,
2023/08/02 10:35:51.000,-31.740234375,
2023/08/02 10:35:54.000,-31.7265625,
2023/08/02 10:35:56.000,-31.7783203125,
2023/08/02 10:36:00.000,-31.7841796875,
2023/08/02 10:36:03.000,-31.7314453125,
2023/08/02 10:36:12.000,-31.650390625,
2023/08/02 10:36:15.000,-31.6220703125,
2023/08/02 10:36:22.000,-31.5693359375,
2023/08/02 10:36:25.000,-31.5458984375,
2023/08/02 10:36:29.000,-31.51953125,
2023/08/02 10:36:33.000,-31.5009765625,
2023/08/02 10:36:42.000,-31.5986328125,
2023/08/02 10:36:45.000,-31.5556640625,
2023/08/02 10:36:49.000,-31.6318359375,
2023/08/02 10:36:53.000,-31.58203125,
2023/08/02 10:36:58.000,-31.615234375,
2023/08/02 10:37:01.000,-31.576171875,
2023/08/02 10:37:05.000,-31.52734375,
2023/08/02 10:37:10.000,-31.59765625,
2023/08/02 10:37:13.000,-31.5869140625,
2023/08/02 10:37:20.000,-31.5986328125,
2023/08/02 10:37:23.000,-31.5634765625,
2023/08/02 10:37:29.000,-31.5615234375,
2023/08/02 10:37:39.000,-31.611328125,
2023/08/02 10:37:41.000,-31.638671875,
2023/08/02 10:37:45.000,-31.5634765625,
2023/08/02 10:37:51.000,-31.55078125,
2023/08/02 10:37:56.000,-31.5244140625,
2023/08/02 10:38:00.000,-31.54296875,
2023/08/02 10:38:02.000,-31.6357421875,
2023/08/02 10:38:11.000,-31.6533203125,
2023/08/02 10:38:14.000,-31.625,
2023/08/02 10:38:24.000,-31.611328125,
2023/08/02 10:38:28.000,-31.603515625,
2023/08/02 10:38:31.000,-31.6123046875,
2023/08/02 10:38:34.000,-31.630859375,
2023/08/02 10:38:39.000,-31.6611328125,
2023/08/02 10:38:52.000,-31.5703125,
2023/08/02 10:38:55.000,-31.5595703125,
2023/08/02 10:39:01.000,-31.5,
2023/08/02 10:39:04.000,-31.4580078125,
2023/08/02 10:39:09.000,-31.5107421875,
2023/08/02 10:39:19.000,-31.4814453125,
2023/08/02 10:39:23.000,-31.4306640625,
2023/08/02 10:39:32.000,-31.3564453125,
2023/08/02 10:39:35.000,-31.3359375,
2023/08/02 10:39:41.000,-31.310546875,
2023/08/02 10:39:44.000,-31.267578125,
2023/08/02 10:39:49.000,-31.212890625,
2023/08/02 10:39:59.000,-31.134765625,
2023/08/02 10:40:03.000,-31.1640625,
2023/08/02 10:40:08.000,-31.126953125,
2023/08/02 10:40:11.000,-31.1162109375,
2023/08/02 10:40:14.000,-31.0595703125,
2023/08/02 10:40:18.000,-31.044921875,
2023/08/02 10:40:21.000,-31.005859375,
2023/08/02 10:40:24.000,-31.1005859375,
2023/08/02 10:40:29.000,-31.044921875,
2023/08/02 10:40:32.000,-30.9580078125,
2023/08/02 10:40:39.000,-30.9384765625,
2023/08/02 10:40:43.000,-30.91015625,
2023/08/02 10:40:58.000,-30.869140625,
2023/08/02 10:41:02.000,-30.8759765625,
2023/08/02 10:41:06.000,-30.857421875,
2023/08/02 10:41:12.000,-30.9189453125,
2023/08/02 10:41:19.000,-30.93359375,
2023/08/02 10:41:23.000,-30.919921875,
2023/08/02 10:41:39.000,-30.9560546875,
2023/08/02 10:41:44.000,-30.8916015625,
2023/08/02 10:41:49.000,-30.96484375,
2023/08/02 10:41:53.000,-30.9189453125,
2023/08/02 10:41:56.000,-30.9697265625,
2023/08/02 10:42:00.000,-30.9951171875,
2023/08/02 10:42:06.000,-30.966796875,
2023/08/02 10:42:10.000,-30.9326171875,
2023/08/02 10:42:14.000,-30.939453125,
2023/08/02 10:42:19.000,-31.0029296875,
2023/08/02 10:42:22.000,-30.9873046875,
2023/08/02 10:42:25.000,-30.9521484375,
2023/08/02 10:42:29.000,-30.9736328125,
2023/08/02 10:42:34.000,-30.998046875,
2023/08/02 10:42:39.000,-30.9599609375,
2023/08/02 10:42:46.000,-30.857421875,
2023/08/02 10:42:50.000,-30.890625,
2023/08/02 10:42:56.000,-30.8974609375,
2023/08/02 10:43:00.000,-30.8037109375,
2023/08/02 10:43:10.000,-30.7705078125,
2023/08/02 10:43:13.000,-30.76171875,
2023/08/02 10:43:16.000,-30.7119140625,
2023/08/02 10:43:20.000,-30.7392578125,
2023/08/02 10:43:26.000,-30.71875,
2023/08/02 10:43:31.000,-30.6259765625,
2023/08/02 10:43:33.000,-30.662109375,
2023/08/02 10:43:39.000,-30.611328125,
2023/08/02 10:43:43.000,-30.501953125,
2023/08/02 10:43:46.000,-30.548828125,
2023/08/02 10:43:52.000,-30.421875,
2023/08/02 10:43:55.000,-30.5400390625,
2023/08/02 10:43:59.000,-30.4814453125,
2023/08/02 10:44:03.000,-30.3798828125,
2023/08/02 10:44:06.000,-30.4873046875,
2023/08/02 10:44:11.000,-30.3759765625,
2023/08/02 10:44:14.000,-30.37890625,
2023/08/02 10:44:40.000,-30.3935546875,
2023/08/02 10:44:43.000,-30.361328125,
2023/08/02 10:44:50.000,-30.4091796875,
2023/08/02 10:44:53.000,-30.3564453125,
2023/08/02 10:44:59.000,-30.4736328125,
2023/08/02 10:45:03.000,-30.4970703125,
2023/08/02 10:45:11.000,-30.4853515625,
2023/08/02 10:45:15.000,-30.5341796875,
2023/08/02 10:45:24.000,-30.52734375,
2023/08/02 10:45:27.000,-30.556640625,
2023/08/02 10:45:31.000,-30.6806640625,
2023/08/02 10:45:34.000,-30.6396484375,
2023/08/02 10:45:46.000,-30.5576171875,
2023/08/02 10:45:51.000,-30.564453125,
2023/08/02 10:46:00.000,-30.6025390625,
2023/08/02 10:46:04.000,-30.6123046875,
2023/08/02 10:46:07.000,-30.595703125,
2023/08/02 10:46:11.000,-30.5927734375,
2023/08/02 10:46:14.000,-30.6591796875,
2023/08/02 10:46:17.000,-30.6416015625,
2023/08/02 10:46:24.000,-30.62109375,
2023/08/02 10:46:27.000,-30.595703125,
2023/08/02 10:46:31.000,-30.5908203125,
2023/08/02 10:46:35.000,-30.5537109375,
2023/08/02 10:46:41.000,-30.5703125,
2023/08/02 10:46:44.000,-30.5146484375,
2023/08/02 10:46:47.000,-30.5302734375,
2023/08/02 10:46:52.000,-30.56640625,
2023/08/02 10:46:55.000,-30.4853515625,
2023/08/02 10:47:01.000,-30.5224609375,
2023/08/02 10:47:04.000,-30.548828125,
2023/08/02 10:47:07.000,-30.50390625,
2023/08/02 10:47:12.000,-30.533203125,
2023/08/02 10:47:15.000,-30.4921875,
2023/08/02 10:47:36.000,-30.3935546875,
2023/08/02 10:47:40.000,-30.3486328125,
2023/08/02 10:47:46.000,-30.375,
2023/08/02 10:47:51.000,-30.376953125,
2023/08/02 10:48:02.000,-30.3193359375,
2023/08/02 10:48:05.000,-30.2763671875,
2023/08/02 10:48:12.000,-30.3525390625,
2023/08/02 10:48:25.000,-30.33203125,
2023/08/02 10:48:32.000,-30.3798828125,
2023/08/02 10:48:35.000,-30.369140625,
2023/08/02 10:48:42.000,-30.455078125,
2023/08/02 10:48:45.000,-30.48828125,
2023/08/02 10:48:49.000,-30.4228515625,
2023/08/02 10:48:53.000,-30.5087890625,
2023/08/02 10:48:57.000,-30.4716796875,
2023/08/02 10:49:01.000,-30.5400390625,
2023/08/02 10:49:17.000,-30.5712890625,
2023/08/02 10:49:21.000,-30.5439453125,
2023/08/02 10:49:25.000,-30.5771484375,
2023/08/02 10:49:30.000,-30.6181640625,
2023/08/02 10:49:34.000,-30.63671875,
2023/08/02 10:49:39.000,-30.658203125,
2023/08/02 10:49:51.000,-30.6953125,
2023/08/02 10:49:54.000,-30.7109375,
2023/08/02 10:50:11.000,-30.7802734375,
2023/08/02 10:50:14.000,-30.76953125,
2023/08/02 10:50:17.000,-30.7939453125,
2023/08/02 10:50:22.000,-30.744140625,
2023/08/02 10:50:37.000,-30.8203125,
2023/08/02 10:50:42.000,-30.7578125,
2023/08/02 10:50:45.000,-30.7705078125,
2023/08/02 10:50:49.000,-30.6953125,
2023/08/02 10:50:52.000,-30.71484375,
2023/08/02 10:50:55.000,-30.7197265625,
2023/08/02 10:51:01.000,-30.767578125,
2023/08/02 10:51:21.000,-30.5625,
2023/08/02 10:51:24.000,-30.5576171875,
2023/08/02 10:51:29.000,-30.501953125,
2023/08/02 10:51:33.000,-30.4638671875,
2023/08/02 10:51:36.000,-30.46484375,
2023/08/02 10:51:40.000,-30.455078125,
2023/08/02 10:51:46.000,-30.4541015625,
2023/08/02 10:51:51.000,-30.4580078125,
2023/08/02 10:52:04.000,-30.42578125,
2023/08/02 10:52:07.000,-30.4296875,
2023/08/02 10:52:12.000,-30.5146484375,
2023/08/02 10:52:30.000,-30.4736328125,
2023/08/02 10:52:34.000,-30.4609375,
2023/08/02 10:52:42.000,-30.55859375,
2023/08/02 10:52:45.000,-30.48828125,
2023/08/02 10:52:51.000,-30.515625,
2023/08/02 10:52:56.000,-30.57421875,
2023/08/02 10:53:01.000,-30.5087890625,
2023/08/02 10:53:04.000,-30.51953125,
2023/08/02 10:53:07.000,-30.5341796875,
2023/08/02 10:53:12.000,-30.5673828125,
2023/08/02 10:53:15.000,-30.5986328125,
2023/08/02 10:53:20.000,-30.669921875,
2023/08/02 10:53:24.000,-30.625,
2023/08/02 10:53:27.000,-30.6171875,
2023/08/02 10:53:32.000,-30.6513671875,
2023/08/02 10:53:35.000,-30.6328125,
2023/08/02 10:53:41.000,-30.6455078125,
2023/08/02 10:53:45.000,-30.6357421875,
2023/08/02 10:53:47.000,-30.6328125,
2023/08/02 10:53:52.000,-30.6552734375,
2023/08/02 10:54:00.000,-30.7431640625,
2023/08/02 10:54:03.000,-30.7900390625,
2023/08/02 10:54:09.000,-30.8046875,
2023/08/02 10:54:13.000,-30.76953125,
2023/08/02 10:54:22.000,-30.8447265625,
2023/08/02 10:54:25.000,-30.8203125,
2023/08/02 10:54:30.000,-30.7470703125,
2023/08/02 10:54:36.000,-30.728515625,
2023/08/02 10:54:41.000,-30.7744140625,
2023/08/02 10:54:44.000,-30.7109375,
2023/08/02 10:54:46.000,-30.7001953125,
2023/08/02 10:54:51.000,-30.56640625,
2023/08/02 10:54:54.000,-30.55859375,
2023/08/02 10:54:57.000,-30.62109375,
2023/08/02 10:55:02.000,-30.654296875,
2023/08/02 10:55:05.000,-30.69140625,
2023/08/02 10:55:11.000,-30.6435546875,
2023/08/02 10:55:15.000,-30.650390625,
2023/08/02 10:55:17.000,-30.5791015625,
2023/08/02 10:55:22.000,-30.5439453125,
2023/08/02 10:55:30.000,-30.458984375,
2023/08/02 10:55:33.000,-30.4912109375,
2023/08/02 10:55:36.000,-30.36328125,
2023/08/02 10:56:02.000,-30.3486328125,
2023/08/02 10:56:05.000,-30.330078125,
2023/08/02 10:56:12.000,-30.35546875,
2023/08/02 10:56:15.000,-30.3984375,
2023/08/02 10:56:24.000,-30.3974609375,
2023/08/02 10:56:27.000,-30.3994140625,
2023/08/02 10:56:32.000,-30.3974609375,
2023/08/02 10:56:35.000,-30.326171875,
2023/08/02 10:56:41.000,-30.38671875,
2023/08/02 10:56:45.000,-30.41796875,
2023/08/02 10:57:04.000,-30.658203125,
2023/08/02 10:57:07.000,-30.6953125,
2023/08/02 10:57:13.000,-30.6123046875,
2023/08/02 10:57:34.000,-30.7158203125,
2023/08/02 10:57:37.000,-30.7412109375,
2023/08/02 10:57:41.000,-30.76953125,
2023/08/02 10:57:45.000,-30.701171875,
2023/08/02 10:57:50.000,-30.7138671875,
2023/08/02 10:57:53.000,-30.7119140625,
2023/08/02 10:58:03.000,-30.693359375,
2023/08/02 10:58:05.000,-30.6904296875,
2023/08/02 10:58:12.000,-30.6748046875,
2023/08/02 10:58:15.000,-30.671875,
2023/08/02 10:58:20.000,-30.662109375,
2023/08/02 10:58:23.000,-30.6884765625,
2023/08/02 10:58:26.000,-30.6689453125,
2023/08/02 10:58:31.000,-30.6923828125,
2023/08/02 10:58:39.000,-30.6650390625,
2023/08/02 10:58:43.000,-30.6162109375,
2023/08/02 10:58:45.000,-30.6083984375,
2023/08/02 10:58:51.000,-30.595703125,
2023/08/02 10:58:54.000,-30.587890625,
2023/08/02 10:58:56.000,-30.6357421875,
2023/08/02 10:59:00.000,-30.548828125,
2023/08/02 10:59:04.000,-30.56640625,
2023/08/02 10:59:06.000,-30.59375,
2023/08/02 10:59:11.000,-30.5400390625,
2023/08/02 10:59:14.000,-30.564453125,
2023/08/02 10:59:17.000,-30.4833984375,
2023/08/02 10:59:22.000,-30.4501953125,
2023/08/02 10:59:25.000,-30.4423828125,
2023/08/02 10:59:31.000,-30.4267578125,
2023/08/02 10:59:35.000,-30.4375,
2023/08/02 11:00:02.000,-30.3251953125,
2023/08/02 11:00:05.000,-30.314453125,
2023/08/02 11:00:08.000,-30.3349609375,
2023/08/02 11:00:12.000,-30.3505859375,
2023/08/02 11:00:15.000,-30.3701171875,
2023/08/02 11:00:21.000,-30.46875,
2023/08/02 11:00:25.000,-30.431640625,
2023/08/02 11:00:27.000,-30.451171875,
2023/08/02 11:00:32.000,-30.5576171875,
2023/08/02 11:00:35.000,-30.57421875,
2023/08/02 11:00:38.000,-30.634765625,
2023/08/02 11:00:42.000,-30.638671875,
2023/08/02 11:00:56.000,-30.646484375,
2023/08/02 11:01:10.000,-30.7568359375,
2023/08/02 11:01:13.000,-30.7919921875,
2023/08/02 11:01:17.000,-30.76953125,
2023/08/02 11:01:21.000,-30.798828125,
2023/08/02 11:01:27.000,-30.7373046875,
2023/08/02 11:01:31.000,-30.6806640625,
2023/08/02 11:01:47.000,-30.6591796875,
2023/08/02 11:01:51.000,-30.6083984375,
2023/08/02 11:01:59.000,-30.662109375,
2023/08/02 11:02:03.000,-30.6181640625,
2023/08/02 11:02:14.000,-30.525390625,
2023/08/02 11:02:17.000,-30.5908203125,
2023/08/02 11:02:23.000,-30.5859375,
2023/08/02 11:02:42.000,-30.50390625,
2023/08/02 11:02:45.000,-30.529296875,
2023/08/02 11:02:48.000,-30.46875,
2023/08/02 11:02:52.000,-30.5439453125,
2023/08/02 11:02:55.000,-30.5068359375,
2023/08/02 11:03:01.000,-30.4970703125,
2023/08/02 11:03:04.000,-30.44140625,
2023/08/02 11:03:07.000,-30.4677734375,
2023/08/02 11:03:17.000,-30.39453125,
2023/08/02 11:03:21.000,-30.4072265625,
2023/08/02 11:03:26.000,-30.3564453125,
2023/08/02 11:03:31.000,-30.3232421875,
2023/08/02 11:03:47.000,-30.421875,
2023/08/02 11:03:50.000,-30.4033203125,
2023/08/02 11:03:53.000,-30.466796875,
2023/08/02 11:03:56.000,-30.4541015625,
2023/08/02 11:03:58.000,-30.3974609375,
2023/08/02 11:04:02.000,-30.3203125,
2023/08/02 11:04:33.000,-30.5537109375,
2023/08/02 11:04:38.000,-30.6220703125,
2023/08/02 11:04:42.000,-30.5849609375,
2023/08/02 11:04:48.000,-30.6142578125,
2023/08/02 11:04:53.000,-30.7197265625,
2023/08/02 11:04:56.000,-30.6640625,
2023/08/02 11:05:01.000,-30.681640625,
2023/08/02 11:05:04.000,-30.7421875,
2023/08/02 11:05:07.000,-30.744140625,
2023/08/02 11:05:13.000,-30.677734375,
2023/08/02 11:05:16.000,-30.7255859375,
2023/08/02 11:05:22.000,-30.767578125,
2023/08/02 11:05:25.000,-30.8037109375,
2023/08/02 11:05:31.000,-30.744140625,
2023/08/02 11:05:35.000,-30.724609375,
2023/08/02 11:05:42.000,-30.6435546875,
2023/08/02 11:05:45.000,-30.6298828125,
2023/08/02 11:05:48.000,-30.623046875,
2023/08/02 11:05:53.000,-30.6728515625,
2023/08/02 11:05:58.000,-30.6806640625,
2023/08/02 11:06:02.000,-30.5908203125,
2023/08/02 11:06:05.000,-30.6328125,
2023/08/02 11:06:08.000,-30.66796875,
2023/08/02 11:06:13.000,-30.68359375,
2023/08/02 11:06:15.000,-30.6416015625,
2023/08/02 11:06:21.000,-30.5537109375,
2023/08/02 11:06:25.000,-30.4736328125,
2023/08/02 11:06:28.000,-30.505859375,
2023/08/02 11:06:33.000,-30.55078125,
2023/08/02 11:06:36.000,-30.490234375,
2023/08/02 11:06:40.000,-30.5107421875,
2023/08/02 11:06:44.000,-30.435546875,
2023/08/02 11:06:46.000,-30.421875,
2023/08/02 11:06:51.000,-30.46875,
2023/08/02 11:06:54.000,-30.408203125,
2023/08/02 11:06:57.000,-30.384765625,
2023/08/02 11:07:01.000,-30.3671875,
2023/08/02 11:07:05.000,-30.3017578125,
2023/08/02 11:07:09.000,-30.259765625,
2023/08/02 11:07:13.000,-30.3203125,
2023/08/02 11:07:32.000,-30.3623046875,
2023/08/02 11:07:38.000,-30.326171875,
2023/08/02 11:07:43.000,-30.3818359375,
2023/08/02 11:07:46.000,-30.380859375,
2023/08/02 11:07:56.000,-30.4609375,
2023/08/02 11:07:59.000,-30.478515625,
2023/08/02 11:08:04.000,-30.501953125,
2023/08/02 11:08:07.000,-30.5009765625,
2023/08/02 11:08:12.000,-30.5380859375,
2023/08/02 11:08:15.000,-30.5673828125,
2023/08/02 11:08:21.000,-30.6025390625,
2023/08/02 11:08:25.000,-30.638671875,
2023/08/02 11:08:35.000,-30.669921875,
2023/08/02 11:08:37.000,-30.6279296875,
2023/08/02 11:08:43.000,-30.7490234375,
2023/08/02 11:08:52.000,-30.8046875,
2023/08/02 11:08:55.000,-30.7841796875,
2023/08/02 11:08:59.000,-30.8076171875,
2023/08/02 11:09:03.000,-30.765625,
2023/08/02 11:09:23.000,-30.7529296875,
2023/08/02 11:09:26.000,-30.7900390625,
2023/08/02 11:09:36.000,-30.74609375,
2023/08/02 11:09:39.000,-30.759765625,
2023/08/02 11:09:44.000,-30.7607421875,
2023/08/02 11:09:47.000,-30.7431640625,
2023/08/02 11:09:53.000,-30.6259765625,
2023/08/02 11:09:56.000,-30.69140625,
2023/08/02 11:09:59.000,-30.7041015625,
2023/08/02 11:10:04.000,-30.6728515625,
2023/08/02 11:10:12.000,-30.6220703125,
2023/08/02 11:10:15.000,-30.556640625,
2023/08/02 11:10:18.000,-30.62109375,
2023/08/02 11:10:23.000,-30.6572265625,
2023/08/02 11:10:26.000,-30.603515625,
2023/08/02 11:10:29.000,-30.583984375,
2023/08/02 11:10:34.000,-30.5478515625,
2023/08/02 11:10:41.000,-30.4501953125,
2023/08/02 11:10:46.000,-30.40234375,
2023/08/02 11:10:51.000,-30.3974609375,
2023/08/02 11:10:55.000,-30.412109375,
2023/08/02 11:11:01.000,-30.34375,
2023/08/02 11:11:05.000,-30.388671875,
2023/08/02 11:11:11.000,-30.4296875,
2023/08/02 11:11:15.000,-30.380859375,
2023/08/02 11:11:18.000,-30.4375,
2023/08/02 11:11:22.000,-30.3330078125,
2023/08/02 11:11:26.000,-30.3349609375,
2023/08/02 11:11:29.000,-30.40234375,
2023/08/02 11:11:34.000,-30.3427734375,
2023/08/02 11:11:36.000,-30.37890625,
2023/08/02 11:11:39.000,-30.3701171875,
2023/08/02 11:11:44.000,-30.4296875,
2023/08/02 11:11:47.000,-30.478515625,
2023/08/02 11:11:53.000,-30.439453125,
2023/08/02 11:11:56.000,-30.4453125,
2023/08/02 11:11:59.000,-30.482421875,
2023/08/02 11:12:04.000,-30.48828125,
2023/08/02 11:12:11.000,-30.509765625,
2023/08/02 11:12:16.000,-30.5087890625,
2023/08/02 11:12:23.000,-30.5380859375,
2023/08/02 11:12:27.000,-30.623046875,
2023/08/02 11:12:37.000,-30.7392578125,
2023/08/02 11:12:39.000,-30.751953125,
2023/08/02 11:12:44.000,-30.7099609375,
2023/08/02 11:12:47.000,-30.671875,
2023/08/02 11:12:52.000,-30.650390625,
2023/08/02 11:12:55.000,-30.6064453125,
2023/08/02 11:12:59.000,-30.607421875,
2023/08/02 11:13:04.000,-30.5751953125,
2023/08/02 11:13:12.000,-30.599609375,
2023/08/02 11:13:18.000,-30.59375,
2023/08/02 11:13:23.000,-30.5517578125,
2023/08/02 11:13:26.000,-30.5283203125,
2023/08/02 11:13:29.000,-30.5439453125,
2023/08/02 11:13:34.000,-30.5576171875,
2023/08/02 11:13:47.000,-30.48828125,
2023/08/02 11:13:49.000,-30.4365234375,
2023/08/02 11:13:56.000,-30.3720703125,
2023/08/02 11:14:09.000,-30.361328125,
2023/08/02 11:14:13.000,-30.3837890625,
2023/08/02 11:14:17.000,-30.412109375,
2023/08/02 11:14:22.000,-30.3603515625,
2023/08/02 11:14:25.000,-30.361328125,
2023/08/02 11:14:28.000,-30.263671875,
2023/08/02 11:14:42.000,-30.3291015625,
2023/08/02 11:14:45.000,-30.265625,
2023/08/02 11:14:51.000,-30.31640625,
2023/08/02 11:14:55.000,-30.27734375,
2023/08/02 11:14:58.000,-30.244140625,
2023/08/02 11:15:02.000,-30.251953125,
2023/08/02 11:15:08.000,-30.193359375,
2023/08/02 11:15:13.000,-30.2421875,
2023/08/02 11:15:16.000,-30.2177734375,
2023/08/02 11:15:26.000,-30.267578125,
2023/08/02 11:15:29.000,-30.27734375,
2023/08/02 11:15:34.000,-30.2763671875,
2023/08/02 11:15:37.000,-30.2822265625,
2023/08/02 11:15:42.000,-30.31640625,
2023/08/02 11:15:46.000,-30.3212890625,
2023/08/02 11:15:52.000,-30.2880859375,
2023/08/02 11:15:55.000,-30.28125,
2023/08/02 11:16:01.000,-30.4365234375,
2023/08/02 11:16:05.000,-30.4296875,
2023/08/02 11:16:07.000,-30.453125,
2023/08/02 11:16:12.000,-30.41796875,
2023/08/02 11:16:19.000,-30.4423828125,
2023/08/02 11:16:23.000,-30.501953125,
2023/08/02 11:16:26.000,-30.4814453125,
2023/08/02 11:16:28.000,-30.474609375,
2023/08/02 11:16:33.000,-30.5400390625,
2023/08/02 11:16:36.000,-30.529296875,
2023/08/02 11:16:39.000,-30.5390625,
2023/08/02 11:16:44.000,-30.5849609375,
2023/08/02 11:16:57.000,-30.4951171875,
2023/08/02 11:16:59.000,-30.529296875,
2023/08/02 11:17:04.000,-30.4794921875,
2023/08/02 11:17:12.000,-30.44921875,
2023/08/02 11:17:15.000,-30.4189453125,
2023/08/02 11:17:24.000,-30.4267578125,
2023/08/02 11:17:27.000,-30.357421875,
2023/08/02 11:17:34.000,-30.365234375,
2023/08/02 11:17:37.000,-30.328125,
2023/08/02 11:17:46.000,-30.2998046875,
2023/08/02 11:17:49.000,-30.3583984375,
2023/08/02 11:17:54.000,-30.333984375,
2023/08/02 11:17:57.000,-30.267578125,
2023/08/02 11:18:02.000,-30.251953125,
2023/08/02 11:18:05.000,-30.28125,
2023/08/02 11:18:12.000,-30.2783203125,
2023/08/02 11:18:15.000,-30.2373046875,
2023/08/02 11:18:21.000,-30.23046875,
2023/08/02 11:18:25.000,-30.2119140625,
2023/08/02 11:18:28.000,-30.283203125,
2023/08/02 11:18:33.000,-30.234375,
2023/08/02 11:18:49.000,-30.10546875,
2023/08/02 11:18:53.000,-30.15234375,
2023/08/02 11:19:04.000,-30.181640625,
2023/08/02 11:19:07.000,-30.2119140625,
2023/08/02 11:19:28.000,-30.3818359375,
2023/08/02 11:19:36.000,-30.3935546875,
2023/08/02 11:19:39.000,-30.408203125,
2023/08/02 11:19:46.000,-30.369140625,
2023/08/02 11:19:49.000,-30.40234375,
2023/08/02 11:19:53.000,-30.4091796875,
2023/08/02 11:19:57.000,-30.416015625,
2023/08/02 11:20:20.000,-30.64453125,
2023/08/02 11:20:24.000,-30.6904296875,
2023/08/02 11:20:44.000,-30.5673828125,
2023/08/02 11:20:47.000,-30.6064453125,
2023/08/02 11:20:51.000,-30.662109375,
2023/08/02 11:20:55.000,-30.6455078125,
2023/08/02 11:20:57.000,-30.595703125,
2023/08/02 11:21:03.000,-30.63671875,
2023/08/02 11:21:06.000,-30.595703125,
2023/08/02 11:21:16.000,-30.5908203125,
2023/08/02 11:21:19.000,-30.5576171875,
2023/08/02 11:21:25.000,-30.533203125,
2023/08/02 11:21:32.000,-30.474609375,
2023/08/02 11:21:35.000,-30.3935546875,
2023/08/02 11:21:46.000,-30.3349609375,
2023/08/02 11:21:53.000,-30.3046875,
2023/08/02 11:21:57.000,-30.2646484375,
2023/08/02 11:22:04.000,-30.279296875,
2023/08/02 11:22:07.000,-30.2490234375,
2023/08/02 11:22:14.000,-30.3017578125,
2023/08/02 11:22:17.000,-30.251953125,
2023/08/02 11:22:20.000,-30.2099609375,
2023/08/02 11:22:24.000,-30.27734375,
2023/08/02 11:22:27.000,-30.2578125,
2023/08/02 11:22:33.000,-30.259765625,
2023/08/02 11:22:35.000,-30.251953125,
2023/08/02 11:22:39.000,-30.208984375,
2023/08/02 11:22:48.000,-30.1474609375,
2023/08/02 11:22:52.000,-30.1572265625,
2023/08/02 11:22:55.000,-30.171875,
2023/08/02 11:22:58.000,-30.1279296875,
2023/08/02 11:23:03.000,-30.0869140625,
2023/08/02 11:23:13.000,-30.185546875,
2023/08/02 11:23:17.000,-30.20703125,
2023/08/02 11:23:26.000,-30.2822265625,
2023/08/02 11:23:29.000,-30.3193359375,
2023/08/02 11:23:35.000,-30.357421875,
2023/08/02 11:23:38.000,-30.4453125,
2023/08/02 11:23:43.000,-30.4677734375,
2023/08/02 11:23:47.000,-30.435546875,
2023/08/02 11:23:57.000,-30.5810546875,
2023/08/02 11:24:03.000,-30.576171875,
2023/08/02 11:24:08.000,-30.640625,
2023/08/02 11:24:13.000,-30.654296875,
2023/08/02 11:24:23.000,-30.583984375,
2023/08/02 11:24:27.000,-30.6318359375,
2023/08/02 11:24:32.000,-30.6552734375,
2023/08/02 11:24:35.000,-30.630859375,
2023/08/02 11:24:38.000,-30.6748046875,
2023/08/02 11:24:43.000,-30.6455078125,
2023/08/02 11:24:46.000,-30.630859375,
2023/08/02 11:24:53.000,-30.63671875,
2023/08/02 11:24:56.000,-30.5908203125,
2023/08/02 11:25:03.000,-30.5205078125,
2023/08/02 11:25:07.000,-30.5537109375,
2023/08/02 11:25:16.000,-30.54296875,
2023/08/02 11:25:19.000,-30.5693359375,
2023/08/02 11:25:23.000,-30.486328125,
2023/08/02 11:25:26.000,-30.537109375,
2023/08/02 11:25:33.000,-30.5556640625,
2023/08/02 11:25:37.000,-30.4169921875,
2023/08/02 11:25:44.000,-30.486328125,
2023/08/02 11:25:47.000,-30.3984375,
2023/08/02 11:25:53.000,-30.3701171875,
2023/08/02 11:25:57.000,-30.3974609375,
2023/08/02 11:26:04.000,-30.423828125,
2023/08/02 11:26:07.000,-30.337890625,
2023/08/02 11:26:10.000,-30.4052734375,
2023/08/02 11:26:15.000,-30.3369140625,
2023/08/02 11:26:20.000,-30.2890625,
2023/08/02 11:26:24.000,-30.263671875,
2023/08/02 11:26:30.000,-30.244140625,
2023/08/02 11:26:35.000,-30.2978515625,
2023/08/02 11:26:37.000,-30.31640625,
2023/08/02 11:26:43.000,-30.2216796875,
2023/08/02 11:26:47.000,-30.2685546875,
2023/08/02 11:26:50.000,-30.2861328125,
2023/08/02 11:26:54.000,-30.3349609375,
2023/08/02 11:27:00.000,-30.2880859375,
2023/08/02 11:27:05.000,-30.3818359375,
2023/08/02 11:27:08.000,-30.3095703125,
2023/08/02 11:27:13.000,-30.306640625,
2023/08/02 11:27:16.000,-30.2958984375,
2023/08/02 11:27:19.000,-30.3076171875,
2023/08/02 11:27:23.000,-30.3203125,
2023/08/02 11:27:26.000,-30.2958984375,
2023/08/02 11:27:33.000,-30.40234375,
2023/08/02 11:27:37.000,-30.3818359375,
2023/08/02 11:27:44.000,-30.515625,
2023/08/02 11:27:47.000,-30.5517578125,
2023/08/02 11:27:50.000,-30.607421875,
2023/08/02 11:27:55.000,-30.5830078125,
2023/08/02 11:27:57.000,-30.54296875,
2023/08/02 11:28:03.000,-30.5283203125,
2023/08/02 11:28:07.000,-30.5146484375,
2023/08/02 11:28:10.000,-30.5322265625,
2023/08/02 11:28:15.000,-30.564453125,
2023/08/02 11:28:18.000,-30.5205078125,
2023/08/02 11:28:22.000,-30.5693359375,
2023/08/02 11:28:26.000,-30.52734375,
2023/08/02 11:28:33.000,-30.51953125,
2023/08/02 11:28:37.000,-30.5302734375,
2023/08/02 11:28:44.000,-30.5947265625,
2023/08/02 11:28:47.000,-30.5224609375,
2023/08/02 11:28:53.000,-30.5107421875,
2023/08/02 11:28:57.000,-30.41796875,
2023/08/02 11:29:08.000,-30.4912109375,
2023/08/02 11:29:11.000,-30.466796875,
2023/08/02 11:29:14.000,-30.4970703125,
2023/08/02 11:29:17.000,-30.46484375,
2023/08/02 11:29:20.000,-30.478515625,
2023/08/02 11:29:25.000,-30.4716796875,
2023/08/02 11:29:34.000,-30.427734375,
2023/08/02 11:29:44.000,-30.3701171875,
2023/08/02 11:29:54.000,-30.31640625,
2023/08/02 11:30:00.000,-30.376953125,
2023/08/02 11:30:05.000,-30.3388671875,
2023/08/02 11:30:08.000,-30.3095703125,
2023/08/02 11:30:13.000,-30.22265625,
2023/08/02 11:30:17.000,-30.26953125,
2023/08/02 11:30:23.000,-30.2890625,
2023/08/02 11:30:26.000,-30.2490234375,
2023/08/02 11:30:29.000,-30.2421875,
2023/08/02 11:30:33.000,-30.2587890625,
2023/08/02 11:30:36.000,-30.302734375,
2023/08/02 11:30:39.000,-30.265625,
2023/08/02 11:30:45.000,-30.28125,
2023/08/02 11:30:54.000,-30.2578125,
2023/08/02 11:30:57.000,-30.3134765625,
2023/08/02 11:31:01.000,-30.3154296875,
2023/08/02 11:31:05.000,-30.3818359375,
2023/08/02 11:31:08.000,-30.3994140625,
2023/08/02 11:31:11.000,-30.4140625,
2023/08/02 11:31:16.000,-30.3525390625,
2023/08/02 11:31:23.000,-30.431640625,
2023/08/02 11:31:27.000,-30.4638671875,
2023/08/02 11:31:35.000,-30.53515625,
2023/08/02 11:31:39.000,-30.626953125,
2023/08/02 11:31:46.000,-30.6640625,
2023/08/02 11:31:49.000,-30.6455078125,
2023/08/02 11:32:04.000,-30.6572265625,
2023/08/02 11:32:10.000,-30.609375,
2023/08/02 11:32:15.000,-30.6552734375,
2023/08/02 11:32:18.000,-30.6953125,
2023/08/02 11:32:21.000,-30.6044921875,
2023/08/02 11:32:26.000,-30.6630859375,
2023/08/02 11:32:29.000,-30.671875,
2023/08/02 11:32:35.000,-30.5615234375,
2023/08/02 11:32:38.000,-30.6162109375,
2023/08/02 11:32:41.000,-30.5947265625,
2023/08/02 11:32:46.000,-30.5537109375,
2023/08/02 11:32:54.000,-30.560546875,
2023/08/02 11:33:00.000,-30.5517578125,
2023/08/02 11:33:05.000,-30.5400390625,
2023/08/02 11:33:08.000,-30.4912109375,
2023/08/02 11:33:11.000,-30.5068359375,
2023/08/02 11:33:16.000,-30.5791015625,
2023/08/02 11:33:19.000,-30.5185546875,
2023/08/02 11:33:24.000,-30.5087890625,
2023/08/02 11:33:27.000,-30.4873046875,
2023/08/02 11:33:31.000,-30.44921875,
2023/08/02 11:33:36.000,-30.4404296875,
2023/08/02 11:33:47.000,-30.40234375,
2023/08/02 11:33:49.000,-30.3837890625,
2023/08/02 11:33:56.000,-30.287109375,
2023/08/02 11:33:59.000,-30.2998046875,
2023/08/02 11:34:05.000,-30.19140625,
2023/08/02 11:34:08.000,-30.2373046875,
2023/08/02 11:34:11.000,-30.2412109375,
2023/08/02 11:34:15.000,-30.1845703125,
2023/08/02 11:34:18.000,-30.181640625,
2023/08/02 11:34:26.000,-30.2158203125,
2023/08/02 11:34:29.000,-30.10546875,
2023/08/02 11:34:35.000,-30.1669921875,
2023/08/02 11:34:55.000,-30.236328125,
2023/08/02 11:34:59.000,-30.1943359375,
2023/08/02 11:35:03.000,-30.2021484375,
2023/08/02 11:35:07.000,-30.1611328125,
2023/08/02 11:35:14.000,-30.2548828125,
2023/08/02 11:35:18.000,-30.3017578125,
2023/08/02 11:35:21.000,-30.326171875,
2023/08/02 11:35:26.000,-30.3701171875,
2023/08/02 11:35:34.000,-30.3671875,
2023/08/02 11:35:37.000,-30.4072265625,
2023/08/02 11:35:40.000,-30.4462890625,
2023/08/02 11:35:50.000,-30.44140625,
2023/08/02 11:35:55.000,-30.46484375,
2023/08/02 11:35:58.000,-30.388671875,
2023/08/02 11:36:17.000,-30.51171875,
2023/08/02 11:36:21.000,-30.4375,
2023/08/02 11:36:25.000,-30.4833984375,
2023/08/02 11:36:29.000,-30.4072265625,
2023/08/02 11:36:39.000,-30.4931640625,
2023/08/02 11:36:45.000,-30.3720703125,
2023/08/02 11:36:48.000,-30.423828125,
2023/08/02 11:36:51.000,-30.41796875,
2023/08/02 11:36:56.000,-30.3671875,
2023/08/02 11:37:04.000,-30.3349609375,
2023/08/02 11:37:07.000,-30.3740234375,
2023/08/02 11:37:16.000,-30.3564453125,
2023/08/02 11:37:19.000,-30.4033203125,
2023/08/02 11:37:23.000,-30.357421875,
2023/08/02 11:37:27.000,-30.341796875,
2023/08/02 11:37:31.000,-30.2724609375,
2023/08/02 11:37:35.000,-30.3154296875,
2023/08/02 11:37:50.000,-30.263671875,
2023/08/02 11:37:55.000,-30.23046875,
2023/08/02 11:37:58.000,-30.1748046875,
2023/08/02 11:38:01.000,-30.205078125,
2023/08/02 11:38:06.000,-30.21875,
2023/08/02 11:38:09.000,-30.220703125,
2023/08/02 11:38:14.000,-30.2158203125,
2023/08/02 11:38:18.000,-30.1796875,
2023/08/02 11:38:21.000,-30.263671875,
2023/08/02 11:38:26.000,-30.2763671875,
2023/08/02 11:38:29.000,-30.208984375,
2023/08/02 11:38:35.000,-30.2373046875,
2023/08/02 11:38:45.000,-30.302734375,
2023/08/02 11:38:48.000,-30.279296875,
2023/08/02 11:38:53.000,-30.34375,
2023/08/02 11:38:57.000,-30.38671875,
2023/08/02 11:38:59.000,-30.4423828125,
2023/08/02 11:39:05.000,-30.4853515625,
2023/08/02 11:39:16.000,-30.5341796875,
2023/08/02 11:39:19.000,-30.5986328125,
2023/08/02 11:39:28.000,-30.646484375,
2023/08/02 11:39:31.000,-30.5673828125,
2023/08/02 11:39:36.000,-30.5654296875,
2023/08/02 11:39:39.000,-30.54296875,
2023/08/02 11:39:44.000,-30.5625,
2023/08/02 11:39:48.000,-30.552734375,
2023/08/02 11:39:58.000,-30.59375,
2023/08/02 11:40:17.000,-30.595703125,
2023/08/02 11:40:21.000,-30.556640625,
2023/08/02 11:40:25.000,-30.5166015625,
2023/08/02 11:40:29.000,-30.5849609375,
2023/08/02 11:40:35.000,-30.59375,
2023/08/02 11:40:39.000,-30.5537109375,
2023/08/02 11:40:44.000,-30.57421875,
2023/08/02 11:40:47.000,-30.53515625,
2023/08/02 11:41:00.000,-30.4267578125,
2023/08/02 11:41:05.000,-30.37890625,
2023/08/02 11:41:08.000,-30.384765625,
2023/08/02 11:41:11.000,-30.3447265625,
2023/08/02 11:41:18.000,-30.37109375,
2023/08/02 11:41:21.000,-30.3818359375,
2023/08/02 11:41:27.000,-30.2958984375,
2023/08/02 11:41:30.000,-30.31640625,
2023/08/02 11:41:35.000,-30.3251953125,
2023/08/02 11:41:50.000,-30.3115234375,
2023/08/02 11:41:55.000,-30.3349609375,
2023/08/02 11:41:58.000,-30.337890625,
2023/08/02 11:42:01.000,-30.3203125,
2023/08/02 11:42:07.000,-30.208984375,
2023/08/02 11:42:28.000,-30.3154296875,
2023/08/02 11:42:31.000,-30.4091796875,
2023/08/02 11:42:35.000,-30.306640625,
2023/08/02 11:42:40.000,-30.39453125,
2023/08/02 11:42:45.000,-30.376953125,
2023/08/02 11:42:54.000,-30.4921875,
2023/08/02 11:42:57.000,-30.5234375,
2023/08/02 11:43:00.000,-30.4912109375,
2023/08/02 11:43:05.000,-30.533203125,
2023/08/02 11:43:14.000,-30.5849609375,
2023/08/02 11:43:17.000,-30.58984375,
2023/08/02 11:43:20.000,-30.6298828125,
2023/08/02 11:43:25.000,-30.57421875,
2023/08/02 11:43:34.000,-30.5947265625,
2023/08/02 11:43:37.000,-30.5810546875,
2023/08/02 11:43:50.000,-30.5380859375,
2023/08/02 11:43:52.000,-30.564453125,
2023/08/02 11:43:58.000,-30.552734375,
2023/08/02 11:44:01.000,-30.5458984375,
2023/08/02 11:44:07.000,-30.4912109375,
2023/08/02 11:44:16.000,-30.435546875,
2023/08/02 11:44:19.000,-30.38671875,
2023/08/02 11:44:28.000,-30.4560546875,
2023/08/02 11:44:31.000,-30.40234375,
2023/08/02 11:44:37.000,-30.439453125,
2023/08/02 11:44:40.000,-30.375,
2023/08/02 11:44:45.000,-30.384765625,
2023/08/02 11:44:55.000,-30.3505859375,
2023/08/02 11:44:59.000,-30.388671875,
2023/08/02 11:45:04.000,-30.3896484375,
2023/08/02 11:45:07.000,-30.283203125,
2023/08/02 11:45:10.000,-30.3349609375,
2023/08/02 11:45:15.000,-30.3134765625,
2023/08/02 11:45:18.000,-30.384765625,
2023/08/02 11:45:25.000,-30.294921875,
2023/08/02 11:45:29.000,-30.3134765625,
2023/08/02 11:45:44.000,-30.306640625,
2023/08/02 11:45:48.000,-30.2236328125,
2023/08/02 11:45:51.000,-30.2509765625,
2023/08/02 11:45:57.000,-30.30078125,
2023/08/02 11:46:00.000,-30.2890625,
2023/08/02 11:46:05.000,-30.30078125,
2023/08/02 11:46:08.000,-30.27734375,
2023/08/02 11:46:15.000,-30.30078125,
2023/08/02 11:46:19.000,-30.3203125,
2023/08/02 11:46:31.000,-30.3603515625,
2023/08/02 11:46:38.000,-30.31640625,
2023/08/02 11:46:41.000,-30.4169921875,
2023/08/02 11:46:51.000,-30.6025390625,
2023/08/02 11:46:57.000,-30.5380859375,
2023/08/02 11:47:00.000,-30.57421875,
2023/08/02 11:47:10.000,-30.5703125,
2023/08/02 11:47:14.000,-30.5927734375,
2023/08/02 11:47:16.000,-30.5771484375,
2023/08/02 11:47:19.000,-30.6064453125,
2023/08/02 11:47:25.000,-30.630859375,
2023/08/02 11:47:28.000,-30.6640625,
2023/08/02 11:47:31.000,-30.6015625,
2023/08/02 11:47:38.000,-30.56640625,
2023/08/02 11:47:41.000,-30.5810546875,
2023/08/02 11:47:56.000,-30.51953125,
2023/08/02 11:47:59.000,-30.515625,
2023/08/02 11:48:05.000,-30.451171875,
2023/08/02 11:48:09.000,-30.4873046875,
2023/08/02 11:48:18.000,-30.4580078125,
2023/08/02 11:48:21.000,-30.4794921875,
2023/08/02 11:48:28.000,-30.490234375,
2023/08/02 11:48:31.000,-30.44140625,
2023/08/02 11:48:38.000,-30.4130859375,
2023/08/02 11:48:41.000,-30.357421875,
2023/08/02 11:48:48.000,-30.267578125,
2023/08/02 11:48:51.000,-30.3720703125,
2023/08/02 11:49:05.000,-30.4267578125,
2023/08/02 11:49:09.000,-30.3251953125,
2023/08/02 11:49:29.000,-30.314453125,
2023/08/02 11:49:32.000,-30.34375,
2023/08/02 11:49:37.000,-30.3154296875,
2023/08/02 11:49:39.000,-30.3193359375,
2023/08/02 11:49:45.000,-30.3427734375,
2023/08/02 11:49:49.000,-30.3046875,
2023/08/02 11:49:52.000,-30.28125,
2023/08/02 11:49:57.000,-30.3291015625,
2023/08/02 11:50:01.000,-30.333984375,
2023/08/02 11:50:07.000,-30.3046875,
2023/08/02 11:50:10.000,-30.294921875,
2023/08/02 11:50:16.000,-30.3994140625,
2023/08/02 11:50:19.000,-30.3935546875,
2023/08/02 11:50:22.000,-30.4296875,
2023/08/02 11:50:27.000,-30.4599609375,
2023/08/02 11:50:30.000,-30.466796875,
2023/08/02 11:50:36.000,-30.458984375,
2023/08/02 11:50:39.000,-30.4873046875,
2023/08/02 11:50:45.000,-30.5341796875,
2023/08/02 11:50:48.000,-30.56640625,
2023/08/02 11:50:58.000,-30.611328125,
2023/08/02 11:51:01.000,-30.6884765625,
2023/08/02 11:51:08.000,-30.693359375,
2023/08/02 11:51:11.000,-30.7021484375,
2023/08/02 11:51:29.000,-30.7373046875,
2023/08/02 11:51:31.000,-30.78515625,
2023/08/02 11:51:37.000,-30.7255859375,
2023/08/02 11:51:53.000,-30.6953125,
2023/08/02 11:51:57.000,-30.69140625,
2023/08/02 11:52:00.000,-30.708984375,
2023/08/02 11:52:03.000,-30.66796875,
2023/08/02 11:52:08.000,-30.640625,
2023/08/02 11:52:27.000,-30.4970703125,
2023/08/02 11:52:31.000,-30.4677734375,
2023/08/02 11:52:35.000,-30.478515625,
2023/08/02 11:52:38.000,-30.509765625,
2023/08/02 11:52:41.000,-30.4970703125,
2023/08/02 11:52:45.000,-30.50390625,
2023/08/02 11:52:49.000,-30.365234375,
2023/08/02 11:52:55.000,-30.4326171875,
2023/08/02 11:52:59.000,-30.4306640625,
2023/08/02 11:53:19.000,-30.287109375,
2023/08/02 11:53:23.000,-30.306640625,
2023/08/02 11:53:27.000,-30.3056640625,
2023/08/02 11:53:30.000,-30.2978515625,
2023/08/02 11:53:47.000,-30.3232421875,
2023/08/02 11:53:50.000,-30.3857421875,
2023/08/02 11:54:00.000,-30.337890625,
2023/08/02 11:54:03.000,-30.4462890625,
2023/08/02 11:54:08.000,-30.5,
2023/08/02 11:54:11.000,-30.458984375,
2023/08/02 11:54:16.000,-30.5849609375,
2023/08/02 11:54:19.000,-30.5615234375,
2023/08/02 11:54:23.000,-30.6064453125,
2023/08/02 11:54:28.000,-30.5146484375,
2023/08/02 11:54:36.000,-30.490234375,
2023/08/02 11:54:39.000,-30.4482421875,
2023/08/02 11:54:45.000,-30.599609375,
2023/08/02 11:54:49.000,-30.51953125,
2023/08/02 11:54:55.000,-30.546875,
2023/08/02 11:54:59.000,-30.5009765625,
2023/08/02 11:55:02.000,-30.533203125,
2023/08/02 11:55:06.000,-30.546875,
2023/08/02 11:55:12.000,-30.466796875,
2023/08/02 11:55:17.000,-30.3984375,
2023/08/02 11:55:30.000,-30.4580078125,
2023/08/02 11:55:33.000,-30.4267578125,
2023/08/02 11:55:38.000,-30.5009765625,
2023/08/02 11:55:51.000,-30.4267578125,
2023/08/02 11:56:02.000,-30.34765625,
2023/08/02 11:56:07.000,-30.2744140625,
2023/08/02 11:56:10.000,-30.3505859375,
2023/08/02 11:56:13.000,-30.38671875,
2023/08/02 11:56:18.000,-30.3193359375,
2023/08/02 11:56:21.000,-30.3076171875,
2023/08/02 11:56:26.000,-30.2978515625,
2023/08/02 11:56:30.000,-30.3251953125,
2023/08/02 11:56:33.000,-30.3466796875,
2023/08/02 11:56:38.000,-30.314453125,
2023/08/02 11:56:41.000,-30.29296875,
2023/08/02 11:56:46.000,-30.2578125,
2023/08/02 11:56:48.000,-30.2412109375,
2023/08/02 11:56:51.000,-30.1650390625,
2023/08/02 11:56:56.000,-30.1904296875,
2023/08/02 11:56:59.000,-30.1376953125,
2023/08/02 11:57:09.000,-30.0908203125,
2023/08/02 11:57:13.000,-30.123046875,
2023/08/02 11:57:18.000,-30.14453125,
2023/08/02 11:57:21.000,-30.1650390625,
2023/08/02 11:57:27.000,-30.1806640625,
2023/08/02 11:57:32.000,-30.1337890625,
2023/08/02 11:57:36.000,-30.2041015625,
2023/08/02 11:57:42.000,-30.2646484375,
2023/08/02 11:57:47.000,-30.29296875,
2023/08/02 11:57:50.000,-30.296875,
2023/08/02 11:58:00.000,-30.3251953125,
2023/08/02 11:58:03.000,-30.29296875,
2023/08/02 11:58:08.000,-30.31640625,
2023/08/02 11:58:11.000,-30.2880859375,
2023/08/02 11:58:16.000,-30.365234375,
2023/08/02 11:58:20.000,-30.4033203125,
2023/08/02 11:58:26.000,-30.3798828125,
2023/08/02 11:58:29.000,-30.4169921875,
2023/08/02 11:58:35.000,-30.3330078125,
2023/08/02 11:58:39.000,-30.3564453125,
2023/08/02 11:58:48.000,-30.38671875,
2023/08/02 11:58:51.000,-30.3330078125,
2023/08/02 11:58:58.000,-30.3583984375,
2023/08/02 11:59:01.000,-30.2880859375,
2023/08/02 11:59:05.000,-30.35546875,
2023/08/02 11:59:11.000,-30.3525390625,
2023/08/02 11:59:17.000,-30.38671875,
2023/08/02 11:59:22.000,-30.328125,
2023/08/02 11:59:27.000,-30.3515625,
2023/08/02 11:59:32.000,-30.31640625,
2023/08/02 11:59:37.000,-30.2978515625,
2023/08/02 11:59:40.000,-30.2177734375,
2023/08/02 11:59:43.000,-30.1630859375,
2023/08/02 11:59:48.000,-30.1357421875,
2023/08/02 12:00:01.000,-30.1611328125,
2023/08/02 12:00:07.000,-30.0859375,
2023/08/02 12:00:10.000,-30.1337890625,
2023/08/02 12:00:20.000,-30.046875,
2023/08/02 12:00:23.000,-30.0859375,
2023/08/02 12:00:28.000,-30.072265625,
2023/08/02 12:00:31.000,-30.1025390625,
2023/08/02 12:00:36.000,-30.0595703125,
2023/08/02 12:00:40.000,-30.056640625,
2023/08/02 12:00:46.000,-30.0595703125,
2023/08/02 12:00:49.000,-30.119140625,
2023/08/02 12:00:55.000,-30.107421875,
2023/08/02 12:00:59.000,-30.078125,
2023/08/02 12:01:01.000,-30.1240234375,
2023/08/02 12:01:07.000,-30.09765625,
2023/08/02 12:01:12.000,-30.0517578125,
2023/08/02 12:01:17.000,-30.0654296875,
2023/08/02 12:01:20.000,-30.064453125,
2023/08/02 12:01:23.000,-30.048828125,
2023/08/02 12:01:28.000,-30.0966796875,
2023/08/02 12:01:31.000,-30.08203125,
2023/08/02 12:01:36.000,-30.1279296875,
2023/08/02 12:01:40.000,-30.142578125,
2023/08/02 12:01:43.000,-30.2041015625,
2023/08/02 12:01:48.000,-30.171875,
2023/08/02 12:01:51.000,-30.2041015625,
2023/08/02 12:01:56.000,-30.2587890625,
2023/08/02 12:01:58.000,-30.2080078125,
2023/08/02 12:02:01.000,-30.2041015625,
2023/08/02 12:02:06.000,-30.240234375,
2023/08/02 12:02:09.000,-30.2685546875,
2023/08/02 12:02:19.000,-30.279296875,
2023/08/02 12:02:23.000,-30.2998046875,
2023/08/02 12:02:27.000,-30.25390625,
2023/08/02 12:02:31.000,-30.2958984375,
2023/08/02 12:02:37.000,-30.392578125,
2023/08/02 12:02:42.000,-30.365234375,
2023/08/02 12:02:47.000,-30.4228515625,
2023/08/02 12:02:52.000,-30.46875,
2023/08/02 12:02:57.000,-30.455078125,
2023/08/02 12:03:02.000,-30.4912109375,
2023/08/02 12:03:07.000,-30.4833984375,
2023/08/02 12:03:15.000,-30.3623046875,
2023/08/02 12:03:19.000,-30.3935546875,
2023/08/02 12:03:21.000,-30.4091796875,
2023/08/02 12:03:27.000,-30.408203125,
2023/08/02 12:03:30.000,-30.4267578125,
2023/08/02 12:03:40.000,-30.38671875,
2023/08/02 12:03:43.000,-30.39453125,
2023/08/02 12:03:52.000,-30.375,
2023/08/02 12:03:57.000,-30.34375,
2023/08/02 12:04:05.000,-30.2783203125,
2023/08/02 12:04:09.000,-30.2001953125,
2023/08/02 12:04:12.000,-30.2734375,
2023/08/02 12:04:14.000,-30.2685546875,
2023/08/02 12:04:18.000,-30.212890625,
2023/08/02 12:04:21.000,-30.279296875,
2023/08/02 12:04:31.000,-30.1767578125,
2023/08/02 12:04:36.000,-30.15234375,
2023/08/02 12:04:39.000,-30.1572265625,
2023/08/02 12:04:42.000,-30.1005859375,
2023/08/02 12:04:48.000,-30.1103515625,
2023/08/02 12:04:51.000,-30.1484375,
2023/08/02 12:04:54.000,-30.09375,
2023/08/02 12:04:58.000,-30.087890625,
2023/08/02 12:05:01.000,-30.08203125,
2023/08/02 12:05:07.000,-30.0986328125,
2023/08/02 12:05:11.000,-30.14453125,
2023/08/02 12:05:13.000,-30.130859375,
2023/08/02 12:05:19.000,-30.1123046875,
2023/08/02 12:05:34.000,-30.169921875,
2023/08/02 12:05:38.000,-30.1513671875,
2023/08/02 12:05:40.000,-30.123046875,
2023/08/02 12:05:43.000,-30.1484375,
2023/08/02 12:05:49.000,-30.19140625,
2023/08/02 12:05:52.000,-30.1904296875,
2023/08/02 12:05:57.000,-30.1845703125,
2023/08/02 12:06:07.000,-30.302734375,
2023/08/02 12:06:11.000,-30.310546875,
2023/08/02 12:06:16.000,-30.2861328125,
2023/08/02 12:06:19.000,-30.3466796875,
2023/08/02 12:06:22.000,-30.439453125,
2023/08/02 12:06:27.000,-30.427734375,
2023/08/02 12:06:30.000,-30.423828125,
2023/08/02 12:06:34.000,-30.4365234375,
2023/08/02 12:06:38.000,-30.4140625,
2023/08/02 12:06:41.000,-30.37109375,
2023/08/02 12:06:48.000,-30.2412109375,
2023/08/02 12:06:51.000,-30.28125,
2023/08/02 12:06:57.000,-30.302734375,
2023/08/02 12:07:07.000,-30.3251953125,
2023/08/02 12:07:09.000,-30.3017578125,
2023/08/02 12:07:13.000,-30.3701171875,
2023/08/02 12:07:19.000,-30.291015625,
2023/08/02 12:07:24.000,-30.2236328125,
2023/08/02 12:07:28.000,-30.2685546875,
2023/08/02 12:07:40.000,-30.1201171875,
2023/08/02 12:07:47.000,-30.1494140625,
2023/08/02 12:07:51.000,-30.1005859375,
2023/08/02 12:08:07.000,-30.0966796875,
2023/08/02 12:08:10.000,-30.083984375,
2023/08/02 12:08:14.000,-30.123046875,
2023/08/02 12:08:18.000,-30.0224609375,
2023/08/02 12:08:28.000,-30.0166015625,
2023/08/02 12:08:31.000,-30.0068359375,
2023/08/02 12:08:34.000,-29.9423828125,
2023/08/02 12:08:38.000,-29.90625,
2023/08/02 12:08:48.000,-29.97265625,
2023/08/02 12:08:51.000,-29.9765625,
2023/08/02 12:09:00.000,-29.9443359375,
2023/08/02 12:09:03.000,-30.0439453125,
2023/08/02 12:09:09.000,-30.0234375,
2023/08/02 12:09:14.000,-30.048828125,
2023/08/02 12:09:18.000,-30.1123046875,
2023/08/02 12:09:22.000,-30.08203125,
2023/08/02 12:09:24.000,-30.130859375,
2023/08/02 12:09:27.000,-30.12890625,
2023/08/02 12:09:30.000,-30.1513671875,
2023/08/02 12:09:33.000,-30.1982421875,
2023/08/02 12:09:39.000,-30.216796875,
2023/08/02 12:09:42.000,-30.2880859375,
2023/08/02 12:09:47.000,-30.203125,
2023/08/02 12:09:57.000,-30.2607421875,
2023/08/02 12:10:01.000,-30.255859375,
2023/08/02 12:10:06.000,-30.35546875,
2023/08/02 12:10:09.000,-30.2685546875,
2023/08/02 12:10:12.000,-30.3330078125,
2023/08/02 12:10:17.000,-30.3203125,
2023/08/02 12:10:20.000,-30.33203125,
2023/08/02 12:10:24.000,-30.314453125,
2023/08/02 12:10:29.000,-30.23046875,
2023/08/02 12:10:31.000,-30.265625,
2023/08/02 12:10:37.000,-30.3203125,
2023/08/02 12:10:41.000,-30.314453125,
2023/08/02 12:10:44.000,-30.306640625,
2023/08/02 12:10:49.000,-30.31640625,
2023/08/02 12:10:52.000,-30.314453125,
2023/08/02 12:10:57.000,-30.3017578125,
2023/08/02 12:11:04.000,-30.2724609375,
2023/08/02 12:11:09.000,-30.251953125,
2023/08/02 12:11:18.000,-30.154296875,
2023/08/02 12:11:20.000,-30.09765625,
2023/08/02 12:11:23.000,-30.115234375,
2023/08/02 12:11:27.000,-30.0732421875,
2023/08/02 12:11:31.000,-30.1015625,
2023/08/02 12:11:34.000,-30.0361328125,
2023/08/02 12:11:39.000,-29.9853515625,
2023/08/02 12:11:42.000,-30.00390625,
2023/08/02 12:11:47.000,-29.95703125,
2023/08/02 12:11:52.000,-29.9912109375,
2023/08/02 12:11:57.000,-30.0224609375,
2023/08/02 12:12:02.000,-29.9755859375,
2023/08/02 12:12:07.000,-29.9423828125,
2023/08/02 12:12:12.000,-29.9677734375,
2023/08/02 12:12:17.000,-29.9140625,
2023/08/02 12:12:22.000,-30.0322265625,
2023/08/02 12:12:32.000,-30.0146484375,
2023/08/02 12:12:35.000,-30.0458984375,
2023/08/02 12:12:38.000,-30.0625,
2023/08/02 12:12:44.000,-30.021484375,
2023/08/02 12:12:49.000,-29.9892578125,
2023/08/02 12:12:52.000,-29.998046875,
2023/08/02 12:12:55.000,-29.970703125,
2023/08/02 12:12:59.000,-29.9716796875,
2023/08/02 12:13:08.000,-30.0361328125,
2023/08/02 12:13:14.000,-30.0771484375,
2023/08/02 12:13:19.000,-30.1064453125,
2023/08/02 12:13:22.000,-30.1474609375,
2023/08/02 12:13:28.000,-30.2099609375,
2023/08/02 12:13:31.000,-30.1357421875,
2023/08/02 12:13:37.000,-30.287109375,
2023/08/02 12:13:53.000,-30.2392578125,
2023/08/02 12:13:55.000,-30.1953125,
2023/08/02 12:14:00.000,-30.232421875,
2023/08/02 12:14:03.000,-30.158203125,
2023/08/02 12:14:09.000,-30.2177734375,
2023/08/02 12:14:14.000,-30.2099609375,
2023/08/02 12:14:19.000,-30.2236328125,
2023/08/02 12:14:22.000,-30.2265625,
2023/08/02 12:14:39.000,-30.2451171875,
2023/08/02 12:14:48.000,-30.15625,
2023/08/02 12:15:00.000,-30.1494140625,
2023/08/02 12:15:03.000,-30.056640625,
2023/08/02 12:15:08.000,-29.9912109375,
2023/08/02 12:15:11.000,-30.03125,
2023/08/02 12:15:15.000,-30.048828125,
2023/08/02 12:15:20.000,-30.0634765625,
2023/08/02 12:15:23.000,-30.0458984375,
2023/08/02 12:15:29.000,-30.0166015625,
2023/08/02 12:15:31.000,-30.0361328125,
2023/08/02 12:15:35.000,-29.99609375,
2023/08/02 12:15:40.000,-29.9658203125,
2023/08/02 12:15:48.000,-29.9013671875,
2023/08/02 12:15:51.000,-29.9208984375,
2023/08/02 12:16:01.000,-29.9931640625,
2023/08/02 12:16:03.000,-29.912109375,
2023/08/02 12:16:10.000,-29.751953125,
2023/08/02 12:16:13.000,-29.8125,
2023/08/02 12:16:28.000,-29.78125,
2023/08/02 12:16:31.000,-29.7822265625,
2023/08/02 12:16:37.000,-29.8701171875,
2023/08/02 12:16:42.000,-29.8916015625,
2023/08/02 12:16:47.000,-29.9111328125,
2023/08/02 12:16:51.000,-29.9052734375,
2023/08/02 12:16:54.000,-29.90234375,
2023/08/02 12:16:58.000,-30.033203125,
2023/08/02 12:17:04.000,-30.0419921875,
2023/08/02 12:17:09.000,-30.1142578125,
2023/08/02 12:17:12.000,-30.08203125,
2023/08/02 12:17:22.000,-30.1630859375,
2023/08/02 12:17:25.000,-30.171875,
2023/08/02 12:17:30.000,-30.2314453125,
2023/08/02 12:17:33.000,-30.2744140625,
2023/08/02 12:17:38.000,-30.203125,
2023/08/02 12:17:42.000,-30.283203125,
2023/08/02 12:17:48.000,-30.158203125,
2023/08/02 12:17:51.000,-30.193359375,
2023/08/02 12:17:57.000,-30.2177734375,
2023/08/02 12:18:01.000,-30.31640625,
2023/08/02 12:18:03.000,-30.3115234375,
2023/08/02 12:18:07.000,-30.2255859375,
2023/08/02 12:18:11.000,-30.2451171875,
2023/08/02 12:18:15.000,-30.240234375,
2023/08/02 12:18:19.000,-30.2880859375,
2023/08/02 12:18:32.000,-30.10546875,
2023/08/02 12:18:35.000,-30.1611328125,
2023/08/02 12:18:39.000,-30.0771484375,
2023/08/02 12:18:43.000,-30.0888671875,
2023/08/02 12:18:48.000,-30.0693359375,
2023/08/02 12:18:52.000,-30.0517578125,
2023/08/02 12:18:54.000,-30.0732421875,
2023/08/02 12:18:59.000,-30.09765625,
2023/08/02 12:19:03.000,-30.0400390625,
2023/08/02 12:19:08.000,-30.025390625,
2023/08/02 12:19:10.000,-30.033203125,
2023/08/02 12:19:13.000,-29.9912109375,
2023/08/02 12:19:22.000,-29.9404296875,
2023/08/02 12:19:25.000,-30.013671875,
2023/08/02 12:19:30.000,-30.0361328125,
2023/08/02 12:19:38.000,-29.9580078125,
2023/08/02 12:19:41.000,-29.962890625,
2023/08/02 12:19:45.000,-29.95703125,
2023/08/02 12:19:50.000,-29.9716796875,
2023/08/02 12:19:53.000,-29.9658203125,
2023/08/02 12:19:59.000,-29.951171875,
2023/08/02 12:20:03.000,-29.9208984375,
2023/08/02 12:20:09.000,-29.9375,
2023/08/02 12:20:12.000,-30.0185546875,
2023/08/02 12:20:15.000,-29.8720703125,
2023/08/02 12:20:20.000,-29.9169921875,
2023/08/02 12:20:23.000,-29.8193359375,
2023/08/02 12:20:29.000,-29.9912109375,
2023/08/02 12:20:38.000,-29.994140625,
2023/08/02 12:20:41.000,-30.0263671875,
2023/08/02 12:20:44.000,-30.0068359375,
2023/08/02 12:20:49.000,-30.09765625,
2023/08/02 12:20:52.000,-30.1015625,
2023/08/02 12:20:55.000,-30.109375,
2023/08/02 12:21:00.000,-30.1259765625,
2023/08/02 12:21:03.000,-30.2080078125,
2023/08/02 12:21:09.000,-30.1328125,
2023/08/02 12:21:13.000,-30.1806640625,
2023/08/02 12:21:15.000,-30.14453125,
2023/08/02 12:21:28.000,-30.2412109375,
2023/08/02 12:21:31.000,-30.25,
2023/08/02 12:21:34.000,-30.203125,
2023/08/02 12:21:44.000,-30.2783203125,
2023/08/02 12:21:48.000,-30.21875,
2023/08/02 12:21:51.000,-30.330078125,
2023/08/02 12:21:54.000,-30.37109375,
2023/08/02 12:21:59.000,-30.3623046875,
2023/08/02 12:22:12.000,-30.2578125,
2023/08/02 12:22:15.000,-30.2275390625,
2023/08/02 12:22:20.000,-30.2705078125,
2023/08/02 12:22:37.000,-30.205078125,
2023/08/02 12:22:41.000,-30.1474609375,
2023/08/02 12:22:51.000,-30.142578125,
2023/08/02 12:22:53.000,-30.09765625,
2023/08/02 12:22:59.000,-30.12890625,
2023/08/02 12:23:02.000,-30.1484375,
2023/08/02 12:23:12.000,-30.0126953125,
2023/08/02 12:23:15.000,-30.0751953125,
2023/08/02 12:23:20.000,-30.0458984375,
2023/08/02 12:23:23.000,-30.05078125,
2023/08/02 12:23:28.000,-30.07421875,
2023/08/02 12:23:32.000,-30.03515625,
2023/08/02 12:23:38.000,-30.0029296875,
2023/08/02 12:23:41.000,-30.00390625,
2023/08/02 12:23:48.000,-29.927734375,
2023/08/02 12:23:51.000,-29.984375,
2023/08/02 12:24:08.000,-29.9990234375,
2023/08/02 12:24:12.000,-29.970703125,
2023/08/02 12:24:18.000,-30.046875,
2023/08/02 12:24:21.000,-30.03515625,
2023/08/02 12:24:28.000,-30.0029296875,
2023/08/02 12:24:31.000,-30.1015625,
2023/08/02 12:24:34.000,-30.1611328125,
2023/08/02 12:24:39.000,-30.1357421875,
2023/08/02 12:24:43.000,-30.158203125,
2023/08/02 12:24:53.000,-30.2216796875,
2023/08/02 12:24:55.000,-30.2880859375,
2023/08/02 12:25:01.000,-30.2958984375,
2023/08/02 12:25:04.000,-30.3759765625,
2023/08/02 12:25:09.000,-30.37109375,
2023/08/02 12:25:18.000,-30.4541015625,
2023/08/02 12:25:21.000,-30.388671875,
2023/08/02 12:25:24.000,-30.404296875,
2023/08/02 12:25:29.000,-30.3671875,
2023/08/02 12:25:33.000,-30.4541015625,
2023/08/02 12:25:38.000,-30.384765625,
2023/08/02 12:25:41.000,-30.423828125,
2023/08/02 12:25:44.000,-30.4599609375,
2023/08/02 12:25:46.000,-30.4609375,
2023/08/02 12:25:50.000,-30.39453125,
2023/08/02 12:25:53.000,-30.375,
2023/08/02 12:25:58.000,-30.4033203125,
2023/08/02 12:26:01.000,-30.3720703125,
2023/08/02 12:26:04.000,-30.46484375,
2023/08/02 12:26:09.000,-30.4208984375,
2023/08/02 12:26:22.000,-30.2861328125,
2023/08/02 12:26:25.000,-30.2587890625,
2023/08/02 12:26:31.000,-30.27734375,
2023/08/02 12:26:34.000,-30.291015625,
2023/08/02 12:26:39.000,-30.3349609375,
2023/08/02 12:26:48.000,-30.228515625,
2023/08/02 12:26:53.000,-30.205078125,
2023/08/02 12:27:02.000,-30.134765625,
2023/08/02 12:27:05.000,-30.2099609375,
2023/08/02 12:27:11.000,-30.1279296875,
2023/08/02 12:27:18.000,-30.1376953125,
2023/08/02 12:27:21.000,-30.1279296875,
2023/08/02 12:27:28.000,-30.109375,
2023/08/02 12:27:31.000,-30.138671875,
2023/08/02 12:27:35.000,-30.1376953125,
2023/08/02 12:27:40.000,-30.1328125,
2023/08/02 12:27:44.000,-30.138671875,
2023/08/02 12:27:49.000,-30.0498046875,
2023/08/02 12:27:53.000,-30.138671875,
2023/08/02 12:27:58.000,-30.02734375,
2023/08/02 12:28:01.000,-30.0888671875,
2023/08/02 12:28:06.000,-30.1328125,
2023/08/02 12:28:11.000,-30.158203125,
2023/08/02 12:28:14.000,-30.189453125,
2023/08/02 12:28:20.000,-30.16015625,
2023/08/02 12:28:23.000,-30.1669921875,
2023/08/02 12:28:32.000,-30.1630859375,
2023/08/02 12:28:35.000,-30.228515625,
2023/08/02 12:28:45.000,-30.21875,
2023/08/02 12:28:49.000,-30.244140625,
2023/08/02 12:28:59.000,-30.3330078125,
2023/08/02 12:29:03.000,-30.26953125,
2023/08/02 12:29:08.000,-30.28125,
2023/08/02 12:29:11.000,-30.255859375,
2023/08/02 12:29:14.000,-30.279296875,
2023/08/02 12:29:19.000,-30.2490234375,
2023/08/02 12:29:22.000,-30.212890625,
2023/08/02 12:29:26.000,-30.2275390625,
2023/08/02 12:29:30.000,-30.2470703125,
2023/08/02 12:29:35.000,-30.2451171875,
2023/08/02 12:29:39.000,-30.25390625,
2023/08/02 12:29:46.000,-30.2978515625,
2023/08/02 12:29:50.000,-30.26953125,
2023/08/02 12:30:02.000,-30.2216796875,
2023/08/02 12:30:05.000,-30.2509765625,
2023/08/02 12:30:14.000,-30.1533203125,
2023/08/02 12:30:18.000,-30.1240234375,
2023/08/02 12:30:21.000,-30.0791015625,
2023/08/02 12:30:24.000,-30.115234375,
2023/08/02 12:30:29.000,-30.1328125,
2023/08/02 12:30:45.000,-30.1142578125,
2023/08/02 12:30:48.000,-30.033203125,
2023/08/02 12:30:51.000,-30.0224609375,
2023/08/02 12:30:55.000,-29.994140625,
2023/08/02 12:30:59.000,-30.03515625,
2023/08/02 12:31:09.000,-29.9931640625,
2023/08/02 12:31:13.000,-29.896484375,
2023/08/02 12:31:18.000,-29.90625,
2023/08/02 12:31:21.000,-29.9033203125,
2023/08/02 12:31:29.000,-29.8369140625,
2023/08/02 12:31:33.000,-29.912109375,
2023/08/02 12:31:38.000,-29.974609375,
2023/08/02 12:31:41.000,-29.962890625,
2023/08/02 12:31:45.000,-29.95703125,
2023/08/02 12:31:49.000,-29.9306640625,
2023/08/02 12:31:52.000,-29.873046875,
2023/08/02 12:31:54.000,-29.87890625,
2023/08/02 12:31:58.000,-29.8876953125,
2023/08/02 12:32:00.000,-29.9111328125,
2023/08/02 12:32:03.000,-29.9189453125,
2023/08/02 12:32:09.000,-29.9423828125,
2023/08/02 12:32:23.000,-29.951171875,
2023/08/02 12:32:29.000,-30.0498046875,
2023/08/02 12:32:34.000,-30.109375,
2023/08/02 12:32:44.000,-30.009765625,
2023/08/02 12:32:48.000,-30.0927734375,
2023/08/02 12:32:51.000,-30.046875,
2023/08/02 12:32:54.000,-30.1103515625,
2023/08/02 12:32:59.000,-30.0888671875,
2023/08/02 12:33:02.000,-30.1484375,
2023/08/02 12:33:05.000,-30.0869140625,
2023/08/02 12:33:11.000,-30.1259765625,
2023/08/02 12:33:22.000,-30.07421875,
2023/08/02 12:33:25.000,-30.044921875,
2023/08/02 12:33:29.000,-29.994140625,
2023/08/02 12:33:32.000,-30.0361328125,
2023/08/02 12:33:39.000,-30.046875,
2023/08/02 12:33:43.000,-30.0185546875,
2023/08/02 12:34:10.000,-29.9248046875,
2023/08/02 12:34:12.000,-29.8798828125,
2023/08/02 12:34:20.000,-29.869140625,
2023/08/02 12:34:23.000,-29.939453125,
2023/08/02 12:34:29.000,-29.849609375,
2023/08/02 12:34:32.000,-29.92578125,
2023/08/02 12:34:40.000,-29.8369140625,
2023/08/02 12:34:43.000,-29.9169921875,
2023/08/02 12:34:49.000,-29.91015625,
2023/08/02 12:34:53.000,-29.826171875,
2023/08/02 12:34:59.000,-29.80078125,
2023/08/02 12:35:04.000,-29.8115234375,
2023/08/02 12:35:07.000,-29.8740234375,
2023/08/02 12:35:11.000,-29.875,
2023/08/02 12:35:14.000,-29.8828125,
2023/08/02 12:35:17.000,-29.7802734375,
2023/08/02 12:35:22.000,-29.7841796875,
2023/08/02 12:35:25.000,-29.82421875,
2023/08/02 12:35:30.000,-29.8369140625,
2023/08/02 12:35:33.000,-29.7470703125,
2023/08/02 12:35:37.000,-29.875,
2023/08/02 12:35:42.000,-29.8818359375,
2023/08/02 12:35:45.000,-29.8037109375,
2023/08/02 12:35:50.000,-29.8876953125,
2023/08/02 12:35:57.000,-29.9658203125,
2023/08/02 12:36:01.000,-29.986328125,
2023/08/02 12:36:04.000,-29.9951171875,
2023/08/02 12:36:07.000,-29.9931640625,
2023/08/02 12:36:12.000,-30.025390625,
2023/08/02 12:36:19.000,-30.0419921875,
2023/08/02 12:36:24.000,-30.0517578125,
2023/08/02 12:36:29.000,-29.9775390625,
2023/08/02 12:36:33.000,-30.0224609375,
2023/08/02 12:36:41.000,-30.03125,
2023/08/02 12:36:45.000,-30.1513671875,
2023/08/02 12:36:55.000,-30.1123046875,
2023/08/02 12:36:57.000,-30.09375,
2023/08/02 12:37:02.000,-30.1513671875,
2023/08/02 12:37:05.000,-30.1484375,
2023/08/02 12:37:10.000,-30.15625,
2023/08/02 12:37:14.000,-30.19140625,
2023/08/02 12:37:16.000,-30.2509765625,
2023/08/02 12:37:21.000,-30.16796875,
2023/08/02 12:37:24.000,-30.1982421875,
2023/08/02 12:37:27.000,-30.1572265625,
2023/08/02 12:37:31.000,-30.1298828125,
2023/08/02 12:37:35.000,-30.1953125,
2023/08/02 12:37:45.000,-30.109375,
2023/08/02 12:37:47.000,-30.078125,
2023/08/02 12:37:52.000,-30.0810546875,
2023/08/02 12:37:55.000,-30.064453125,
2023/08/02 12:38:01.000,-30.0791015625,
2023/08/02 12:38:07.000,-30.0634765625,
2023/08/02 12:38:12.000,-29.982421875,
2023/08/02 12:38:20.000,-29.9521484375,
2023/08/02 12:38:23.000,-29.8916015625,
2023/08/02 12:38:26.000,-29.869140625,
2023/08/02 12:38:31.000,-29.927734375,
2023/08/02 12:38:34.000,-29.9482421875,
2023/08/02 12:38:37.000,-29.8876953125,
2023/08/02 12:38:42.000,-29.8466796875,
2023/08/02 12:38:49.000,-29.8447265625,
2023/08/02 12:38:54.000,-29.8583984375,
2023/08/02 12:38:59.000,-29.8642578125,
2023/08/02 12:39:03.000,-29.8564453125,
2023/08/02 12:39:09.000,-29.8662109375,
2023/08/02 12:39:13.000,-29.873046875,
2023/08/02 12:39:15.000,-29.87890625,
2023/08/02 12:39:21.000,-29.8447265625,
2023/08/02 12:39:30.000,-29.873046875,
2023/08/02 12:39:33.000,-29.892578125,
2023/08/02 12:39:36.000,-29.85546875,
2023/08/02 12:39:41.000,-29.9072265625,
2023/08/02 12:39:44.000,-29.875,
2023/08/02 12:39:47.000,-29.939453125,
2023/08/02 12:39:52.000,-29.99609375,
2023/08/02 12:40:11.000,-30.1005859375,
2023/08/02 12:40:15.000,-30.05078125,
2023/08/02 12:40:24.000,-30.087890625,
2023/08/02 12:40:27.000,-30.091796875,
2023/08/02 12:40:32.000,-30.1494140625,
2023/08/02 12:40:35.000,-30.0830078125,
2023/08/02 12:40:40.000,-30.0654296875,
2023/08/02 12:40:44.000,-30.0859375,
2023/08/02 12:40:47.000,-30.041015625,
2023/08/02 12:40:53.000,-29.9951171875,
2023/08/02 12:41:02.000,-30.12890625,
2023/08/02 12:41:05.000,-30.1123046875,
2023/08/02 12:41:12.000,-30.0068359375,
2023/08/02 12:41:15.000,-30.0419921875,
2023/08/02 12:41:24.000,-30.0166015625,
2023/08/02 12:41:27.000,-30.041015625,
2023/08/02 12:41:32.000,-29.974609375,
2023/08/02 12:41:35.000,-29.9462890625,
2023/08/02 12:41:40.000,-29.9140625,
2023/08/02 12:41:43.000,-29.8974609375,
2023/08/02 12:41:50.000,-29.8359375,
2023/08/02 12:41:53.000,-29.916015625,
2023/08/02 12:41:59.000,-29.82421875,
2023/08/02 12:42:03.000,-29.7900390625,
2023/08/02 12:42:05.000,-29.8544921875,
2023/08/02 12:42:11.000,-29.720703125,
2023/08/02 12:42:16.000,-29.7626953125,
2023/08/02 12:42:20.000,-29.7421875,
2023/08/02 12:42:26.000,-29.740234375,
2023/08/02 12:42:31.000,-29.68359375,
2023/08/02 12:42:34.000,-29.6416015625,
2023/08/02 12:42:37.000,-29.666015625,
2023/08/02 12:42:42.000,-29.673828125,
2023/08/02 12:42:50.000,-29.666015625,
2023/08/02 12:42:53.000,-29.75,
2023/08/02 12:42:57.000,-29.6083984375,
2023/08/02 12:43:02.000,-29.673828125,
2023/08/02 12:43:05.000,-29.6279296875,
2023/08/02 12:43:09.000,-29.65234375,
2023/08/02 12:43:13.000,-29.630859375,
2023/08/02 12:43:15.000,-29.64453125,
2023/08/02 12:43:21.000,-29.7080078125,
2023/08/02 12:43:26.000,-29.615234375,
2023/08/02 12:43:31.000,-29.65234375,
2023/08/02 12:43:36.000,-29.68359375,
2023/08/02 12:43:41.000,-29.6630859375,
2023/08/02 12:43:46.000,-29.681640625,
2023/08/02 12:43:51.000,-29.83984375,
2023/08/02 12:43:56.000,-29.8720703125,
2023/08/02 12:44:01.000,-29.9189453125,
2023/08/02 12:44:06.000,-29.9033203125,
2023/08/02 12:44:11.000,-29.9619140625,
2023/08/02 12:44:16.000,-29.90625,
2023/08/02 12:44:21.000,-29.9765625,
2023/08/02 12:44:24.000,-30.0029296875,
2023/08/02 12:44:27.000,-29.97265625,
2023/08/02 12:44:32.000,-30.0966796875,
2023/08/02 12:44:35.000,-30.0234375,
2023/08/02 12:44:40.000,-30.017578125,
2023/08/02 12:44:43.000,-29.9423828125,
2023/08/02 12:44:45.000,-29.95703125,
2023/08/02 12:44:51.000,-29.9013671875,
2023/08/02 12:44:55.000,-29.7958984375,
2023/08/02 12:45:00.000,-29.8232421875,
2023/08/02 12:45:06.000,-29.9208984375,
2023/08/02 12:45:11.000,-29.8427734375,
2023/08/02 12:45:14.000,-29.8271484375,
2023/08/02 12:45:17.000,-29.845703125,
2023/08/02 12:45:23.000,-29.8408203125,
2023/08/02 12:45:32.000,-29.8681640625,
2023/08/02 12:45:35.000,-29.81640625,
2023/08/02 12:45:41.000,-29.77734375,
2023/08/02 12:45:44.000,-29.8232421875,
2023/08/02 12:45:47.000,-29.8515625,
2023/08/02 12:45:52.000,-29.8125,
2023/08/02 12:46:00.000,-29.794921875,
2023/08/02 12:46:03.000,-29.7294921875,
2023/08/02 12:46:07.000,-29.78125,
2023/08/02 12:46:12.000,-29.7216796875,
2023/08/02 12:46:14.000,-29.7255859375,
2023/08/02 12:46:34.000,-29.7119140625,
2023/08/02 12:46:37.000,-29.7099609375,
2023/08/02 12:46:42.000,-29.73828125,
2023/08/02 12:46:45.000,-29.7119140625,
2023/08/02 12:46:49.000,-29.62109375,
2023/08/02 12:46:55.000,-29.673828125,
2023/08/02 12:47:01.000,-29.7392578125,
2023/08/02 12:47:06.000,-29.8232421875,
2023/08/02 12:47:11.000,-29.8681640625,
2023/08/02 12:47:16.000,-29.8818359375,
2023/08/02 12:47:21.000,-29.9140625,
2023/08/02 12:47:26.000,-29.984375,
2023/08/02 12:47:31.000,-29.951171875,
2023/08/02 12:47:36.000,-29.9755859375,
2023/08/02 12:47:41.000,-30.0185546875,
2023/08/02 12:47:46.000,-29.95703125,
2023/08/02 12:47:51.000,-30.0322265625,
2023/08/02 12:47:56.000,-29.9619140625,
2023/08/02 12:48:01.000,-30.1171875,
2023/08/02 12:48:06.000,-30.109375,
2023/08/02 12:48:11.000,-30.091796875,
2023/08/02 12:48:16.000,-30.0869140625,
2023/08/02 12:48:21.000,-30.1416015625,
2023/08/02 12:48:26.000,-30.115234375,
2023/08/02 12:48:31.000,-30.1376953125,
2023/08/02 12:48:36.000,-30.119140625,
2023/08/02 12:48:41.000,-30.01171875,
2023/08/02 12:48:46.000,-30.1044921875,
2023/08/02 12:48:51.000,-30.095703125,
2023/08/02 12:48:56.000,-30.1171875,
2023/08/02 12:49:01.000,-30.1494140625,
2023/08/02 12:49:06.000,-30.0966796875,
2023/08/02 12:49:11.000,-30.033203125,
2023/08/02 12:49:16.000,-30.0234375,
2023/08/02 12:49:21.000,-30.01171875,
2023/08/02 12:49:34.000,-29.95703125,
2023/08/02 12:49:37.000,-29.947265625,
2023/08/02 12:49:46.000,-29.9248046875,
2023/08/02 12:49:50.000,-29.896484375,
2023/08/02 12:49:53.000,-29.935546875,
2023/08/02 12:49:56.000,-29.8701171875,
2023/08/02 12:50:01.000,-29.8837890625,
2023/08/02 12:50:11.000,-29.849609375,
2023/08/02 12:50:15.000,-29.884765625,
2023/08/02 12:50:24.000,-29.876953125,
2023/08/02 12:50:27.000,-29.798828125,
2023/08/02 12:50:37.000,-29.8828125,
2023/08/02 12:50:41.000,-29.87890625,
2023/08/02 12:50:51.000,-29.900390625,
2023/08/02 12:50:55.000,-29.9541015625,
2023/08/02 12:51:10.000,-29.8740234375,
2023/08/02 12:51:14.000,-29.9404296875,
2023/08/02 12:51:18.000,-29.9423828125,
2023/08/02 12:51:22.000,-29.97265625,
2023/08/02 12:51:25.000,-29.919921875,
2023/08/02 12:51:32.000,-30.0224609375,
2023/08/02 12:51:36.000,-30.03515625,
2023/08/02 12:51:41.000,-30.0703125,
2023/08/02 12:51:44.000,-29.9423828125,
2023/08/02 12:51:47.000,-29.962890625,
2023/08/02 12:51:53.000,-30.0498046875,
2023/08/02 12:52:04.000,-30.1572265625,
2023/08/02 12:52:07.000,-30.2099609375,
2023/08/02 12:52:14.000,-30.1767578125,
2023/08/02 12:52:17.000,-30.19140625,
2023/08/02 12:52:21.000,-30.107421875,
2023/08/02 12:52:26.000,-30.1103515625,
2023/08/02 12:52:31.000,-30.1484375,
2023/08/02 12:52:34.000,-30.0927734375,
2023/08/02 12:52:41.000,-30.0966796875,
2023/08/02 12:52:45.000,-30.0263671875,
2023/08/02 12:53:08.000,-29.8515625,
2023/08/02 12:53:13.000,-29.9775390625,
2023/08/02 12:53:18.000,-29.9306640625,
2023/08/02 12:53:22.000,-29.8876953125,
2023/08/02 12:53:26.000,-29.845703125,
2023/08/02 12:53:31.000,-29.8544921875,
2023/08/02 12:53:34.000,-29.8798828125,
2023/08/02 12:53:37.000,-29.814453125,
2023/08/02 12:53:43.000,-29.748046875,
2023/08/02 12:53:47.000,-29.7685546875,
2023/08/02 12:53:53.000,-29.75390625,
2023/08/02 12:53:56.000,-29.7431640625,
2023/08/02 12:53:58.000,-29.8037109375,
2023/08/02 12:54:03.000,-29.70703125,
2023/08/02 12:54:05.000,-29.7822265625,
2023/08/02 12:54:11.000,-29.6689453125,
2023/08/02 12:54:15.000,-29.6640625,
2023/08/02 12:54:18.000,-29.6826171875,
2023/08/02 12:54:23.000,-29.62109375,
2023/08/02 12:54:32.000,-29.6611328125,
2023/08/02 12:54:42.000,-29.67578125,
2023/08/02 12:54:48.000,-29.6943359375,
2023/08/02 12:54:53.000,-29.650390625,
2023/08/02 12:54:55.000,-29.763671875,
2023/08/02 12:54:58.000,-29.716796875,
2023/08/02 12:55:03.000,-29.7705078125,
2023/08/02 12:55:06.000,-29.798828125,
2023/08/02 12:55:11.000,-29.884765625,
2023/08/02 12:55:21.000,-29.845703125,
2023/08/02 12:55:25.000,-29.8359375,
2023/08/02 12:55:29.000,-29.7705078125,
2023/08/02 12:55:33.000,-29.798828125,
2023/08/02 12:55:36.000,-29.7998046875,
2023/08/02 12:55:41.000,-29.8095703125,
2023/08/02 12:55:44.000,-29.8408203125,
2023/08/02 12:55:47.000,-29.8466796875,
2023/08/02 12:55:53.000,-29.8505859375,
2023/08/02 12:55:56.000,-29.943359375,
2023/08/02 12:56:02.000,-29.896484375,
2023/08/02 12:56:05.000,-29.939453125,
2023/08/02 12:56:14.000,-29.9189453125,
2023/08/02 12:56:17.000,-29.982421875,
2023/08/02 12:56:22.000,-29.95703125,
2023/08/02 12:56:28.000,-29.8984375,
2023/08/02 12:56:33.000,-29.8798828125,
2023/08/02 12:56:36.000,-29.826171875,
2023/08/02 12:56:38.000,-29.8369140625,
2023/08/02 12:56:42.000,-29.83984375,
2023/08/02 12:56:45.000,-29.73828125,
2023/08/02 12:56:50.000,-29.7685546875,
2023/08/02 12:56:53.000,-29.80859375,
2023/08/02 12:56:57.000,-29.8291015625,
2023/08/02 12:57:03.000,-29.7587890625,
2023/08/02 12:57:06.000,-29.8115234375,
2023/08/02 12:57:09.000,-29.728515625,
2023/08/02 12:57:14.000,-29.7158203125,
2023/08/02 12:57:31.000,-29.61328125,
2023/08/02 12:57:35.000,-29.615234375,
2023/08/02 12:57:41.000,-29.5966796875,
2023/08/02 12:57:46.000,-29.5625,
2023/08/02 12:57:49.000,-29.5859375,
2023/08/02 12:57:54.000,-29.642578125,
2023/08/02 12:58:05.000,-29.5576171875,
2023/08/02 12:58:07.000,-29.5869140625,
2023/08/02 12:58:27.000,-29.646484375,
2023/08/02 12:58:33.000,-29.7333984375,
2023/08/02 12:58:38.000,-29.765625,
2023/08/02 12:58:43.000,-29.7939453125,
2023/08/02 12:58:48.000,-29.8037109375,
2023/08/02 12:58:53.000,-29.8681640625,
2023/08/02 12:58:56.000,-29.8876953125,
2023/08/02 12:58:59.000,-29.900390625,
2023/08/02 12:59:04.000,-29.884765625,
2023/08/02 12:59:07.000,-29.892578125,
2023/08/02 12:59:12.000,-29.953125,
2023/08/02 12:59:15.000,-29.97265625,
2023/08/02 12:59:19.000,-29.970703125,
2023/08/02 12:59:24.000,-29.990234375,
2023/08/02 12:59:27.000,-30.0087890625,
2023/08/02 12:59:32.000,-30.0263671875,
2023/08/02 12:59:35.000,-29.9755859375,
2023/08/02 12:59:39.000,-29.98828125,
2023/08/02 12:59:44.000,-30.021484375,
2023/08/02 12:59:52.000,-29.9443359375,
2023/08/02 12:59:55.000,-30.0009765625,
2023/08/02 13:00:01.000,-29.9912109375,
2023/08/02 13:00:05.000,-29.93359375,
2023/08/02 13:00:11.000,-29.99609375,
2023/08/02 13:00:15.000,-29.9296875,
2023/08/02 13:00:18.000,-29.8984375,
2023/08/02 13:00:22.000,-29.8974609375,
2023/08/02 13:00:28.000,-29.8701171875,
2023/08/02 13:00:33.000,-29.853515625,
2023/08/02 13:00:36.000,-29.8828125,
2023/08/02 13:00:39.000,-29.861328125,
2023/08/02 13:00:44.000,-29.8115234375,
2023/08/02 13:00:51.000,-29.81640625,
2023/08/02 13:00:56.000,-29.77734375,
2023/08/02 13:01:06.000,-29.7578125,
2023/08/02 13:01:09.000,-29.76171875,
2023/08/02 13:01:13.000,-29.71875,
2023/08/02 13:01:16.000,-29.71484375,
2023/08/02 13:01:24.000,-29.5634765625,
2023/08/02 13:01:27.000,-29.623046875,
2023/08/02 13:01:33.000,-29.5517578125,
2023/08/02 13:01:37.000,-29.5703125,
2023/08/02 13:01:39.000,-29.5341796875,
2023/08/02 13:01:44.000,-29.6025390625,
2023/08/02 13:01:47.000,-29.541015625,
2023/08/02 13:02:06.000,-29.501953125,
2023/08/02 13:02:32.000,-29.53125,
2023/08/02 13:02:35.000,-29.599609375,
2023/08/02 13:02:44.000,-29.6611328125,
2023/08/02 13:02:47.000,-29.66015625,
2023/08/02 13:02:51.000,-29.7001953125,
2023/08/02 13:02:56.000,-29.7587890625,
2023/08/02 13:02:59.000,-29.7802734375,
2023/08/02 13:03:03.000,-29.80078125,
2023/08/02 13:03:07.000,-29.75,
2023/08/02 13:03:12.000,-29.7265625,
2023/08/02 13:03:15.000,-29.7333984375,
2023/08/02 13:03:18.000,-29.751953125,
2023/08/02 13:03:32.000,-29.7529296875,
2023/08/02 13:03:35.000,-29.8046875,
2023/08/02 13:03:39.000,-29.7841796875,
2023/08/02 13:03:44.000,-29.826171875,
2023/08/02 13:03:47.000,-29.83203125,
2023/08/02 13:03:52.000,-29.798828125,
2023/08/02 13:03:55.000,-29.7802734375,
2023/08/02 13:03:58.000,-29.8173828125,
2023/08/02 13:04:08.000,-29.7607421875,
2023/08/02 13:04:12.000,-29.7197265625,
2023/08/02 13:04:18.000,-29.755859375,
2023/08/02 13:04:23.000,-29.630859375,
2023/08/02 13:04:26.000,-29.693359375,
2023/08/02 13:04:36.000,-29.6923828125,
2023/08/02 13:04:39.000,-29.697265625,
2023/08/02 13:04:44.000,-29.6181640625,
2023/08/02 13:04:47.000,-29.61328125,
2023/08/02 13:04:52.000,-29.5966796875,
2023/08/02 13:04:56.000,-29.5703125,
2023/08/02 13:04:59.000,-29.5107421875,
2023/08/02 13:05:04.000,-29.5390625,
2023/08/02 13:05:07.000,-29.5244140625,
2023/08/02 13:05:11.000,-29.525390625,
2023/08/02 13:05:14.000,-29.46484375,
2023/08/02 13:05:17.000,-29.505859375,
2023/08/02 13:05:23.000,-29.5283203125,
2023/08/02 13:05:33.000,-29.6044921875,
2023/08/02 13:05:36.000,-29.55859375,
2023/08/02 13:05:39.000,-29.505859375,
2023/08/02 13:05:44.000,-29.5576171875,
2023/08/02 13:05:47.000,-29.5146484375,
2023/08/02 13:05:52.000,-29.5078125,
2023/08/02 13:05:55.000,-29.5380859375,
2023/08/02 13:06:02.000,-29.576171875,
2023/08/02 13:06:05.000,-29.548828125,
2023/08/02 13:06:08.000,-29.5751953125,
2023/08/02 13:06:22.000,-29.654296875,
2023/08/02 13:06:25.000,-29.6220703125,
2023/08/02 13:06:28.000,-29.6640625,
2023/08/02 13:06:48.000,-29.6826171875,
2023/08/02 13:06:52.000,-29.7587890625,
2023/08/02 13:06:55.000,-29.755859375,
2023/08/02 13:06:58.000,-29.8544921875,
2023/08/02 13:07:02.000,-29.7470703125,
2023/08/02 13:07:06.000,-29.779296875,
2023/08/02 13:07:26.000,-29.8466796875,
2023/08/02 13:07:29.000,-29.787109375,
2023/08/02 13:07:36.000,-29.8095703125,
2023/08/02 13:07:39.000,-29.7314453125,
2023/08/02 13:07:44.000,-29.7666015625,
2023/08/02 13:07:52.000,-29.8134765625,
2023/08/02 13:07:55.000,-29.7568359375,
2023/08/02 13:07:59.000,-29.73046875,
2023/08/02 13:08:04.000,-29.703125,
2023/08/02 13:08:18.000,-29.533203125,
2023/08/02 13:08:22.000,-29.578125,
2023/08/02 13:08:26.000,-29.5888671875,
2023/08/02 13:08:32.000,-29.5849609375,
2023/08/02 13:08:35.000,-29.4970703125,
2023/08/02 13:08:38.000,-29.5068359375,
2023/08/02 13:08:43.000,-29.5654296875,
2023/08/02 13:08:51.000,-29.529296875,
2023/08/02 13:08:55.000,-29.498046875,
2023/08/02 13:08:57.000,-29.484375,
2023/08/02 13:09:03.000,-29.533203125,
2023/08/02 13:09:07.000,-29.5400390625,
2023/08/02 13:09:13.000,-29.501953125,
2023/08/02 13:09:16.000,-29.505859375,
2023/08/02 13:09:26.000,-29.5068359375,
2023/08/02 13:09:29.000,-29.5029296875,
2023/08/02 13:09:36.000,-29.455078125,
2023/08/02 13:09:39.000,-29.4892578125,
2023/08/02 13:09:46.000,-29.494140625,
2023/08/02 13:09:49.000,-29.470703125,
2023/08/02 13:09:55.000,-29.609375,
2023/08/02 13:09:58.000,-29.552734375,
2023/08/02 13:10:03.000,-29.59375,
2023/08/02 13:10:13.000,-29.6630859375,
2023/08/02 13:10:18.000,-29.70703125,
2023/08/02 13:10:26.000,-29.748046875,
2023/08/02 13:10:29.000,-29.7861328125,
2023/08/02 13:10:33.000,-29.77734375,
2023/08/02 13:10:36.000,-29.83984375,
2023/08/02 13:10:43.000,-29.83203125,
2023/08/02 13:10:47.000,-29.884765625,
2023/08/02 13:10:54.000,-30.0966796875,
2023/08/02 13:10:57.000,-30.1845703125,
2023/08/02 13:11:00.000,-30.2744140625,
2023/08/02 13:11:04.000,-30.302734375,
2023/08/02 13:11:16.000,-30.546875,
2023/08/02 13:11:19.000,-30.55078125,
2023/08/02 13:11:25.000,-30.5625,
2023/08/02 13:11:34.000,-30.515625,
2023/08/02 13:11:37.000,-30.6279296875,
2023/08/02 13:11:43.000,-30.6484375,
2023/08/02 13:11:47.000,-30.66015625,
2023/08/02 13:11:51.000,-30.5576171875,
2023/08/02 13:11:55.000,-30.6552734375,
2023/08/02 13:11:59.000,-30.63671875,
2023/08/02 13:12:05.000,-30.515625,
2023/08/02 13:12:08.000,-30.5927734375,
2023/08/02 13:12:10.000,-30.5791015625,
2023/08/02 13:12:14.000,-30.5947265625,
2023/08/02 13:12:17.000,-30.537109375,
2023/08/02 13:12:19.000,-30.5400390625,
2023/08/02 13:12:25.000,-30.580078125,
2023/08/02 13:12:34.000,-30.5693359375,
2023/08/02 13:12:40.000,-30.5771484375,
2023/08/02 13:12:44.000,-30.58984375,
2023/08/02 13:12:47.000,-30.54296875,
2023/08/02 13:13:02.000,-30.47265625,
2023/08/02 13:13:07.000,-30.5302734375,
2023/08/02 13:13:30.000,-30.5048828125,
2023/08/02 13:13:34.000,-30.62109375,
2023/08/02 13:13:38.000,-30.583984375,
2023/08/02 13:13:44.000,-30.6123046875,
2023/08/02 13:13:48.000,-30.6142578125,
2023/08/02 13:13:53.000,-30.603515625,
2023/08/02 13:13:57.000,-30.623046875,
2023/08/02 13:14:06.000,-30.828125,
2023/08/02 13:14:09.000,-30.830078125,
2023/08/02 13:14:15.000,-30.849609375,
2023/08/02 13:14:18.000,-30.83203125,
2023/08/02 13:14:23.000,-30.927734375,
2023/08/02 13:14:36.000,-30.9853515625,
2023/08/02 13:14:39.000,-30.96484375,
2023/08/02 13:14:46.000,-31.0439453125,
2023/08/02 13:14:49.000,-31.037109375,
2023/08/02 13:14:56.000,-31.0595703125,
2023/08/02 13:15:13.000,-31.0087890625,
2023/08/02 13:15:17.000,-31.08984375,
2023/08/02 13:15:44.000,-31.1611328125,
2023/08/02 13:15:47.000,-31.1591796875,
2023/08/02 13:16:00.000,-31.224609375,
2023/08/02 13:16:06.000,-31.2109375,
2023/08/02 13:16:09.000,-31.296875,
2023/08/02 13:16:13.000,-31.25,
2023/08/02 13:16:16.000,-31.26171875,
2023/08/02 13:16:19.000,-31.3046875,
2023/08/02 13:16:30.000,-31.388671875,
2023/08/02 13:16:34.000,-31.3759765625,
2023/08/02 13:16:37.000,-31.3515625,
2023/08/02 13:16:46.000,-31.3681640625,
2023/08/02 13:16:49.000,-31.3603515625,
2023/08/02 13:16:53.000,-31.3525390625,
2023/08/02 13:16:56.000,-31.3046875,
2023/08/02 13:17:03.000,-31.3662109375,
2023/08/02 13:17:07.000,-31.314453125,
2023/08/02 13:17:14.000,-31.44921875,
2023/08/02 13:17:17.000,-31.4873046875,
2023/08/02 13:17:20.000,-31.5341796875,
2023/08/02 13:17:25.000,-31.5458984375,
2023/08/02 13:17:28.000,-31.4951171875,
2023/08/02 13:17:32.000,-31.5361328125,
2023/08/02 13:17:34.000,-31.5419921875,
2023/08/02 13:17:37.000,-31.5693359375,
2023/08/02 13:17:43.000,-31.6337890625,
2023/08/02 13:17:57.000,-31.7724609375,
2023/08/02 13:18:03.000,-31.826171875,
2023/08/02 13:18:08.000,-31.923828125,
2023/08/02 13:18:11.000,-31.9658203125,
2023/08/02 13:18:15.000,-31.92578125,
2023/08/02 13:18:24.000,-31.890625,
2023/08/02 13:18:27.000,-31.9365234375,
2023/08/02 13:18:33.000,-32.0048828125,
2023/08/02 13:18:36.000,-31.99609375,
2023/08/02 13:18:38.000,-31.984375,
2023/08/02 13:18:41.000,-32.072265625,
2023/08/02 13:18:46.000,-32.0712890625,
2023/08/02 13:18:54.000,-32.021484375,
2023/08/02 13:19:00.000,-31.9921875,
2023/08/02 13:19:05.000,-31.982421875,
2023/08/02 13:19:08.000,-31.9140625,
2023/08/02 13:19:11.000,-31.8916015625,
2023/08/02 13:19:16.000,-31.9775390625,
2023/08/02 13:19:27.000,-31.84765625,
2023/08/02 13:19:29.000,-31.8427734375,
2023/08/02 13:19:35.000,-31.8349609375,
2023/08/02 13:19:38.000,-31.763671875,
2023/08/02 13:19:41.000,-31.802734375,
2023/08/02 13:19:45.000,-31.779296875,
2023/08/02 13:19:48.000,-31.7470703125,
2023/08/02 13:19:51.000,-31.7822265625,
2023/08/02 13:19:56.000,-31.8994140625,
2023/08/02 13:19:59.000,-31.8037109375,
2023/08/02 13:20:03.000,-31.798828125,
2023/08/02 13:20:08.000,-31.736328125,
2023/08/02 13:20:13.000,-31.7548828125,
2023/08/02 13:20:17.000,-31.779296875,
2023/08/02 13:20:24.000,-31.802734375,
2023/08/02 13:20:28.000,-31.7109375,
2023/08/02 13:20:31.000,-31.7841796875,
2023/08/02 13:20:36.000,-31.7568359375,
2023/08/02 13:20:39.000,-31.748046875,
2023/08/02 13:20:45.000,-31.6767578125,
2023/08/02 13:20:55.000,-31.626953125,
2023/08/02 13:20:58.000,-31.689453125,
2023/08/02 13:21:08.000,-31.650390625,
2023/08/02 13:21:11.000,-31.6298828125,
2023/08/02 13:21:16.000,-31.6640625,
2023/08/02 13:21:27.000,-31.6611328125,
2023/08/02 13:21:29.000,-31.7216796875,
2023/08/02 13:21:45.000,-31.73828125,
2023/08/02 13:21:50.000,-31.7509765625,
2023/08/02 13:21:55.000,-31.80078125,
2023/08/02 13:21:58.000,-31.755859375,
2023/08/02 13:22:01.000,-31.8408203125,
2023/08/02 13:22:06.000,-31.8017578125,
2023/08/02 13:22:09.000,-31.8388671875,
2023/08/02 13:22:14.000,-31.8427734375,
2023/08/02 13:22:17.000,-31.837890625,
2023/08/02 13:22:21.000,-31.8583984375,
2023/08/02 13:22:26.000,-31.8486328125,
2023/08/02 13:22:29.000,-31.7978515625,
2023/08/02 13:22:34.000,-31.7705078125,
2023/08/02 13:22:36.000,-31.7548828125,
2023/08/02 13:22:39.000,-31.8193359375,
2023/08/02 13:22:45.000,-31.7734375,
2023/08/02 13:22:48.000,-31.8017578125,
2023/08/02 13:22:51.000,-31.8037109375,
2023/08/02 13:22:56.000,-31.9033203125,
2023/08/02 13:22:59.000,-31.8720703125,
2023/08/02 13:23:05.000,-31.7705078125,
