Year/Month/Day Hour:Minute:Second.Millisecond,cms_mtdtf_dcs_1:MTRS/MTD_TIF_18/Chip_0/Channel_2.actual.value,
Year/Month/Day Hour:Minute:Second.Millisecond,New RTD #3,
2023/07/25 10:27:41.000,-34.5068359375,
2023/07/25 10:27:48.000,-34.509765625,
2023/07/25 10:27:51.000,-34.51953125,
2023/07/25 10:27:58.000,-34.525390625,
2023/07/25 10:28:01.000,-34.533203125,
2023/07/25 10:28:19.000,-34.5703125,
2023/07/25 10:28:23.000,-34.5869140625,
2023/07/25 10:28:28.000,-34.6083984375,
2023/07/25 10:28:39.000,-34.6533203125,
2023/07/25 10:28:43.000,-34.6611328125,
2023/07/25 10:28:47.000,-34.6826171875,
2023/07/25 10:28:51.000,-34.705078125,
2023/07/25 10:28:57.000,-34.7255859375,
2023/07/25 10:29:01.000,-34.748046875,
2023/07/25 10:29:05.000,-34.767578125,
2023/07/25 10:29:09.000,-34.7939453125,
2023/07/25 10:29:11.000,-34.802734375,
2023/07/25 10:29:17.000,-34.8095703125,
2023/07/25 10:29:20.000,-34.830078125,
2023/07/25 10:29:23.000,-34.8447265625,
2023/07/25 10:29:28.000,-34.865234375,
2023/07/25 10:29:36.000,-34.87890625,
2023/07/25 10:29:39.000,-34.88671875,
2023/07/25 10:29:43.000,-34.8955078125,
2023/07/25 10:29:48.000,-34.9052734375,
2023/07/25 10:29:51.000,-34.9072265625,
2023/07/25 10:29:57.000,-34.9111328125,
2023/07/25 10:30:01.000,-34.912109375,
2023/07/25 10:30:17.000,-34.9111328125,
2023/07/25 10:30:20.000,-34.900390625,
2023/07/25 10:30:30.000,-34.8837890625,
2023/07/25 10:30:33.000,-34.8857421875,
2023/07/25 10:30:38.000,-34.87890625,
2023/07/25 10:30:41.000,-34.8681640625,
2023/07/25 10:30:46.000,-34.8603515625,
2023/07/25 10:30:50.000,-34.841796875,
2023/07/25 10:30:53.000,-34.837890625,
2023/07/25 10:30:58.000,-34.8115234375,
2023/07/25 10:31:01.000,-34.8076171875,
2023/07/25 10:31:05.000,-34.7900390625,
2023/07/25 10:31:08.000,-34.77734375,
2023/07/25 10:31:11.000,-34.771484375,
2023/07/25 10:31:15.000,-34.7509765625,
2023/07/25 10:31:19.000,-34.740234375,
2023/07/25 10:31:22.000,-34.724609375,
2023/07/25 10:31:27.000,-34.7119140625,
2023/07/25 10:31:30.000,-34.7001953125,
2023/07/25 10:31:32.000,-34.6962890625,
2023/07/25 10:31:37.000,-34.6826171875,
2023/07/25 10:31:40.000,-34.669921875,
2023/07/25 10:31:57.000,-34.619140625,
2023/07/25 10:31:59.000,-34.6123046875,
2023/07/25 10:32:03.000,-34.5986328125,
2023/07/25 10:32:08.000,-34.5849609375,
2023/07/25 10:32:16.000,-34.56640625,
2023/07/25 10:32:19.000,-34.568359375,
2023/07/25 10:32:22.000,-34.5673828125,
2023/07/25 10:32:42.000,-34.5712890625,
2023/07/25 10:32:47.000,-34.5751953125,
2023/07/25 10:32:50.000,-34.58984375,
2023/07/25 10:32:53.000,-34.6025390625,
2023/07/25 10:32:58.000,-34.6083984375,
2023/07/25 10:33:06.000,-34.6357421875,
2023/07/25 10:33:09.000,-34.654296875,
2023/07/25 10:33:13.000,-34.677734375,
2023/07/25 10:33:18.000,-34.701171875,
2023/07/25 10:33:21.000,-34.7138671875,
2023/07/25 10:33:25.000,-34.73828125,
2023/07/25 10:33:36.000,-34.78515625,
2023/07/25 10:33:39.000,-34.79296875,
2023/07/25 10:33:42.000,-34.81640625,
2023/07/25 10:33:47.000,-34.8212890625,
2023/07/25 10:34:02.000,-34.873046875,
2023/07/25 10:34:07.000,-34.8779296875,
2023/07/25 10:34:18.000,-34.8798828125,
2023/07/25 10:34:21.000,-34.875,
2023/07/25 10:34:28.000,-34.8671875,
2023/07/25 10:34:31.000,-34.8701171875,
2023/07/25 10:34:52.000,-34.8115234375,
2023/07/25 10:35:00.000,-34.7763671875,
2023/07/25 10:35:03.000,-34.7705078125,
2023/07/25 10:35:07.000,-34.7587890625,
2023/07/25 10:35:10.000,-34.751953125,
2023/07/25 10:35:13.000,-34.7392578125,
2023/07/25 10:35:22.000,-34.701171875,
2023/07/25 10:35:27.000,-34.68359375,
2023/07/25 10:35:36.000,-34.6455078125,
2023/07/25 10:35:39.000,-34.642578125,
2023/07/25 10:35:46.000,-34.6083984375,
2023/07/25 10:35:49.000,-34.603515625,
2023/07/25 10:35:52.000,-34.5810546875,
2023/07/25 10:35:54.000,-34.58984375,
2023/07/25 10:35:58.000,-34.5673828125,
2023/07/25 10:36:01.000,-34.55859375,
2023/07/25 10:36:06.000,-34.54296875,
2023/07/25 10:36:09.000,-34.5478515625,
2023/07/25 10:36:13.000,-34.5380859375,
2023/07/25 10:36:19.000,-34.5302734375,
2023/07/25 10:36:22.000,-34.521484375,
2023/07/25 10:36:27.000,-34.5166015625,
2023/07/25 10:36:30.000,-34.5283203125,
2023/07/25 10:36:37.000,-34.5244140625,
2023/07/25 10:36:41.000,-34.5341796875,
2023/07/25 10:37:08.000,-34.59765625,
2023/07/25 10:37:11.000,-34.5986328125,
2023/07/25 10:37:17.000,-34.6259765625,
2023/07/25 10:37:20.000,-34.6328125,
2023/07/25 10:37:30.000,-34.6728515625,
2023/07/25 10:37:33.000,-34.6845703125,
2023/07/25 10:37:40.000,-34.71484375,
2023/07/25 10:37:43.000,-34.7265625,
2023/07/25 10:37:49.000,-34.75390625,
2023/07/25 10:37:52.000,-34.755859375,
2023/07/25 10:37:57.000,-34.76953125,
2023/07/25 10:38:13.000,-34.81640625,
2023/07/25 10:38:17.000,-34.830078125,
2023/07/25 10:38:28.000,-34.8349609375,
2023/07/25 10:38:31.000,-34.837890625,
2023/07/25 10:38:37.000,-34.830078125,
2023/07/25 10:38:47.000,-34.8232421875,
2023/07/25 10:38:49.000,-34.818359375,
2023/07/25 10:38:53.000,-34.8212890625,
2023/07/25 10:38:59.000,-34.818359375,
2023/07/25 10:39:10.000,-34.7890625,
2023/07/25 10:39:13.000,-34.77734375,
2023/07/25 10:39:19.000,-34.7705078125,
2023/07/25 10:39:40.000,-34.689453125,
2023/07/25 10:39:50.000,-34.65625,
2023/07/25 10:39:53.000,-34.66015625,
2023/07/25 10:40:03.000,-34.61328125,
2023/07/25 10:40:09.000,-34.59765625,
2023/07/25 10:40:12.000,-34.59375,
2023/07/25 10:40:22.000,-34.556640625,
2023/07/25 10:40:26.000,-34.5400390625,
2023/07/25 10:40:30.000,-34.544921875,
2023/07/25 10:40:37.000,-34.5205078125,
2023/07/25 10:40:41.000,-34.515625,
2023/07/25 10:40:49.000,-34.509765625,
2023/07/25 10:40:53.000,-34.51171875,
2023/07/25 10:41:02.000,-34.5283203125,
2023/07/25 10:41:07.000,-34.5234375,
2023/07/25 10:41:12.000,-34.53125,
2023/07/25 10:41:16.000,-34.5400390625,
2023/07/25 10:41:19.000,-34.544921875,
2023/07/25 10:41:22.000,-34.5576171875,
2023/07/25 10:41:27.000,-34.568359375,
2023/07/25 10:41:37.000,-34.603515625,
2023/07/25 10:41:41.000,-34.623046875,
2023/07/25 10:41:50.000,-34.65625,
2023/07/25 10:41:53.000,-34.66796875,
2023/07/25 10:41:59.000,-34.6923828125,
2023/07/25 10:42:02.000,-34.703125,
2023/07/25 10:42:07.000,-34.73046875,
2023/07/25 10:42:17.000,-34.7724609375,
2023/07/25 10:42:21.000,-34.7890625,
2023/07/25 10:42:26.000,-34.80078125,
2023/07/25 10:42:32.000,-34.8125,
2023/07/25 10:42:37.000,-34.8212890625,
2023/07/25 10:42:47.000,-34.8232421875,
2023/07/25 10:42:51.000,-34.826171875,
2023/07/25 10:42:58.000,-34.8271484375,
2023/07/25 10:43:01.000,-34.8232421875,
2023/07/25 10:43:04.000,-34.8134765625,
2023/07/25 10:43:09.000,-34.80859375,
2023/07/25 10:43:12.000,-34.8076171875,
2023/07/25 10:43:17.000,-34.7978515625,
2023/07/25 10:43:33.000,-34.763671875,
2023/07/25 10:43:37.000,-34.75390625,
2023/07/25 10:43:44.000,-34.73828125,
2023/07/25 10:43:49.000,-34.734375,
2023/07/25 10:43:52.000,-34.7138671875,
2023/07/25 10:43:57.000,-34.705078125,
2023/07/25 10:44:07.000,-34.65625,
2023/07/25 10:44:11.000,-34.6455078125,
2023/07/25 10:44:15.000,-34.634765625,
2023/07/25 10:44:19.000,-34.626953125,
2023/07/25 10:44:24.000,-34.6083984375,
2023/07/25 10:44:29.000,-34.603515625,
2023/07/25 10:44:38.000,-34.5625,
2023/07/25 10:44:48.000,-34.533203125,
2023/07/25 10:44:58.000,-34.5126953125,
2023/07/25 10:45:02.000,-34.505859375,
2023/07/25 10:45:05.000,-34.498046875,
2023/07/25 10:45:09.000,-34.5009765625,
2023/07/25 10:45:25.000,-34.482421875,
2023/07/25 10:45:29.000,-34.4814453125,
2023/07/25 10:45:33.000,-34.4912109375,
2023/07/25 10:45:37.000,-34.49609375,
2023/07/25 10:45:41.000,-34.5,
2023/07/25 10:45:50.000,-34.5185546875,
2023/07/25 10:45:53.000,-34.533203125,
2023/07/25 10:46:09.000,-34.5732421875,
2023/07/25 10:46:14.000,-34.6005859375,
2023/07/25 10:46:18.000,-34.6181640625,
2023/07/25 10:46:24.000,-34.6513671875,
2023/07/25 10:46:29.000,-34.6689453125,
2023/07/25 10:46:44.000,-34.7421875,
2023/07/25 10:46:49.000,-34.75390625,
2023/07/25 10:46:52.000,-34.7705078125,
2023/07/25 10:46:55.000,-34.7900390625,
2023/07/25 10:47:00.000,-34.798828125,
2023/07/25 10:47:03.000,-34.8125,
2023/07/25 10:47:08.000,-34.828125,
2023/07/25 10:47:11.000,-34.830078125,
2023/07/25 10:47:14.000,-34.8349609375,
2023/07/25 10:47:19.000,-34.8466796875,
2023/07/25 10:47:28.000,-34.86328125,
2023/07/25 10:47:34.000,-34.865234375,
2023/07/25 10:47:39.000,-34.8681640625,
2023/07/25 10:47:42.000,-34.865234375,
2023/07/25 10:47:45.000,-34.8671875,
2023/07/25 10:47:50.000,-34.8603515625,
2023/07/25 10:47:53.000,-34.8642578125,
2023/07/25 10:47:58.000,-34.859375,
2023/07/25 10:48:00.000,-34.853515625,
2023/07/25 10:48:03.000,-34.841796875,
2023/07/25 10:48:08.000,-34.8369140625,
2023/07/25 10:48:10.000,-34.82421875,
2023/07/25 10:48:13.000,-34.8193359375,
2023/07/25 10:48:17.000,-34.802734375,
2023/07/25 10:48:21.000,-34.7998046875,
2023/07/25 10:48:24.000,-34.7763671875,
2023/07/25 10:48:29.000,-34.763671875,
2023/07/25 10:48:32.000,-34.7470703125,
2023/07/25 10:48:35.000,-34.7431640625,
2023/07/25 10:48:40.000,-34.720703125,
2023/07/25 10:48:47.000,-34.6884765625,
2023/07/25 10:48:52.000,-34.669921875,
2023/07/25 10:48:55.000,-34.66015625,
2023/07/25 10:49:00.000,-34.64453125,
2023/07/25 10:49:03.000,-34.6259765625,
2023/07/25 10:49:09.000,-34.5771484375,
2023/07/25 10:49:13.000,-34.552734375,
2023/07/25 10:49:15.000,-34.53125,
2023/07/25 10:49:20.000,-34.494140625,
2023/07/25 10:49:27.000,-34.4375,
2023/07/25 10:49:31.000,-34.41796875,
2023/07/25 10:49:37.000,-34.3896484375,
2023/07/25 10:49:40.000,-34.38671875,
2023/07/25 10:49:43.000,-34.3701171875,
2023/07/25 10:49:52.000,-34.3388671875,
2023/07/25 10:49:55.000,-34.328125,
2023/07/25 10:50:00.000,-34.3115234375,
2023/07/25 10:50:03.000,-34.291015625,
2023/07/25 10:50:08.000,-34.28515625,
2023/07/25 10:50:12.000,-34.27734375,
2023/07/25 10:50:15.000,-34.2802734375,
2023/07/25 10:50:20.000,-34.26953125,
2023/07/25 10:50:23.000,-34.263671875,
2023/07/25 10:50:29.000,-34.2744140625,
2023/07/25 10:50:33.000,-34.2783203125,
2023/07/25 10:50:35.000,-34.275390625,
2023/07/25 10:50:40.000,-34.28515625,
2023/07/25 10:50:48.000,-34.2939453125,
2023/07/25 10:50:51.000,-34.3037109375,
2023/07/25 10:50:54.000,-34.3076171875,
2023/07/25 10:51:08.000,-34.36328125,
2023/07/25 10:51:11.000,-34.3935546875,
2023/07/25 10:51:20.000,-34.498046875,
2023/07/25 10:51:23.000,-34.5185546875,
2023/07/25 10:51:30.000,-34.576171875,
2023/07/25 10:51:33.000,-34.5908203125,
2023/07/25 10:51:57.000,-34.623046875,
2023/07/25 10:52:01.000,-34.607421875,
2023/07/25 10:52:05.000,-34.59765625,
2023/07/25 10:52:10.000,-34.580078125,
2023/07/25 10:52:13.000,-34.5947265625,
2023/07/25 10:52:20.000,-34.61328125,
2023/07/25 10:52:23.000,-34.6103515625,
2023/07/25 10:52:29.000,-34.619140625,
2023/07/25 10:52:32.000,-34.6044921875,
2023/07/25 10:52:35.000,-34.5859375,
2023/07/25 10:52:39.000,-34.5546875,
2023/07/25 10:52:43.000,-34.51953125,
2023/07/25 10:52:49.000,-34.46875,
2023/07/25 10:52:52.000,-34.4326171875,
2023/07/25 10:52:55.000,-34.419921875,
2023/07/25 10:53:00.000,-34.384765625,
2023/07/25 10:53:02.000,-34.349609375,
2023/07/25 10:53:05.000,-34.3466796875,
2023/07/25 10:53:10.000,-34.306640625,
2023/07/25 10:53:25.000,-34.1962890625,
2023/07/25 10:53:30.000,-34.171875,
2023/07/25 10:53:41.000,-34.1083984375,
2023/07/25 10:53:43.000,-34.107421875,
2023/07/25 10:53:47.000,-34.080078125,
2023/07/25 10:53:51.000,-34.060546875,
2023/07/25 10:53:55.000,-34.0419921875,
2023/07/25 10:54:00.000,-34.0263671875,
2023/07/25 10:54:14.000,-33.990234375,
2023/07/25 10:54:19.000,-33.9765625,
2023/07/25 10:54:22.000,-33.9609375,
2023/07/25 10:54:25.000,-33.939453125,
2023/07/25 10:54:30.000,-33.91015625,
2023/07/25 10:54:33.000,-33.8935546875,
2023/07/25 10:54:39.000,-33.875,
2023/07/25 10:54:42.000,-33.861328125,
2023/07/25 10:55:02.000,-33.82421875,
2023/07/25 10:55:05.000,-33.8330078125,
2023/07/25 10:55:10.000,-33.837890625,
2023/07/25 10:55:13.000,-33.8330078125,
2023/07/25 10:55:19.000,-33.8408203125,
2023/07/25 10:55:22.000,-33.84765625,
2023/07/25 10:55:25.000,-33.849609375,
2023/07/25 10:55:30.000,-33.873046875,
2023/07/25 10:55:33.000,-33.87109375,
2023/07/25 10:55:39.000,-33.8935546875,
2023/07/25 10:55:43.000,-33.91015625,
2023/07/25 10:55:48.000,-33.916015625,
2023/07/25 10:55:51.000,-33.9296875,
2023/07/25 10:55:55.000,-33.9423828125,
2023/07/25 10:55:58.000,-33.958984375,
2023/07/25 10:56:01.000,-33.9580078125,
2023/07/25 10:56:11.000,-33.98046875,
2023/07/25 10:56:15.000,-33.9912109375,
2023/07/25 10:56:19.000,-33.9892578125,
2023/07/25 10:56:23.000,-33.9990234375,
2023/07/25 10:56:29.000,-34.005859375,
2023/07/25 10:56:33.000,-34.0029296875,
2023/07/25 10:56:40.000,-34,
2023/07/25 10:56:48.000,-33.994140625,
2023/07/25 10:56:51.000,-33.986328125,
2023/07/25 10:56:54.000,-33.9755859375,
2023/07/25 10:56:56.000,-33.970703125,
2023/07/25 10:57:00.000,-33.9619140625,
2023/07/25 10:57:03.000,-33.953125,
2023/07/25 10:57:09.000,-33.9365234375,
2023/07/25 10:57:13.000,-33.9296875,
2023/07/25 10:57:15.000,-33.921875,
2023/07/25 10:57:20.000,-33.908203125,
2023/07/25 10:57:27.000,-33.8828125,
2023/07/25 10:57:31.000,-33.865234375,
2023/07/25 10:57:33.000,-33.85546875,
2023/07/25 10:57:39.000,-33.83203125,
2023/07/25 10:57:42.000,-33.8193359375,
2023/07/25 10:57:52.000,-33.78125,
2023/07/25 10:57:55.000,-33.7705078125,
2023/07/25 10:58:04.000,-33.736328125,
2023/07/25 10:58:09.000,-33.716796875,
2023/07/25 10:58:18.000,-33.68359375,
2023/07/25 10:58:21.000,-33.6748046875,
2023/07/25 10:58:32.000,-33.62890625,
2023/07/25 10:58:35.000,-33.6181640625,
2023/07/25 10:58:44.000,-33.6005859375,
2023/07/25 10:58:48.000,-33.5908203125,
2023/07/25 10:58:51.000,-33.587890625,
2023/07/25 10:58:54.000,-33.5830078125,
2023/07/25 10:58:59.000,-33.5771484375,
2023/07/25 10:59:09.000,-33.58203125,
2023/07/25 10:59:22.000,-33.5869140625,
2023/07/25 10:59:25.000,-33.58984375,
2023/07/25 10:59:31.000,-33.591796875,
2023/07/25 10:59:34.000,-33.595703125,
2023/07/25 10:59:39.000,-33.6044921875,
2023/07/25 10:59:49.000,-33.6357421875,
2023/07/25 10:59:53.000,-33.6328125,
2023/07/25 11:00:02.000,-33.673828125,
2023/07/25 11:00:05.000,-33.68359375,
2023/07/25 11:00:11.000,-33.716796875,
2023/07/25 11:00:14.000,-33.72265625,
2023/07/25 11:00:19.000,-33.744140625,
2023/07/25 11:00:29.000,-33.7861328125,
2023/07/25 11:00:33.000,-33.8046875,
2023/07/25 11:00:38.000,-33.83203125,
2023/07/25 11:00:41.000,-33.837890625,
2023/07/25 11:00:45.000,-33.841796875,
2023/07/25 11:00:48.000,-33.8564453125,
2023/07/25 11:00:51.000,-33.8701171875,
2023/07/25 11:00:54.000,-33.88671875,
2023/07/25 11:00:59.000,-33.884765625,
2023/07/25 11:01:02.000,-33.8935546875,
2023/07/25 11:01:09.000,-33.9072265625,
2023/07/25 11:01:13.000,-33.916015625,
2023/07/25 11:01:20.000,-35.138671875,
2023/07/25 11:01:23.000,-35.392578125,
2023/07/25 11:01:29.000,-35.611328125,
2023/07/25 11:01:33.000,-35.6767578125,
2023/07/25 11:01:40.000,-36.1357421875,
2023/07/25 11:01:43.000,-36.619140625,
2023/07/25 11:01:46.000,-36.9404296875,
2023/07/25 11:01:50.000,-37.0810546875,
2023/07/25 11:01:53.000,-37.1240234375,
2023/07/25 11:01:59.000,-37.1787109375,
2023/07/25 11:02:03.000,-37.2255859375,
2023/07/25 11:02:08.000,-37.244140625,
2023/07/25 11:02:11.000,-37.263671875,
2023/07/25 11:02:14.000,-37.2724609375,
2023/07/25 11:02:16.000,-37.279296875,
2023/07/25 11:02:20.000,-37.2861328125,
2023/07/25 11:02:23.000,-37.2841796875,
2023/07/25 11:02:39.000,-37.2822265625,
2023/07/25 11:02:41.000,-37.2900390625,
2023/07/25 11:02:45.000,-37.28125,
2023/07/25 11:02:49.000,-37.2861328125,
2023/07/25 11:02:53.000,-38.015625,
2023/07/25 11:03:00.000,-38.5166015625,
2023/07/25 11:03:03.000,-38.6005859375,
2023/07/25 11:03:09.000,-38.693359375,
2023/07/25 11:03:12.000,-38.7265625,
2023/07/25 11:03:15.000,-38.744140625,
2023/07/25 11:03:21.000,-38.7841796875,
2023/07/25 11:03:46.000,-38.921875,
2023/07/25 11:03:50.000,-38.9404296875,
2023/07/25 11:03:53.000,-38.9619140625,
2023/07/25 11:03:56.000,-38.9873046875,
2023/07/25 11:04:01.000,-39.017578125,
2023/07/25 11:04:03.000,-39.021484375,
2023/07/25 11:04:06.000,-39.03515625,
2023/07/25 11:04:11.000,-39.068359375,
2023/07/25 11:04:13.000,-39.080078125,
2023/07/25 11:04:24.000,-40.3154296875,
2023/07/25 11:04:29.000,-40.408203125,
2023/07/25 11:04:36.000,-40.71875,
2023/07/25 11:04:41.000,-40.818359375,
2023/07/25 11:04:44.000,-40.8671875,
2023/07/25 11:04:49.000,-40.9365234375,
2023/07/25 11:04:59.000,-41.0537109375,
2023/07/25 11:05:03.000,-41.0849609375,
2023/07/25 11:05:12.000,-41.1640625,
2023/07/25 11:05:15.000,-41.1826171875,
2023/07/25 11:05:22.000,-41.2412109375,
2023/07/25 11:05:25.000,-41.259765625,
2023/07/25 11:05:32.000,-41.3017578125,
2023/07/25 11:05:35.000,-41.3251953125,
2023/07/25 11:05:41.000,-41.3515625,
2023/07/25 11:05:44.000,-41.3642578125,
2023/07/25 11:05:47.000,-41.376953125,
2023/07/25 11:05:51.000,-41.3916015625,
2023/07/25 11:05:54.000,-41.4013671875,
2023/07/25 11:05:57.000,-41.408203125,
2023/07/25 11:06:01.000,-41.4140625,
2023/07/25 11:06:10.000,-41.439453125,
2023/07/25 11:06:12.000,-41.4443359375,
2023/07/25 11:06:15.000,-41.5107421875,
2023/07/25 11:06:19.000,-42.50390625,
2023/07/25 11:06:23.000,-42.810546875,
2023/07/25 11:06:30.000,-42.994140625,
2023/07/25 11:06:33.000,-43.009765625,
2023/07/25 11:06:36.000,-43.0361328125,
2023/07/25 11:06:40.000,-43.0537109375,
2023/07/25 11:06:46.000,-43.056640625,
2023/07/25 11:06:51.000,-43.064453125,
2023/07/25 11:06:54.000,-43.189453125,
2023/07/25 11:07:04.000,-43.08203125,
2023/07/25 11:07:07.000,-43.09375,
2023/07/25 11:07:12.000,-43.203125,
2023/07/25 11:07:20.000,-43.1982421875,
2023/07/25 11:07:23.000,-43.205078125,
2023/07/25 11:07:27.000,-43.2080078125,
2023/07/25 11:07:32.000,-43.21484375,
2023/07/25 11:07:35.000,-43.2109375,
2023/07/25 11:07:40.000,-43.2197265625,
2023/07/25 11:07:43.000,-43.212890625,
2023/07/25 11:07:47.000,-43.2197265625,
2023/07/25 11:07:52.000,-43.2236328125,
2023/07/25 11:08:03.000,-43.25,
2023/07/25 11:08:07.000,-43.259765625,
2023/07/25 11:08:12.000,-43.2734375,
2023/07/25 11:08:20.000,-43.3095703125,
2023/07/25 11:08:30.000,-43.3408203125,
2023/07/25 11:08:40.000,-43.384765625,
2023/07/25 11:08:43.000,-43.396484375,
2023/07/25 11:08:47.000,-43.4130859375,
2023/07/25 11:08:52.000,-43.4326171875,
2023/07/25 11:08:55.000,-43.45703125,
2023/07/25 11:09:01.000,-43.4853515625,
2023/07/25 11:09:05.000,-43.5087890625,
2023/07/25 11:09:07.000,-43.5185546875,
2023/07/25 11:09:12.000,-43.5478515625,
2023/07/25 11:09:19.000,-43.5927734375,
2023/07/25 11:09:24.000,-43.626953125,
2023/07/25 11:09:26.000,-43.6376953125,
2023/07/25 11:09:31.000,-43.6708984375,
2023/07/25 11:09:34.000,-43.6923828125,
2023/07/25 11:09:37.000,-43.716796875,
2023/07/25 11:09:42.000,-43.74609375,
2023/07/25 11:09:50.000,-43.8017578125,
2023/07/25 11:09:53.000,-43.8251953125,
2023/07/25 11:09:56.000,-43.845703125,
2023/07/25 11:10:01.000,-43.869140625,
2023/07/25 11:10:04.000,-43.8818359375,
2023/07/25 11:10:06.000,-43.892578125,
2023/07/25 11:10:11.000,-43.9150390625,
2023/07/25 11:10:14.000,-43.9384765625,
2023/07/25 11:10:17.000,-43.9501953125,
2023/07/25 11:10:22.000,-43.962890625,
2023/07/25 11:10:25.000,-43.9921875,
2023/07/25 11:10:31.000,-44.001953125,
2023/07/25 11:10:34.000,-44.0048828125,
2023/07/25 11:10:37.000,-44.015625,
2023/07/25 11:10:42.000,-44.013671875,
2023/07/25 11:10:50.000,-44.029296875,
2023/07/25 11:10:56.000,-44.046875,
2023/07/25 11:11:01.000,-44.0380859375,
2023/07/25 11:11:04.000,-44.0341796875,
2023/07/25 11:11:06.000,-44.037109375,
2023/07/25 11:11:14.000,-44.0390625,
2023/07/25 11:11:17.000,-44.033203125,
2023/07/25 11:11:22.000,-44.0185546875,
2023/07/25 11:11:25.000,-44.0166015625,
2023/07/25 11:11:30.000,-43.8017578125,
2023/07/25 11:11:33.000,-43.732421875,
2023/07/25 11:11:36.000,-43.6923828125,
2023/07/25 11:11:50.000,-43.6044921875,
2023/07/25 11:11:53.000,-43.5927734375,
2023/07/25 11:11:59.000,-43.5546875,
2023/07/25 11:12:03.000,-43.5390625,
2023/07/25 11:12:06.000,-43.537109375,
2023/07/25 11:12:11.000,-43.51953125,
2023/07/25 11:12:27.000,-43.470703125,
2023/07/25 11:12:31.000,-43.4482421875,
2023/07/25 11:12:34.000,-43.44140625,
2023/07/25 11:12:40.000,-43.423828125,
2023/07/25 11:12:43.000,-43.4140625,
2023/07/25 11:12:50.000,-43.400390625,
2023/07/25 11:12:56.000,-43.2587890625,
2023/07/25 11:13:01.000,-43.2158203125,
2023/07/25 11:13:04.000,-43.197265625,
2023/07/25 11:13:14.000,-43.171875,
2023/07/25 11:13:17.000,-43.1650390625,
2023/07/25 11:13:22.000,-43.173828125,
2023/07/25 11:13:25.000,-43.171875,
2023/07/25 11:13:30.000,-43.173828125,
2023/07/25 11:13:34.000,-43.169921875,
2023/07/25 11:13:37.000,-43.1767578125,
2023/07/25 11:13:42.000,-43.1826171875,
2023/07/25 11:13:45.000,-43.1875,
2023/07/25 11:13:51.000,-43.1962890625,
2023/07/25 11:13:55.000,-43.2021484375,
2023/07/25 11:13:57.000,-43.2080078125,
2023/07/25 11:14:02.000,-43.2109375,
2023/07/25 11:14:05.000,-43.21484375,
2023/07/25 11:14:10.000,-43.2158203125,
2023/07/25 11:14:14.000,-43.2255859375,
2023/07/25 11:14:20.000,-43.228515625,
2023/07/25 11:14:23.000,-43.224609375,
2023/07/25 11:14:26.000,-43.2265625,
2023/07/25 11:14:30.000,-43.2255859375,
2023/07/25 11:14:36.000,-43.2216796875,
2023/07/25 11:14:41.000,-43.2265625,
2023/07/25 11:14:56.000,-43.0234375,
2023/07/25 11:15:01.000,-43,
2023/07/25 11:15:05.000,-42.9755859375,
2023/07/25 11:15:10.000,-42.966796875,
2023/07/25 11:15:14.000,-42.9453125,
2023/07/25 11:15:19.000,-42.927734375,
2023/07/25 11:15:23.000,-42.9072265625,
2023/07/25 11:15:26.000,-42.900390625,
2023/07/25 11:15:31.000,-42.8720703125,
2023/07/25 11:15:40.000,-42.8369140625,
2023/07/25 11:15:44.000,-42.8125,
2023/07/25 11:15:49.000,-42.787109375,
2023/07/25 11:15:52.000,-42.7705078125,
2023/07/25 11:15:55.000,-42.7626953125,
2023/07/25 11:16:04.000,-42.7138671875,
2023/07/25 11:16:07.000,-42.681640625,
2023/07/25 11:16:12.000,-42.5400390625,
2023/07/25 11:16:15.000,-42.4462890625,
2023/07/25 11:16:21.000,-42.328125,
2023/07/25 11:16:25.000,-42.3037109375,
2023/07/25 11:16:44.000,-42.0107421875,
2023/07/25 11:16:47.000,-41.873046875,
2023/07/25 11:16:52.000,-41.70703125,
2023/07/25 11:16:55.000,-41.638671875,
2023/07/25 11:17:00.000,-41.58984375,
2023/07/25 11:17:04.000,-41.5078125,
2023/07/25 11:17:07.000,-41.4375,
2023/07/25 11:17:12.000,-41.3828125,
2023/07/25 11:17:15.000,-41.3515625,
2023/07/25 11:17:19.000,-41.2958984375,
2023/07/25 11:17:22.000,-41.2900390625,
2023/07/25 11:17:25.000,-41.259765625,
2023/07/25 11:17:30.000,-41.244140625,
2023/07/25 11:17:33.000,-41.23828125,
2023/07/25 11:17:41.000,-41.138671875,
2023/07/25 11:17:56.000,-41.1103515625,
2023/07/25 11:18:01.000,-41.138671875,
2023/07/25 11:18:04.000,-41.177734375,
2023/07/25 11:18:07.000,-41.18359375,
2023/07/25 11:18:12.000,-41.197265625,
2023/07/25 11:18:20.000,-41.203125,
2023/07/25 11:18:23.000,-41.2060546875,
2023/07/25 11:18:26.000,-41.2158203125,
2023/07/25 11:18:28.000,-41.20703125,
2023/07/25 11:18:32.000,-41.203125,
2023/07/25 11:18:35.000,-41.2060546875,
2023/07/25 11:18:45.000,-41.2099609375,
2023/07/25 11:18:53.000,-41.2119140625,
2023/07/25 11:19:07.000,-41.2109375,
2023/07/25 11:19:13.000,-41.18359375,
2023/07/25 11:19:19.000,-41.1669921875,
2023/07/25 11:19:23.000,-41.16015625,
2023/07/25 11:19:25.000,-41.1494140625,
2023/07/25 11:19:31.000,-41.1396484375,
2023/07/25 11:19:34.000,-41.1318359375,
2023/07/25 11:19:44.000,-41.0927734375,
2023/07/25 11:19:47.000,-41.0830078125,
2023/07/25 11:19:56.000,-41.0732421875,
2023/07/25 11:20:01.000,-41.0556640625,
2023/07/25 11:20:09.000,-41.033203125,
2023/07/25 11:20:12.000,-41.0205078125,
2023/07/25 11:20:15.000,-41.021484375,
2023/07/25 11:20:18.000,-41.009765625,
2023/07/25 11:20:22.000,-40.9951171875,
2023/07/25 11:20:30.000,-40.9814453125,
2023/07/25 11:20:33.000,-40.9638671875,
2023/07/25 11:20:36.000,-40.9482421875,
2023/07/25 11:20:38.000,-40.9560546875,
2023/07/25 11:20:42.000,-40.94140625,
2023/07/25 11:20:45.000,-40.9228515625,
2023/07/25 11:21:11.000,-40.85546875,
2023/07/25 11:21:15.000,-40.84765625,
2023/07/25 11:21:20.000,-40.8349609375,
2023/07/25 11:21:26.000,-40.83203125,
2023/07/25 11:21:31.000,-40.818359375,
2023/07/25 11:21:38.000,-40.8154296875,
2023/07/25 11:21:42.000,-40.8173828125,
2023/07/25 11:21:54.000,-40.828125,
2023/07/25 11:21:57.000,-40.8232421875,
2023/07/25 11:22:03.000,-40.8369140625,
2023/07/25 11:22:06.000,-40.8408203125,
2023/07/25 11:22:11.000,-40.8525390625,
2023/07/25 11:22:21.000,-40.8798828125,
2023/07/25 11:22:25.000,-40.900390625,
2023/07/25 11:22:30.000,-40.9072265625,
2023/07/25 11:22:33.000,-40.9248046875,
2023/07/25 11:22:36.000,-40.9306640625,
2023/07/25 11:22:41.000,-40.953125,
2023/07/25 11:22:44.000,-40.9638671875,
2023/07/25 11:22:48.000,-40.9794921875,
2023/07/25 11:22:52.000,-41.0048828125,
2023/07/25 11:22:55.000,-41.01171875,
2023/07/25 11:23:00.000,-41.03515625,
2023/07/25 11:23:03.000,-41.0517578125,
2023/07/25 11:23:07.000,-41.080078125,
2023/07/25 11:23:12.000,-41.0927734375,
2023/07/25 11:23:18.000,-41.1259765625,
2023/07/25 11:23:22.000,-41.138671875,
2023/07/25 11:23:32.000,-41.181640625,
2023/07/25 11:23:35.000,-41.1923828125,
2023/07/25 11:23:41.000,-41.2080078125,
2023/07/25 11:23:45.000,-41.2265625,
2023/07/25 11:24:03.000,-41.2568359375,
2023/07/25 11:24:06.000,-41.2548828125,
2023/07/25 11:24:11.000,-41.2568359375,
2023/07/25 11:24:27.000,-41.2509765625,
2023/07/25 11:24:31.000,-41.2578125,
2023/07/25 11:24:38.000,-41.2431640625,
2023/07/25 11:24:42.000,-41.23828125,
2023/07/25 11:24:48.000,-41.224609375,
2023/07/25 11:24:53.000,-41.2197265625,
2023/07/25 11:24:55.000,-41.2177734375,
2023/07/25 11:25:06.000,-41.171875,
2023/07/25 11:25:11.000,-41.1513671875,
2023/07/25 11:25:18.000,-41.125,
2023/07/25 11:25:23.000,-41.1103515625,
2023/07/25 11:25:28.000,-41.103515625,
2023/07/25 11:25:32.000,-41.08984375,
2023/07/25 11:25:36.000,-41.083984375,
2023/07/25 11:25:41.000,-41.0654296875,
2023/07/25 11:25:44.000,-41.05859375,
2023/07/25 11:25:47.000,-41.0458984375,
2023/07/25 11:25:53.000,-41.0380859375,
2023/07/25 11:25:57.000,-41.0302734375,
2023/07/25 11:26:02.000,-41.0146484375,
2023/07/25 11:26:05.000,-41.0166015625,
2023/07/25 11:26:10.000,-41.0087890625,
2023/07/25 11:26:13.000,-41.009765625,
2023/07/25 11:26:16.000,-41.0068359375,
2023/07/25 11:26:21.000,-41.0126953125,
2023/07/25 11:26:34.000,-41.017578125,
2023/07/25 11:26:43.000,-41.0283203125,
2023/07/25 11:26:46.000,-41.0322265625,
2023/07/25 11:26:51.000,-41.04296875,
2023/07/25 11:27:01.000,-41.080078125,
2023/07/25 11:27:05.000,-41.0947265625,
2023/07/25 11:27:09.000,-41.1201171875,
2023/07/25 11:27:13.000,-41.1435546875,
2023/07/25 11:27:16.000,-41.1494140625,
2023/07/25 11:27:21.000,-41.1845703125,
2023/07/25 11:27:32.000,-41.2451171875,
2023/07/25 11:27:35.000,-41.2568359375,
2023/07/25 11:27:38.000,-41.2763671875,
2023/07/25 11:27:43.000,-41.30078125,
2023/07/25 11:27:46.000,-41.3193359375,
2023/07/25 11:27:49.000,-41.3349609375,
2023/07/25 11:27:53.000,-41.3564453125,
2023/07/25 11:27:56.000,-41.3720703125,
2023/07/25 11:27:59.000,-41.3828125,
2023/07/25 11:28:04.000,-41.4013671875,
2023/07/25 11:28:07.000,-41.4111328125,
2023/07/25 11:28:12.000,-41.423828125,
2023/07/25 11:28:15.000,-41.43359375,
2023/07/25 11:28:21.000,-41.447265625,
2023/07/25 11:28:25.000,-41.46484375,
2023/07/25 11:28:35.000,-41.4609375,
2023/07/25 11:28:37.000,-41.45703125,
2023/07/25 11:28:43.000,-41.4541015625,
2023/07/25 11:28:48.000,-41.4482421875,
2023/07/25 11:28:53.000,-41.4384765625,
2023/07/25 11:28:56.000,-41.4287109375,
2023/07/25 11:28:59.000,-41.4091796875,
2023/07/25 11:29:04.000,-41.4111328125,
2023/07/25 11:29:07.000,-41.41015625,
2023/07/25 11:29:13.000,-41.3896484375,
2023/07/25 11:29:16.000,-41.384765625,
2023/07/25 11:29:19.000,-41.3720703125,
2023/07/25 11:29:24.000,-41.3544921875,
2023/07/25 11:29:35.000,-41.3232421875,
2023/07/25 11:29:37.000,-41.31640625,
2023/07/25 11:29:53.000,-41.2763671875,
2023/07/25 11:30:02.000,-41.2587890625,
2023/07/25 11:30:08.000,-41.2314453125,
2023/07/25 11:30:13.000,-41.2255859375,
2023/07/25 11:30:16.000,-41.2109375,
2023/07/25 11:30:19.000,-41.2099609375,
2023/07/25 11:30:24.000,-41.20703125,
2023/07/25 11:30:38.000,-41.2099609375,
2023/07/25 11:30:43.000,-41.21484375,
2023/07/25 11:30:46.000,-41.212890625,
2023/07/25 11:30:49.000,-41.2216796875,
2023/07/25 11:30:53.000,-41.2314453125,
2023/07/25 11:30:57.000,-41.2294921875,
2023/07/25 11:31:03.000,-41.248046875,
2023/07/25 11:31:06.000,-41.2529296875,
2023/07/25 11:31:09.000,-41.2578125,
2023/07/25 11:31:14.000,-41.2744140625,
2023/07/25 11:31:17.000,-41.28125,
2023/07/25 11:31:23.000,-41.3017578125,
2023/07/25 11:31:26.000,-41.310546875,
2023/07/25 11:31:29.000,-41.3154296875,
2023/07/25 11:31:33.000,-41.3349609375,
2023/07/25 11:31:36.000,-41.353515625,
2023/07/25 11:31:53.000,-41.43359375,
2023/07/25 11:31:56.000,-41.4541015625,
2023/07/25 11:32:01.000,-41.4794921875,
2023/07/25 11:32:05.000,-41.49609375,
2023/07/25 11:32:14.000,-41.552734375,
2023/07/25 11:32:17.000,-41.560546875,
2023/07/25 11:32:23.000,-41.58984375,
2023/07/25 11:32:43.000,-41.638671875,
2023/07/25 11:32:47.000,-41.6513671875,
2023/07/25 11:32:56.000,-41.666015625,
2023/07/25 11:33:04.000,-41.6689453125,
2023/07/25 11:33:07.000,-41.6669921875,
2023/07/25 11:33:13.000,-41.650390625,
2023/07/25 11:33:17.000,-41.646484375,
2023/07/25 11:33:19.000,-41.6513671875,
2023/07/25 11:33:24.000,-41.646484375,
2023/07/25 11:33:27.000,-41.63671875,
2023/07/25 11:33:33.000,-41.630859375,
2023/07/25 11:33:37.000,-41.619140625,
2023/07/25 11:33:39.000,-41.6123046875,
2023/07/25 11:33:44.000,-41.599609375,
2023/07/25 11:33:52.000,-41.5625,
2023/07/25 11:33:56.000,-41.5419921875,
2023/07/25 11:33:58.000,-41.5322265625,
2023/07/25 11:34:03.000,-41.509765625,
2023/07/25 11:34:06.000,-41.4951171875,
2023/07/25 11:34:09.000,-41.4775390625,
2023/07/25 11:34:14.000,-41.4296875,
2023/07/25 11:34:22.000,-41.3642578125,
2023/07/25 11:34:25.000,-41.3203125,
2023/07/25 11:34:28.000,-41.2998046875,
2023/07/25 11:34:34.000,-41.2490234375,
2023/07/25 11:34:37.000,-41.228515625,
2023/07/25 11:34:41.000,-41.173828125,
2023/07/25 11:34:47.000,-41.1357421875,
2023/07/25 11:34:49.000,-41.123046875,
2023/07/25 11:34:56.000,-41.08203125,
2023/07/25 11:35:13.000,-41.0029296875,
2023/07/25 11:35:16.000,-40.98046875,
2023/07/25 11:35:19.000,-40.974609375,
2023/07/25 11:35:24.000,-40.9482421875,
2023/07/25 11:35:32.000,-40.935546875,
2023/07/25 11:35:35.000,-40.9306640625,
2023/07/25 11:35:39.000,-40.9189453125,
2023/07/25 11:35:44.000,-40.921875,
2023/07/25 11:35:47.000,-40.9140625,
2023/07/25 11:35:53.000,-40.919921875,
2023/07/25 11:35:57.000,-40.9287109375,
2023/07/25 11:36:13.000,-40.9765625,
2023/07/25 11:36:16.000,-40.9931640625,
2023/07/25 11:36:26.000,-41.0263671875,
2023/07/25 11:36:29.000,-41.0361328125,
2023/07/25 11:36:34.000,-41.0537109375,
2023/07/25 11:36:37.000,-41.0546875,
2023/07/25 11:36:42.000,-41.0654296875,
2023/07/25 11:36:46.000,-41.068359375,
2023/07/25 11:36:49.000,-41.0703125,
2023/07/25 11:36:54.000,-41.0888671875,
2023/07/25 11:36:57.000,-41.0830078125,
2023/07/25 11:37:01.000,-41.08984375,
2023/07/25 11:37:04.000,-41.091796875,
2023/07/25 11:37:07.000,-41.080078125,
2023/07/25 11:37:13.000,-41.0849609375,
2023/07/25 11:37:16.000,-41.080078125,
2023/07/25 11:37:19.000,-41.0751953125,
2023/07/25 11:37:23.000,-41.07421875,
2023/07/25 11:37:26.000,-41.078125,
2023/07/25 11:37:31.000,-41.064453125,
2023/07/25 11:37:35.000,-41.0537109375,
2023/07/25 11:37:44.000,-41.0380859375,
2023/07/25 11:37:47.000,-41.0322265625,
2023/07/25 11:37:53.000,-41.025390625,
2023/07/25 11:37:56.000,-41.009765625,
2023/07/25 11:37:59.000,-41,
2023/07/25 11:38:04.000,-40.9921875,
2023/07/25 11:38:06.000,-40.984375,
2023/07/25 11:38:09.000,-40.9755859375,
2023/07/25 11:38:14.000,-40.96875,
2023/07/25 11:38:17.000,-40.9482421875,
2023/07/25 11:38:23.000,-40.935546875,
2023/07/25 11:38:26.000,-40.921875,
2023/07/25 11:38:29.000,-40.9140625,
2023/07/25 11:38:34.000,-40.8916015625,
2023/07/25 11:38:42.000,-40.8818359375,
2023/07/25 11:38:45.000,-40.876953125,
2023/07/25 11:38:48.000,-40.857421875,
2023/07/25 11:38:52.000,-40.845703125,
2023/07/25 11:39:02.000,-40.8193359375,
2023/07/25 11:39:05.000,-40.8154296875,
2023/07/25 11:39:12.000,-40.7998046875,
2023/07/25 11:39:16.000,-40.798828125,
2023/07/25 11:39:22.000,-40.7939453125,
2023/07/25 11:39:25.000,-40.7841796875,
2023/07/25 11:39:28.000,-40.7890625,
2023/07/25 11:39:33.000,-40.7861328125,
2023/07/25 11:39:49.000,-40.80859375,
2023/07/25 11:39:53.000,-40.8125,
2023/07/25 11:39:56.000,-40.8232421875,
2023/07/25 11:39:59.000,-40.82421875,
2023/07/25 11:40:06.000,-40.837890625,
2023/07/25 11:40:09.000,-40.8515625,
2023/07/25 11:40:25.000,-40.9140625,
2023/07/25 11:40:29.000,-40.93359375,
2023/07/25 11:40:33.000,-40.951171875,
2023/07/25 11:40:37.000,-40.9638671875,
2023/07/25 11:40:42.000,-40.9833984375,
2023/07/25 11:40:45.000,-41.001953125,
2023/07/25 11:40:56.000,-41.033203125,
2023/07/25 11:40:59.000,-41.044921875,
2023/07/25 11:41:06.000,-41.060546875,
2023/07/25 11:41:09.000,-41.0693359375,
2023/07/25 11:41:16.000,-41.0869140625,
2023/07/25 11:41:19.000,-41.0927734375,
2023/07/25 11:41:23.000,-41.099609375,
2023/07/25 11:41:27.000,-41.09765625,
2023/07/25 11:41:36.000,-41.0966796875,
2023/07/25 11:41:39.000,-41.0947265625,
2023/07/25 11:41:43.000,-41.091796875,
2023/07/25 11:41:47.000,-41.087890625,
2023/07/25 11:41:52.000,-41.0693359375,
2023/07/25 11:41:55.000,-41.064453125,
2023/07/25 11:41:58.000,-41.0537109375,
2023/07/25 11:42:03.000,-41.056640625,
2023/07/25 11:42:06.000,-41.03515625,
2023/07/25 11:42:12.000,-41.017578125,
2023/07/25 11:42:15.000,-41.0068359375,
2023/07/25 11:42:20.000,-40.9892578125,
2023/07/25 11:42:24.000,-40.974609375,
2023/07/25 11:42:38.000,-40.9189453125,
2023/07/25 11:42:44.000,-40.904296875,
2023/07/25 11:42:47.000,-40.8984375,
2023/07/25 11:42:53.000,-40.8818359375,
2023/07/25 11:42:57.000,-40.87109375,
2023/07/25 11:43:12.000,-40.833984375,
2023/07/25 11:43:15.000,-40.8193359375,
2023/07/25 11:43:18.000,-40.8125,
2023/07/25 11:43:23.000,-40.7958984375,
2023/07/25 11:43:28.000,-40.7802734375,
2023/07/25 11:43:33.000,-40.779296875,
2023/07/25 11:43:38.000,-40.76171875,
2023/07/25 11:43:43.000,-40.7578125,
2023/07/25 11:43:48.000,-40.75390625,
2023/07/25 11:43:58.000,-40.7451171875,
2023/07/25 11:44:08.000,-40.748046875,
2023/07/25 11:44:13.000,-40.7607421875,
2023/07/25 11:44:28.000,-40.7998046875,
2023/07/25 11:44:33.000,-40.8232421875,
2023/07/25 11:44:42.000,-40.8662109375,
2023/07/25 11:44:45.000,-40.8916015625,
2023/07/25 11:44:48.000,-40.904296875,
2023/07/25 11:44:54.000,-40.943359375,
2023/07/25 11:44:57.000,-40.9599609375,
2023/07/25 11:45:03.000,-41.0068359375,
2023/07/25 11:45:06.000,-41.0166015625,
2023/07/25 11:45:09.000,-41.0361328125,
2023/07/25 11:45:16.000,-41.07421875,
2023/07/25 11:45:19.000,-41.087890625,
2023/07/25 11:45:24.000,-41.1162109375,
2023/07/25 11:45:27.000,-41.130859375,
2023/07/25 11:45:30.000,-41.138671875,
2023/07/25 11:45:34.000,-41.158203125,
2023/07/25 11:45:44.000,-41.1845703125,
2023/07/25 11:45:47.000,-41.1884765625,
2023/07/25 11:45:50.000,-41.203125,
2023/07/25 11:45:54.000,-41.1982421875,
2023/07/25 11:45:57.000,-41.203125,
2023/07/25 11:46:03.000,-41.21484375,
2023/07/25 11:46:08.000,-41.2119140625,
2023/07/25 11:46:13.000,-41.201171875,
2023/07/25 11:46:18.000,-41.2060546875,
2023/07/25 11:46:23.000,-41.19140625,
2023/07/25 11:46:28.000,-41.1865234375,
2023/07/25 11:46:33.000,-41.1787109375,
2023/07/25 11:46:38.000,-41.16796875,
2023/07/25 11:46:42.000,-41.1630859375,
2023/07/25 11:46:46.000,-41.150390625,
2023/07/25 11:46:56.000,-41.107421875,
2023/07/25 11:46:59.000,-41.0849609375,
2023/07/25 11:47:06.000,-41.05078125,
2023/07/25 11:47:09.000,-41.046875,
2023/07/25 11:47:18.000,-40.994140625,
2023/07/25 11:47:23.000,-40.9755859375,
2023/07/25 11:47:28.000,-40.935546875,
2023/07/25 11:47:33.000,-40.9150390625,
2023/07/25 11:47:43.000,-40.8662109375,
2023/07/25 11:47:48.000,-40.8427734375,
2023/07/25 11:47:50.000,-40.8291015625,
2023/07/25 11:47:55.000,-40.8134765625,
2023/07/25 11:48:04.000,-40.765625,
2023/07/25 11:48:12.000,-40.7509765625,
2023/07/25 11:48:14.000,-40.73828125,
2023/07/25 11:48:17.000,-40.740234375,
2023/07/25 11:48:23.000,-40.732421875,
2023/07/25 11:48:37.000,-40.7255859375,
2023/07/25 11:48:43.000,-40.7333984375,
2023/07/25 11:48:48.000,-40.744140625,
2023/07/25 11:48:53.000,-40.755859375,
2023/07/25 11:48:58.000,-40.7685546875,
2023/07/25 11:49:03.000,-40.78125,
2023/07/25 11:49:08.000,-40.80078125,
2023/07/25 11:49:11.000,-40.806640625,
2023/07/25 11:49:15.000,-40.8330078125,
2023/07/25 11:49:18.000,-40.841796875,
2023/07/25 11:49:20.000,-40.8427734375,
2023/07/25 11:49:25.000,-40.869140625,
2023/07/25 11:49:28.000,-40.8857421875,
2023/07/25 11:49:31.000,-40.8837890625,
2023/07/25 11:49:35.000,-40.8916015625,
2023/07/25 11:49:44.000,-40.9287109375,
2023/07/25 11:49:54.000,-40.9482421875,
2023/07/25 11:50:00.000,-40.947265625,
2023/07/25 11:50:05.000,-40.9560546875,
2023/07/25 11:50:08.000,-40.9521484375,
2023/07/25 11:50:11.000,-40.953125,
2023/07/25 11:50:15.000,-40.9482421875,
2023/07/25 11:50:26.000,-40.9306640625,
2023/07/25 11:50:29.000,-40.9189453125,
2023/07/25 11:50:36.000,-40.9091796875,
2023/07/25 11:50:39.000,-40.896484375,
2023/07/25 11:50:46.000,-40.8818359375,
2023/07/25 11:50:49.000,-40.86328125,
2023/07/25 11:50:54.000,-40.8466796875,
2023/07/25 11:50:57.000,-40.8369140625,
2023/07/25 11:51:00.000,-40.822265625,
2023/07/25 11:51:05.000,-40.80859375,
2023/07/25 11:51:08.000,-40.7998046875,
2023/07/25 11:51:11.000,-40.787109375,
2023/07/25 11:51:16.000,-40.771484375,
2023/07/25 11:51:19.000,-40.755859375,
2023/07/25 11:51:25.000,-40.7353515625,
2023/07/25 11:51:29.000,-40.7197265625,
2023/07/25 11:51:31.000,-40.7119140625,
2023/07/25 11:51:36.000,-40.6953125,
2023/07/25 11:51:43.000,-40.6630859375,
2023/07/25 11:51:47.000,-40.6455078125,
2023/07/25 11:51:53.000,-40.6240234375,
2023/07/25 11:51:57.000,-40.611328125,
2023/07/25 11:52:06.000,-40.5810546875,
2023/07/25 11:52:16.000,-40.552734375,
2023/07/25 11:52:19.000,-40.5341796875,
2023/07/25 11:52:26.000,-40.5166015625,
2023/07/25 11:52:29.000,-40.51953125,
2023/07/25 11:52:38.000,-40.49609375,
2023/07/25 11:52:41.000,-40.4921875,
2023/07/25 11:52:46.000,-40.4931640625,
2023/07/25 11:52:55.000,-40.4912109375,
2023/07/25 11:53:05.000,-40.49609375,
2023/07/25 11:53:08.000,-40.4970703125,
2023/07/25 11:53:18.000,-40.51953125,
2023/07/25 11:53:21.000,-40.5263671875,
2023/07/25 11:53:26.000,-40.5478515625,
2023/07/25 11:53:37.000,-40.5791015625,
2023/07/25 11:53:39.000,-40.5888671875,
2023/07/25 11:53:50.000,-40.650390625,
2023/07/25 11:53:55.000,-40.6640625,
2023/07/25 11:54:03.000,-40.708984375,
2023/07/25 11:54:07.000,-40.724609375,
2023/07/25 11:54:10.000,-40.740234375,
2023/07/25 11:54:15.000,-40.7587890625,
2023/07/25 11:54:24.000,-40.7958984375,
2023/07/25 11:54:31.000,-40.814453125,
2023/07/25 11:54:36.000,-40.822265625,
2023/07/25 11:54:47.000,-40.8349609375,
2023/07/25 11:54:51.000,-40.8466796875,
2023/07/25 11:54:56.000,-40.84375,
2023/07/25 11:54:59.000,-40.845703125,
2023/07/25 11:55:05.000,-40.8349609375,
2023/07/25 11:55:09.000,-40.8427734375,
2023/07/25 11:55:11.000,-40.8369140625,
2023/07/25 11:55:18.000,-40.82421875,
2023/07/25 11:55:31.000,-40.7998046875,
2023/07/25 11:55:35.000,-40.78515625,
2023/07/25 11:55:55.000,-40.734375,
2023/07/25 11:55:58.000,-40.7255859375,
2023/07/25 11:56:17.000,-40.67578125,
2023/07/25 11:56:21.000,-40.6552734375,
2023/07/25 11:56:25.000,-40.640625,
2023/07/25 11:56:28.000,-40.6357421875,
2023/07/25 11:56:33.000,-40.615234375,
2023/07/25 11:56:40.000,-40.6044921875,
2023/07/25 11:56:45.000,-40.609375,
2023/07/25 11:56:50.000,-40.6005859375,
2023/07/25 11:56:55.000,-40.5791015625,
2023/07/25 11:57:00.000,-40.57421875,
2023/07/25 11:57:05.000,-40.5791015625,
2023/07/25 11:57:10.000,-40.576171875,
2023/07/25 11:57:15.000,-40.5771484375,
2023/07/25 11:57:20.000,-40.5693359375,
2023/07/25 11:57:30.000,-40.5927734375,
2023/07/25 11:57:33.000,-40.5830078125,
2023/07/25 11:57:37.000,-40.5859375,
2023/07/25 11:57:47.000,-40.60546875,
2023/07/25 11:57:51.000,-40.6123046875,
2023/07/25 11:57:55.000,-40.6259765625,
2023/07/25 11:58:05.000,-40.658203125,
2023/07/25 11:58:09.000,-40.66796875,
2023/07/25 11:58:15.000,-40.69921875,
2023/07/25 11:58:18.000,-40.71875,
2023/07/25 11:58:21.000,-40.7294921875,
2023/07/25 11:58:26.000,-40.7578125,
2023/07/25 11:58:34.000,-40.8046875,
2023/07/25 11:58:37.000,-40.8330078125,
2023/07/25 11:58:40.000,-40.85546875,
2023/07/25 11:58:50.000,-40.9306640625,
2023/07/25 11:58:54.000,-40.943359375,
2023/07/25 11:58:57.000,-40.9619140625,
2023/07/25 11:59:00.000,-40.974609375,
2023/07/25 11:59:05.000,-41.013671875,
2023/07/25 11:59:08.000,-41.0185546875,
2023/07/25 11:59:13.000,-41.05078125,
2023/07/25 11:59:17.000,-41.068359375,
2023/07/25 11:59:31.000,-41.1025390625,
2023/07/25 11:59:35.000,-41.107421875,
2023/07/25 11:59:39.000,-41.1083984375,
2023/07/25 11:59:44.000,-41.103515625,
2023/07/25 11:59:47.000,-41.0986328125,
2023/07/25 11:59:50.000,-41.0947265625,
2023/07/25 11:59:55.000,-41.08203125,
2023/07/25 12:00:06.000,-41.0498046875,
2023/07/25 12:00:09.000,-41.05078125,
2023/07/25 12:00:13.000,-41.021484375,
2023/07/25 12:00:17.000,-41.0087890625,
2023/07/25 12:00:21.000,-40.9853515625,
2023/07/25 12:00:26.000,-40.9658203125,
2023/07/25 12:00:29.000,-40.9423828125,
2023/07/25 12:00:38.000,-40.87109375,
2023/07/25 12:00:41.000,-40.853515625,
2023/07/25 12:00:46.000,-40.82421875,
2023/07/25 12:00:49.000,-40.7958984375,
2023/07/25 12:00:55.000,-40.7509765625,
2023/07/25 12:01:05.000,-40.6767578125,
2023/07/25 12:01:09.000,-40.658203125,
2023/07/25 12:01:14.000,-40.6259765625,
2023/07/25 12:01:17.000,-40.6064453125,
2023/07/25 12:01:20.000,-40.59375,
2023/07/25 12:01:25.000,-40.5625,
2023/07/25 12:01:29.000,-40.54296875,
2023/07/25 12:01:33.000,-40.517578125,
2023/07/25 12:01:40.000,-40.48828125,
2023/07/25 12:01:48.000,-40.44921875,
2023/07/25 12:01:51.000,-40.4580078125,
2023/07/25 12:01:55.000,-40.4365234375,
2023/07/25 12:01:58.000,-40.4375,
2023/07/25 12:02:04.000,-40.4296875,
2023/07/25 12:02:07.000,-40.42578125,
2023/07/25 12:02:10.000,-40.41796875,
2023/07/25 12:02:15.000,-40.4267578125,
2023/07/25 12:02:28.000,-40.453125,
2023/07/25 12:02:37.000,-40.4755859375,
2023/07/25 12:02:40.000,-40.4794921875,
2023/07/25 12:02:45.000,-40.4990234375,
2023/07/25 12:02:54.000,-40.5322265625,
2023/07/25 12:02:57.000,-40.5458984375,
2023/07/25 12:03:00.000,-40.5478515625,
2023/07/25 12:03:05.000,-40.568359375,
2023/07/25 12:03:14.000,-40.59765625,
2023/07/25 12:03:19.000,-40.625,
2023/07/25 12:03:21.000,-40.6201171875,
2023/07/25 12:03:28.000,-40.6357421875,
2023/07/25 12:03:35.000,-40.6484375,
2023/07/25 12:03:39.000,-40.650390625,
2023/07/25 12:03:49.000,-40.6640625,
2023/07/25 12:03:53.000,-40.6552734375,
2023/07/25 12:04:04.000,-40.6455078125,
2023/07/25 12:04:07.000,-40.64453125,
2023/07/25 12:04:24.000,-40.5986328125,
2023/07/25 12:04:27.000,-40.5869140625,
2023/07/25 12:04:38.000,-40.5595703125,
2023/07/25 12:04:45.000,-40.529296875,
2023/07/25 12:04:49.000,-40.5126953125,
2023/07/25 12:04:58.000,-40.47265625,
2023/07/25 12:05:01.000,-40.455078125,
2023/07/25 12:05:07.000,-40.4208984375,
2023/07/25 12:05:16.000,-40.3701171875,
2023/07/25 12:05:26.000,-40.322265625,
2023/07/25 12:05:30.000,-40.3017578125,
2023/07/25 12:05:35.000,-40.2685546875,
2023/07/25 12:05:38.000,-40.25,
2023/07/25 12:05:41.000,-40.2451171875,
2023/07/25 12:05:47.000,-40.220703125,
2023/07/25 12:05:50.000,-40.2041015625,
2023/07/25 12:05:55.000,-40.1875,
2023/07/25 12:06:02.000,-40.16015625,
2023/07/25 12:06:06.000,-40.1474609375,
2023/07/25 12:06:26.000,-40.12109375,
2023/07/25 12:06:32.000,-40.1279296875,
2023/07/25 12:06:36.000,-40.1298828125,
2023/07/25 12:06:40.000,-40.1279296875,
2023/07/25 12:06:48.000,-40.150390625,
2023/07/25 12:06:52.000,-40.1552734375,
2023/07/25 12:06:56.000,-40.169921875,
2023/07/25 12:07:00.000,-40.1806640625,
2023/07/25 12:07:05.000,-40.2021484375,
2023/07/25 12:07:16.000,-40.25,
2023/07/25 12:07:20.000,-40.263671875,
2023/07/25 12:07:22.000,-40.267578125,
2023/07/25 12:07:26.000,-40.291015625,
2023/07/25 12:07:36.000,-35.5791015625,
2023/07/25 12:07:39.000,-37.6259765625,
2023/07/25 12:07:42.000,-39.4599609375,
2023/07/25 12:07:46.000,-39.962890625,
2023/07/25 12:07:56.000,-40.28125,
2023/07/25 12:07:59.000,-40.314453125,
2023/07/25 12:08:02.000,-40.3466796875,
2023/07/25 12:08:06.000,-40.3642578125,
2023/07/25 12:08:09.000,-40.3671875,
2023/07/25 12:08:11.000,-40.3837890625,
2023/07/25 12:08:17.000,-40.3857421875,
2023/07/25 12:08:21.000,-40.39453125,
2023/07/25 12:08:27.000,-40.3974609375,
2023/07/25 12:08:30.000,-40.390625,
2023/07/25 12:08:38.000,-40.384765625,
2023/07/25 12:08:45.000,-40.3837890625,
2023/07/25 12:08:56.000,-40.3603515625,
2023/07/25 12:08:59.000,-40.3505859375,
2023/07/25 12:09:02.000,-40.3515625,
2023/07/25 12:09:07.000,-40.3349609375,
2023/07/25 12:09:09.000,-40.330078125,
2023/07/25 12:09:12.000,-40.314453125,
2023/07/25 12:09:17.000,-40.306640625,
2023/07/25 12:09:22.000,-40.2900390625,
2023/07/25 12:09:27.000,-40.2587890625,
2023/07/25 12:09:30.000,-40.255859375,
2023/07/25 12:09:35.000,-40.232421875,
2023/07/25 12:09:38.000,-40.22265625,
2023/07/25 12:09:46.000,-40.18359375,
2023/07/25 12:09:49.000,-40.169921875,
2023/07/25 12:09:55.000,-40.13671875,
2023/07/25 12:09:59.000,-40.1298828125,
2023/07/25 12:10:05.000,-40.1015625,
2023/07/25 12:10:10.000,-40.095703125,
2023/07/25 12:10:15.000,-40.076171875,
2023/07/25 12:10:31.000,-40.044921875,
2023/07/25 12:10:34.000,-40.0439453125,
2023/07/25 12:10:38.000,-40.0498046875,
2023/07/25 12:10:45.000,-40.044921875,
2023/07/25 12:10:49.000,-40.0439453125,
2023/07/25 12:11:00.000,-40.0654296875,
2023/07/25 12:11:03.000,-40.068359375,
2023/07/25 12:11:07.000,-40.08203125,
2023/07/25 12:11:10.000,-40.0927734375,
2023/07/25 12:11:16.000,-40.115234375,
2023/07/25 12:11:19.000,-40.1279296875,
2023/07/25 12:11:25.000,-40.1552734375,
2023/07/25 12:11:28.000,-40.1650390625,
2023/07/25 12:11:31.000,-40.1884765625,
2023/07/25 12:11:38.000,-40.220703125,
2023/07/25 12:11:41.000,-40.25,
2023/07/25 12:11:45.000,-40.267578125,
2023/07/25 12:11:49.000,-40.294921875,
2023/07/25 12:11:52.000,-40.30859375,
2023/07/25 12:11:57.000,-40.3388671875,
2023/07/25 12:12:00.000,-40.345703125,
2023/07/25 12:12:03.000,-40.3603515625,
2023/07/25 12:12:08.000,-40.3896484375,
2023/07/25 12:12:15.000,-40.408203125,
2023/07/25 12:12:18.000,-40.4189453125,
2023/07/25 12:12:21.000,-40.427734375,
2023/07/25 12:12:25.000,-40.4501953125,
2023/07/25 12:12:29.000,-40.4580078125,
2023/07/25 12:12:32.000,-40.4658203125,
2023/07/25 12:12:37.000,-40.47265625,
2023/07/25 12:12:40.000,-40.478515625,
2023/07/25 12:12:43.000,-40.4833984375,
2023/07/25 12:12:48.000,-40.4892578125,
2023/07/25 12:12:55.000,-40.4833984375,
2023/07/25 12:13:00.000,-40.482421875,
2023/07/25 12:13:07.000,-40.4814453125,
2023/07/25 12:13:11.000,-40.47265625,
2023/07/25 12:13:21.000,-40.46484375,
2023/07/25 12:13:23.000,-40.4541015625,
2023/07/25 12:13:28.000,-40.4306640625,
2023/07/25 12:13:31.000,-40.4267578125,
2023/07/25 12:13:36.000,-40.412109375,
2023/07/25 12:13:39.000,-40.4111328125,
2023/07/25 12:13:43.000,-40.3984375,
2023/07/25 12:13:48.000,-40.380859375,
2023/07/25 12:13:56.000,-40.353515625,
2023/07/25 12:14:02.000,-40.3466796875,
2023/07/25 12:14:07.000,-40.3193359375,
2023/07/25 12:14:10.000,-40.3095703125,
2023/07/25 12:14:13.000,-40.29296875,
2023/07/25 12:14:20.000,-40.2744140625,
2023/07/25 12:14:33.000,-40.232421875,
2023/07/25 12:14:38.000,-40.216796875,
2023/07/25 12:14:41.000,-40.208984375,
2023/07/25 12:14:48.000,-40.197265625,
2023/07/25 12:15:03.000,-40.2001953125,
2023/07/25 12:15:08.000,-40.2119140625,
2023/07/25 12:15:11.000,-40.212890625,
2023/07/25 12:15:16.000,-40.2255859375,
2023/07/25 12:15:19.000,-40.2353515625,
2023/07/25 12:15:23.000,-40.2431640625,
2023/07/25 12:15:28.000,-40.2578125,
2023/07/25 12:15:39.000,-40.3193359375,
2023/07/25 12:15:41.000,-40.3271484375,
2023/07/25 12:15:48.000,-40.357421875,
2023/07/25 12:15:51.000,-40.37890625,
2023/07/25 12:15:58.000,-40.4169921875,
2023/07/25 12:16:01.000,-40.421875,
2023/07/25 12:16:25.000,-40.5302734375,
2023/07/25 12:16:29.000,-40.537109375,
2023/07/25 12:16:32.000,-40.5439453125,
2023/07/25 12:16:38.000,-40.560546875,
2023/07/25 12:16:41.000,-40.5693359375,
2023/07/25 12:16:47.000,-40.57421875,
2023/07/25 12:16:50.000,-40.58203125,
2023/07/25 12:16:53.000,-40.5771484375,
2023/07/25 12:16:58.000,-40.58203125,
2023/07/25 12:17:06.000,-40.5771484375,
2023/07/25 12:17:09.000,-40.5732421875,
2023/07/25 12:17:12.000,-40.5537109375,
2023/07/25 12:17:17.000,-40.5634765625,
2023/07/25 12:17:20.000,-40.5537109375,
2023/07/25 12:17:23.000,-40.5439453125,
2023/07/25 12:17:28.000,-40.53515625,
2023/07/25 12:17:31.000,-40.5302734375,
2023/07/25 12:17:36.000,-40.51953125,
2023/07/25 12:17:43.000,-40.515625,
2023/07/25 12:17:49.000,-40.5224609375,
2023/07/25 12:17:58.000,-40.5244140625,
2023/07/25 12:18:01.000,-40.5224609375,
2023/07/25 12:18:08.000,-40.5361328125,
2023/07/25 12:18:11.000,-40.54296875,
2023/07/25 12:18:20.000,-40.548828125,
2023/07/25 12:18:23.000,-40.5556640625,
2023/07/25 12:18:41.000,-40.591796875,
2023/07/25 12:18:47.000,-40.6123046875,
2023/07/25 12:18:50.000,-40.6220703125,
2023/07/25 12:19:00.000,-40.6591796875,
2023/07/25 12:19:03.000,-40.6767578125,
2023/07/25 12:19:08.000,-40.6943359375,
2023/07/25 12:19:11.000,-40.697265625,
2023/07/25 12:19:17.000,-40.728515625,
2023/07/25 12:19:20.000,-40.748046875,
2023/07/25 12:19:23.000,-40.7568359375,
2023/07/25 12:19:28.000,-40.77734375,
2023/07/25 12:19:31.000,-40.794921875,
2023/07/25 12:19:36.000,-40.8251953125,
2023/07/25 12:19:39.000,-40.841796875,
2023/07/25 12:19:43.000,-40.8671875,
2023/07/25 12:19:48.000,-40.8955078125,
2023/07/25 12:19:51.000,-40.9140625,
2023/07/25 12:19:57.000,-40.9501953125,
2023/07/25 12:20:01.000,-40.9794921875,
2023/07/25 12:20:03.000,-40.9951171875,
2023/07/25 12:20:07.000,-41.0302734375,
2023/07/25 12:20:10.000,-41.06640625,
2023/07/25 12:20:27.000,-41.220703125,
2023/07/25 12:20:30.000,-41.25,
2023/07/25 12:20:33.000,-41.26953125,
2023/07/25 12:20:38.000,-41.3017578125,
2023/07/25 12:20:53.000,-41.3779296875,
2023/07/25 12:20:58.000,-41.390625,
2023/07/25 12:21:01.000,-41.40625,
2023/07/25 12:21:07.000,-41.4130859375,
2023/07/25 12:21:11.000,-41.4140625,
2023/07/25 12:21:13.000,-41.4189453125,
2023/07/25 12:21:18.000,-41.4248046875,
2023/07/25 12:21:21.000,-41.4306640625,
2023/07/25 12:21:27.000,-41.41796875,
2023/07/25 12:21:37.000,-41.400390625,
2023/07/25 12:21:41.000,-41.3857421875,
2023/07/25 12:21:46.000,-41.376953125,
2023/07/25 12:21:49.000,-41.3671875,
2023/07/25 12:21:52.000,-41.369140625,
2023/07/25 12:21:57.000,-41.357421875,
2023/07/25 12:22:00.000,-41.3486328125,
2023/07/25 12:22:03.000,-41.3359375,
2023/07/25 12:22:08.000,-41.3251953125,
2023/07/25 12:22:16.000,-41.2822265625,
2023/07/25 12:22:19.000,-41.267578125,
2023/07/25 12:22:23.000,-41.2490234375,
2023/07/25 12:22:28.000,-41.228515625,
2023/07/25 12:22:31.000,-41.2158203125,
2023/07/25 12:22:37.000,-41.1962890625,
2023/07/25 12:22:39.000,-41.1923828125,
2023/07/25 12:22:43.000,-41.16796875,
2023/07/25 12:22:48.000,-41.158203125,
2023/07/25 12:22:51.000,-41.138671875,
2023/07/25 12:22:57.000,-41.1201171875,
2023/07/25 12:23:00.000,-41.107421875,
2023/07/25 12:23:08.000,-41.08984375,
2023/07/25 12:23:11.000,-41.0830078125,
2023/07/25 12:23:17.000,-41.0751953125,
2023/07/25 12:23:21.000,-41.0654296875,
2023/07/25 12:23:23.000,-41.0615234375,
2023/07/25 12:23:28.000,-41.0498046875,
2023/07/25 12:23:36.000,-41.0595703125,
2023/07/25 12:23:39.000,-41.0537109375,
2023/07/25 12:23:42.000,-41.0517578125,
2023/07/25 12:23:44.000,-41.0419921875,
2023/07/25 12:23:48.000,-41.05078125,
2023/07/25 12:23:51.000,-41.046875,
2023/07/25 12:24:04.000,-41.0302734375,
2023/07/25 12:24:07.000,-41.033203125,
2023/07/25 12:24:13.000,-41.0185546875,
2023/07/25 12:24:17.000,-41.02734375,
2023/07/25 12:24:26.000,-41.0205078125,
2023/07/25 12:24:29.000,-41.021484375,
2023/07/25 12:24:32.000,-41.0029296875,
2023/07/25 12:24:37.000,-41.001953125,
2023/07/25 12:24:46.000,-40.9755859375,
2023/07/25 12:24:49.000,-40.9638671875,
2023/07/25 12:24:52.000,-40.9560546875,
2023/07/25 12:24:57.000,-40.9462890625,
2023/07/25 12:25:06.000,-40.9140625,
2023/07/25 12:25:09.000,-40.896484375,
2023/07/25 12:25:12.000,-40.88671875,
2023/07/25 12:25:17.000,-40.86328125,
2023/07/25 12:25:26.000,-40.8125,
2023/07/25 12:25:29.000,-40.8056640625,
2023/07/25 12:25:40.000,-40.744140625,
2023/07/25 12:25:43.000,-40.7333984375,
2023/07/25 12:25:52.000,-40.67578125,
2023/07/25 12:25:57.000,-40.64453125,
2023/07/25 12:26:02.000,-40.6142578125,
2023/07/25 12:26:07.000,-40.5830078125,
2023/07/25 12:26:20.000,-40.5009765625,
2023/07/25 12:26:23.000,-40.484375,
2023/07/25 12:26:30.000,-40.4375,
2023/07/25 12:26:33.000,-40.4228515625,
2023/07/25 12:26:43.000,-40.361328125,
2023/07/25 12:26:48.000,-40.33203125,
2023/07/25 12:26:51.000,-40.310546875,
2023/07/25 12:26:54.000,-40.2958984375,
2023/07/25 12:26:58.000,-40.2685546875,
2023/07/25 12:27:10.000,-40.2109375,
2023/07/25 12:27:13.000,-40.2001953125,
2023/07/25 12:27:19.000,-40.173828125,
2023/07/25 12:27:22.000,-40.1708984375,
2023/07/25 12:27:27.000,-40.1572265625,
2023/07/25 12:27:37.000,-40.1318359375,
2023/07/25 12:27:41.000,-40.1201171875,
2023/07/25 12:27:46.000,-40.1298828125,
2023/07/25 12:27:49.000,-40.123046875,
2023/07/25 12:27:57.000,-40.1201171875,
2023/07/25 12:28:00.000,-40.1259765625,
2023/07/25 12:28:04.000,-40.115234375,
2023/07/25 12:28:08.000,-40.119140625,
2023/07/25 12:28:16.000,-40.13671875,
2023/07/25 12:28:19.000,-40.14453125,
2023/07/25 12:28:22.000,-40.1552734375,
2023/07/25 12:28:27.000,-40.1533203125,
2023/07/25 12:28:30.000,-40.1611328125,
2023/07/25 12:28:34.000,-40.1669921875,
2023/07/25 12:28:38.000,-40.1708984375,
2023/07/25 12:28:41.000,-40.181640625,
2023/07/25 12:28:44.000,-40.1845703125,
2023/07/25 12:28:48.000,-40.193359375,
2023/07/25 12:28:58.000,-40.216796875,
2023/07/25 12:29:10.000,-40.23046875,
2023/07/25 12:29:13.000,-40.2353515625,
2023/07/25 12:29:19.000,-40.240234375,
2023/07/25 12:29:24.000,-40.2431640625,
2023/07/25 12:29:28.000,-40.248046875,
2023/07/25 12:29:31.000,-40.2490234375,
2023/07/25 12:29:47.000,-40.25390625,
2023/07/25 12:29:57.000,-40.2451171875,
2023/07/25 12:30:01.000,-40.2392578125,
2023/07/25 12:30:10.000,-40.2294921875,
2023/07/25 12:30:13.000,-40.2314453125,
2023/07/25 12:30:19.000,-40.21875,
2023/07/25 12:30:28.000,-40.2158203125,
2023/07/25 12:30:32.000,-40.2080078125,
2023/07/25 12:30:37.000,-40.2041015625,
2023/07/25 12:30:40.000,-40.2021484375,
2023/07/25 12:30:43.000,-40.2001953125,
2023/07/25 12:30:47.000,-40.1904296875,
2023/07/25 12:31:00.000,-40.19921875,
2023/07/25 12:31:03.000,-40.2109375,
2023/07/25 12:31:10.000,-40.20703125,
2023/07/25 12:31:27.000,-40.208984375,
2023/07/25 12:31:31.000,-40.2060546875,
2023/07/25 12:31:40.000,-40.2294921875,
2023/07/25 12:31:43.000,-40.224609375,
2023/07/25 12:31:49.000,-40.2275390625,
2023/07/25 12:31:52.000,-40.2353515625,
2023/07/25 12:31:57.000,-40.255859375,
2023/07/25 12:32:07.000,-40.2724609375,
2023/07/25 12:32:11.000,-40.291015625,
2023/07/25 12:32:20.000,-40.33203125,
2023/07/25 12:32:23.000,-40.3408203125,
2023/07/25 12:32:29.000,-40.365234375,
2023/07/25 12:32:32.000,-40.3779296875,
2023/07/25 12:32:38.000,-40.4033203125,
2023/07/25 12:32:41.000,-40.4130859375,
2023/07/25 12:32:46.000,-40.4501953125,
2023/07/25 12:32:50.000,-40.4658203125,
2023/07/25 12:32:52.000,-40.478515625,
2023/07/25 12:32:55.000,-40.4921875,
2023/07/25 12:33:00.000,-40.525390625,
2023/07/25 12:33:03.000,-40.55078125,
2023/07/25 12:33:09.000,-40.5712890625,
2023/07/25 12:33:13.000,-40.6025390625,
2023/07/25 12:33:20.000,-40.6552734375,
2023/07/25 12:33:23.000,-40.671875,
2023/07/25 12:33:27.000,-40.9892578125,
2023/07/25 12:33:31.000,-41.5703125,
2023/07/25 12:33:34.000,-42.029296875,
2023/07/25 12:33:39.000,-42.392578125,
2023/07/25 12:33:42.000,-42.515625,
2023/07/25 12:33:45.000,-42.60546875,
2023/07/25 12:33:50.000,-42.7421875,
2023/07/25 12:33:57.000,-42.8916015625,
2023/07/25 12:34:02.000,-42.958984375,
2023/07/25 12:34:19.000,-36.294921875,
2023/07/25 12:34:22.000,-35.9013671875,
2023/07/25 12:34:25.000,-35.7197265625,
2023/07/25 12:34:29.000,-35.5693359375,
2023/07/25 12:34:32.000,-35.4921875,
2023/07/25 12:34:49.000,-35.33984375,
2023/07/25 12:34:52.000,-35.328125,
2023/07/25 12:35:00.000,-35.3115234375,
2023/07/25 12:35:07.000,-35.2998046875,
2023/07/25 12:35:12.000,-35.2822265625,
2023/07/25 12:35:19.000,-35.2451171875,
2023/07/25 12:35:23.000,-35.2236328125,
2023/07/25 12:35:33.000,-35.158203125,
2023/07/25 12:35:35.000,-35.146484375,
2023/07/25 12:35:40.000,-35.1103515625,
2023/07/25 12:35:43.000,-35.087890625,
2023/07/25 12:35:48.000,-35.0390625,
2023/07/25 12:35:51.000,-35.0263671875,
2023/07/25 12:35:55.000,-34.9951171875,
2023/07/25 12:36:00.000,-34.9716796875,
2023/07/25 12:36:08.000,-34.92578125,
2023/07/25 12:36:11.000,-34.9052734375,
2023/07/25 12:36:14.000,-34.8837890625,
2023/07/25 12:36:19.000,-34.8564453125,
2023/07/25 12:36:32.000,-34.771484375,
2023/07/25 12:36:52.000,-34.68359375,
2023/07/25 12:36:55.000,-34.6630859375,
2023/07/25 12:37:00.000,-34.646484375,
2023/07/25 12:37:07.000,-34.6123046875,
2023/07/25 12:37:12.000,-34.5986328125,
2023/07/25 12:37:17.000,-34.5712890625,
2023/07/25 12:37:21.000,-34.5478515625,
2023/07/25 12:37:27.000,-34.5185546875,
2023/07/25 12:37:31.000,-34.515625,
2023/07/25 12:37:33.000,-34.4931640625,
2023/07/25 12:37:39.000,-34.4677734375,
2023/07/25 12:37:59.000,-34.359375,
2023/07/25 12:38:03.000,-34.3359375,
2023/07/25 12:38:12.000,-34.2890625,
2023/07/25 12:38:15.000,-34.2646484375,
2023/07/25 12:38:20.000,-34.240234375,
2023/07/25 12:38:39.000,-34.095703125,
2023/07/25 12:38:42.000,-34.0693359375,
2023/07/25 12:39:02.000,-33.91796875,
2023/07/25 12:39:05.000,-33.892578125,
2023/07/25 12:39:10.000,-33.85546875,
2023/07/25 12:39:23.000,-33.763671875,
2023/07/25 12:39:29.000,-33.712890625,
2023/07/25 12:39:32.000,-33.6826171875,
2023/07/25 12:39:35.000,-33.666015625,
2023/07/25 12:39:40.000,-33.6201171875,
2023/07/25 12:39:48.000,-33.5595703125,
2023/07/25 12:39:51.000,-33.5390625,
2023/07/25 12:39:54.000,-33.5087890625,
2023/07/25 12:40:08.000,-33.400390625,
2023/07/25 12:40:11.000,-33.380859375,
2023/07/25 12:40:14.000,-33.353515625,
2023/07/25 12:40:28.000,-33.255859375,
2023/07/25 12:40:31.000,-33.228515625,
2023/07/25 12:40:34.000,-33.2177734375,
2023/07/25 12:40:48.000,-33.14453125,
2023/07/25 12:40:51.000,-33.1220703125,
2023/07/25 12:40:54.000,-33.1083984375,
2023/07/25 12:41:20.000,-33.0478515625,
2023/07/25 12:41:23.000,-33.0419921875,
2023/07/25 12:41:30.000,-33.048828125,
2023/07/25 12:41:33.000,-33.0439453125,
2023/07/25 12:41:40.000,-33.0458984375,
2023/07/25 12:41:43.000,-33.04296875,
2023/07/25 12:42:07.000,-33.041015625,
2023/07/25 12:42:11.000,-33.0458984375,
2023/07/25 12:42:13.000,-33.048828125,
2023/07/25 12:42:19.000,-33.03515625,
2023/07/25 12:42:24.000,-33.033203125,
2023/07/25 12:42:29.000,-33.0234375,
2023/07/25 12:42:32.000,-33.0244140625,
2023/07/25 12:42:35.000,-33.0234375,
2023/07/25 12:42:40.000,-33.013671875,
2023/07/25 12:42:43.000,-33.0107421875,
2023/07/25 12:42:49.000,-33.00390625,
2023/07/25 12:42:53.000,-33.0009765625,
2023/07/25 12:42:55.000,-32.9921875,
2023/07/25 12:43:00.000,-32.99609375,
2023/07/25 12:43:08.000,-32.986328125,
2023/07/25 12:43:11.000,-32.982421875,
2023/07/25 12:43:14.000,-32.9775390625,
2023/07/25 12:43:19.000,-32.9794921875,
2023/07/25 12:43:28.000,-32.9833984375,
2023/07/25 12:43:31.000,-32.96875,
2023/07/25 12:43:35.000,-32.9765625,
2023/07/25 12:43:40.000,-32.974609375,
2023/07/25 12:43:49.000,-32.98828125,
2023/07/25 12:43:53.000,-32.9814453125,
2023/07/25 12:44:12.000,-33.015625,
2023/07/25 12:44:15.000,-33.0205078125,
2023/07/25 12:44:20.000,-33.0302734375,
2023/07/25 12:44:22.000,-33.037109375,
2023/07/25 12:44:25.000,-33.046875,
2023/07/25 12:44:30.000,-33.048828125,
2023/07/25 12:44:32.000,-33.0615234375,
2023/07/25 12:44:52.000,-33.0986328125,
2023/07/25 12:44:55.000,-33.103515625,
2023/07/25 12:45:02.000,-33.123046875,
2023/07/25 12:45:05.000,-33.138671875,
2023/07/25 12:45:09.000,-33.146484375,
2023/07/25 12:45:13.000,-33.1630859375,
2023/07/25 12:45:22.000,-33.1865234375,
2023/07/25 12:45:25.000,-33.2041015625,
2023/07/25 12:45:31.000,-33.2255859375,
2023/07/25 12:45:40.000,-33.2734375,
2023/07/25 12:45:43.000,-33.2783203125,
2023/07/25 12:45:49.000,-33.3125,
2023/07/25 12:45:53.000,-33.3310546875,
2023/07/25 12:46:03.000,-33.376953125,
2023/07/25 12:46:05.000,-33.3818359375,
2023/07/25 12:46:11.000,-33.4228515625,
2023/07/25 12:46:15.000,-33.4521484375,
2023/07/25 12:46:18.000,-33.4736328125,
2023/07/25 12:46:21.000,-33.4833984375,
2023/07/25 12:46:25.000,-33.515625,
2023/07/25 12:46:30.000,-33.5576171875,
2023/07/25 12:46:33.000,-33.578125,
2023/07/25 12:46:38.000,-33.6044921875,
2023/07/25 12:46:40.000,-33.6328125,
2023/07/25 12:46:43.000,-33.65234375,
2023/07/25 12:46:59.000,-33.76171875,
2023/07/25 12:47:03.000,-33.787109375,
2023/07/25 12:47:07.000,-33.8125,
2023/07/25 12:47:11.000,-33.8291015625,
2023/07/25 12:47:14.000,-33.8525390625,
2023/07/25 12:47:28.000,-33.9072265625,
2023/07/25 12:47:31.000,-33.91796875,
2023/07/25 12:47:34.000,-33.9384765625,
2023/07/25 12:47:36.000,-33.9345703125,
2023/07/25 12:47:40.000,-33.9482421875,
2023/07/25 12:47:43.000,-33.958984375,
2023/07/25 12:47:48.000,-33.96875,
2023/07/25 12:48:01.000,-33.97265625,
2023/07/25 12:48:03.000,-33.978515625,
2023/07/25 12:48:08.000,-33.9814453125,
2023/07/25 12:48:14.000,-33.978515625,
2023/07/25 12:48:20.000,-33.96875,
2023/07/25 12:48:23.000,-33.9638671875,
2023/07/25 12:48:28.000,-33.9580078125,
2023/07/25 12:48:32.000,-33.943359375,
2023/07/25 12:48:34.000,-33.9404296875,
2023/07/25 12:48:39.000,-33.92578125,
2023/07/25 12:48:42.000,-33.919921875,
2023/07/25 12:48:45.000,-33.923828125,
2023/07/25 12:48:51.000,-33.8984375,
2023/07/25 12:48:58.000,-33.888671875,
2023/07/25 12:49:03.000,-33.880859375,
2023/07/25 12:49:05.000,-33.8828125,
2023/07/25 12:49:11.000,-33.873046875,
2023/07/25 12:49:18.000,-33.8642578125,
2023/07/25 12:49:23.000,-33.861328125,
2023/07/25 12:49:26.000,-33.859375,
2023/07/25 12:49:30.000,-33.8642578125,
2023/07/25 12:49:50.000,-33.8984375,
2023/07/25 12:49:53.000,-33.90234375,
2023/07/25 12:49:59.000,-33.9248046875,
2023/07/25 12:50:02.000,-33.9287109375,
2023/07/25 12:50:13.000,-33.9814453125,
2023/07/25 12:50:15.000,-33.9892578125,
2023/07/25 12:50:25.000,-34.0341796875,
2023/07/25 12:50:31.000,-34.0791015625,
2023/07/25 12:50:34.000,-34.09765625,
2023/07/25 12:50:39.000,-34.1259765625,
2023/07/25 12:50:42.000,-34.1474609375,
2023/07/25 12:50:44.000,-34.1396484375,
2023/07/25 12:50:49.000,-34.17578125,
2023/07/25 12:50:52.000,-34.19140625,
2023/07/25 12:50:59.000,-34.23046875,
2023/07/25 12:51:03.000,-34.2509765625,
2023/07/25 12:51:12.000,-34.28515625,
2023/07/25 12:51:22.000,-34.3037109375,
2023/07/25 12:51:25.000,-34.3203125,
2023/07/25 12:51:32.000,-34.333984375,
2023/07/25 12:51:35.000,-34.3291015625,
2023/07/25 12:51:42.000,-34.3466796875,
2023/07/25 12:51:45.000,-34.34765625,
2023/07/25 12:51:50.000,-34.3486328125,
2023/07/25 12:51:59.000,-34.3427734375,
2023/07/25 12:52:02.000,-34.3408203125,
2023/07/25 12:52:04.000,-34.3427734375,
2023/07/25 12:52:09.000,-34.3359375,
2023/07/25 12:52:12.000,-34.3310546875,
2023/07/25 12:52:21.000,-34.3154296875,
2023/07/25 12:52:37.000,-34.3173828125,
2023/07/25 12:52:41.000,-34.3125,
2023/07/25 12:52:52.000,-34.3056640625,
2023/07/25 12:52:55.000,-34.2978515625,
2023/07/25 12:53:19.000,-34.28515625,
2023/07/25 12:53:22.000,-34.2744140625,
2023/07/25 12:53:26.000,-34.26953125,
2023/07/25 12:53:31.000,-34.2705078125,
2023/07/25 12:53:33.000,-34.2685546875,
2023/07/25 12:53:36.000,-34.2705078125,
2023/07/25 12:53:41.000,-34.265625,
2023/07/25 12:53:44.000,-34.2705078125,
2023/07/25 12:53:48.000,-34.263671875,
2023/07/25 12:53:50.000,-34.2705078125,
2023/07/25 12:53:53.000,-34.2685546875,
2023/07/25 12:53:59.000,-34.2734375,
2023/07/25 12:54:02.000,-34.2744140625,
2023/07/25 12:54:09.000,-34.2802734375,
2023/07/25 12:54:13.000,-34.291015625,
2023/07/25 12:54:20.000,-34.2978515625,
2023/07/25 12:54:23.000,-34.3095703125,
2023/07/25 12:54:26.000,-34.31640625,
2023/07/25 12:54:30.000,-34.3349609375,
2023/07/25 12:54:36.000,-34.3486328125,
2023/07/25 12:54:41.000,-34.3583984375,
2023/07/25 12:54:52.000,-34.4013671875,
2023/07/25 12:54:55.000,-34.41015625,
2023/07/25 12:55:01.000,-34.4384765625,
2023/07/25 12:55:10.000,-34.4736328125,
2023/07/25 12:55:13.000,-34.478515625,
2023/07/25 12:55:19.000,-34.515625,
2023/07/25 12:55:22.000,-34.521484375,
2023/07/25 12:55:29.000,-34.546875,
2023/07/25 12:55:33.000,-34.5615234375,
2023/07/25 12:55:37.000,-34.5751953125,
2023/07/25 12:55:41.000,-34.5888671875,
2023/07/25 12:55:44.000,-34.583984375,
2023/07/25 12:55:47.000,-34.599609375,
2023/07/25 12:55:52.000,-34.60546875,
2023/07/25 12:56:04.000,-34.6171875,
2023/07/25 12:56:11.000,-34.6181640625,
2023/07/25 12:56:15.000,-34.609375,
2023/07/25 12:56:19.000,-34.603515625,
2023/07/25 12:56:25.000,-34.6083984375,
2023/07/25 12:56:31.000,-34.6103515625,
2023/07/25 12:56:36.000,-34.5947265625,
2023/07/25 12:56:41.000,-34.5810546875,
2023/07/25 12:56:44.000,-34.58203125,
2023/07/25 12:56:47.000,-34.5751953125,
2023/07/25 12:56:52.000,-34.556640625,
2023/07/25 12:57:03.000,-34.525390625,
2023/07/25 12:57:05.000,-34.5068359375,
2023/07/25 12:57:09.000,-34.498046875,
2023/07/25 12:57:13.000,-34.47265625,
2023/07/25 12:57:16.000,-34.46875,
2023/07/25 13:02:54.000,-34.1357421875,
