Year/Month/Day Hour:Minute:Second.Millisecond,cms_mtdtf_dcs_1:MTRS/MTD_TIF_33/Chip_1/Channel_3.actual.value,
Year/Month/Day Hour:Minute:Second.Millisecond,cms_mtdtf_dcs_1:MTRS/MTD_TIF_33/Chip_1/Channel_3.,
2023/07/26 09:08:16.000,-31.0947265625,
2023/07/26 09:08:27.000,-31.087890625,
2023/07/26 09:08:35.000,-31.0693359375,
2023/07/26 09:08:41.000,-31.0712890625,
2023/07/26 09:08:51.000,-31.048828125,
2023/07/26 09:09:43.000,-31.01171875,
2023/07/26 09:10:22.000,-31.029296875,
2023/07/26 09:10:23.000,-31.0087890625,
2023/07/26 09:10:55.000,-31.01171875,
2023/07/26 09:11:03.000,-31.0078125,
2023/07/26 09:11:49.000,-30.9892578125,
2023/07/26 09:11:57.000,-30.9736328125,
2023/07/26 09:12:15.000,-30.9716796875,
2023/07/26 09:12:27.000,-30.966796875,
2023/07/26 09:12:35.000,-30.974609375,
2023/07/26 09:12:42.000,-30.9765625,
2023/07/26 09:12:43.000,-30.9755859375,
2023/07/26 09:12:57.000,-30.98046875,
2023/07/26 09:13:18.000,-30.9599609375,
2023/07/26 09:13:25.000,-30.9716796875,
2023/07/26 09:13:35.000,-30.9609375,
2023/07/26 09:13:43.000,-30.974609375,
2023/07/26 09:13:55.000,-30.98046875,
2023/07/26 09:14:15.000,-31,
2023/07/26 09:14:47.000,-31.005859375,
2023/07/26 09:14:53.000,-31.0068359375,
2023/07/26 09:15:03.000,-31.0126953125,
2023/07/26 09:15:13.000,-31,
2023/07/26 09:15:20.000,-31.0087890625,
2023/07/26 09:15:28.000,-30.9990234375,
2023/07/26 09:15:48.000,-30.9736328125,
2023/07/26 09:15:50.000,-30.9609375,
2023/07/26 09:16:02.000,-30.9560546875,
2023/07/26 09:16:13.000,-30.9365234375,
2023/07/26 09:16:25.000,-30.8876953125,
2023/07/26 09:16:55.000,-30.822265625,
2023/07/26 09:17:25.000,-30.73828125,
2023/07/26 09:17:57.000,-30.646484375,
2023/07/26 09:18:20.000,-30.6259765625,
2023/07/26 09:19:15.000,-30.46875,
2023/07/26 09:19:23.000,-30.4716796875,
2023/07/26 09:19:30.000,-30.4306640625,
2023/07/26 09:19:37.000,-30.4052734375,
2023/07/26 09:19:57.000,-30.3759765625,
2023/07/26 09:20:13.000,-30.32421875,
2023/07/26 09:20:20.000,-30.3115234375,
2023/07/26 09:20:27.000,-30.283203125,
2023/07/26 09:20:51.000,-30.2392578125,
2023/07/26 09:20:57.000,-30.2138671875,
2023/07/26 09:21:10.000,-30.2041015625,
2023/07/26 09:21:21.000,-30.19140625,
2023/07/26 09:21:27.000,-30.185546875,
2023/07/26 09:21:35.000,-30.171875,
2023/07/26 09:21:53.000,-30.1787109375,
2023/07/26 09:22:03.000,-30.14453125,
2023/07/26 09:22:13.000,-30.15234375,
2023/07/26 09:23:04.000,-30.1611328125,
2023/07/26 09:23:31.000,-30.185546875,
2023/07/26 09:24:05.000,-30.18359375,
2023/07/26 09:24:23.000,-30.1396484375,
2023/07/26 09:24:33.000,-30.125,
2023/07/26 09:24:43.000,-30.1005859375,
2023/07/26 09:24:53.000,-30.0703125,
2023/07/26 09:24:59.000,-30.0625,
2023/07/26 09:25:05.000,-30.021484375,
2023/07/26 09:25:20.000,-29.943359375,
2023/07/26 09:26:01.000,-29.771484375,
2023/07/26 09:26:55.000,-29.6083984375,
2023/07/26 09:27:22.000,-29.505859375,
2023/07/26 09:27:27.000,-29.515625,
2023/07/26 09:27:35.000,-29.4775390625,
2023/07/26 09:27:58.000,-29.427734375,
2023/07/26 09:28:05.000,-29.3955078125,
2023/07/26 09:28:20.000,-29.37109375,
2023/07/26 09:29:11.000,-29.376953125,
2023/07/26 09:29:46.000,-29.47265625,
2023/07/26 09:30:01.000,-29.5439453125,
2023/07/26 09:30:15.000,-29.591796875,
2023/07/26 09:30:44.000,-29.767578125,
2023/07/26 09:30:55.000,-29.83984375,
2023/07/26 09:31:07.000,-29.9423828125,
2023/07/26 09:31:43.000,-30.2841796875,
2023/07/26 09:32:17.000,-30.55078125,
2023/07/26 09:32:35.000,-30.7783203125,
2023/07/26 09:32:49.000,-30.8623046875,
2023/07/26 09:33:10.000,-31.0732421875,
2023/07/26 09:33:17.000,-31.1669921875,
2023/07/26 09:33:23.000,-31.197265625,
2023/07/26 09:33:57.000,-31.580078125,
2023/07/26 09:34:04.000,-31.6533203125,
2023/07/26 09:34:05.000,-31.654296875,
2023/07/26 09:34:35.000,-31.9150390625,
2023/07/26 09:34:45.000,-31.970703125,
2023/07/26 09:34:57.000,-32.2138671875,
2023/07/26 09:35:25.000,-32.4443359375,
2023/07/26 09:36:17.000,-33.0380859375,
2023/07/26 09:36:35.000,-33.1826171875,
2023/07/26 09:36:47.000,-33.2646484375,
2023/07/26 09:37:07.000,-33.3994140625,
2023/07/26 09:37:19.000,-33.4638671875,
2023/07/26 09:37:35.000,-33.548828125,
2023/07/26 09:37:45.000,-33.603515625,
2023/07/26 09:37:55.000,-33.646484375,
2023/07/26 09:38:05.000,-33.68359375,
2023/07/26 09:38:27.000,-33.7724609375,
2023/07/26 09:38:42.000,-33.833984375,
2023/07/26 09:38:55.000,-33.8916015625,
2023/07/26 09:39:02.000,-33.919921875,
2023/07/26 09:39:10.000,-33.9580078125,
2023/07/26 09:39:12.000,-33.978515625,
2023/07/26 09:39:32.000,-34.0732421875,
2023/07/26 09:40:02.000,-34.189453125,
2023/07/26 09:40:10.000,-34.21484375,
2023/07/26 09:40:17.000,-34.2548828125,
2023/07/26 09:40:25.000,-34.27734375,
2023/07/26 09:40:40.000,-34.3203125,
2023/07/26 09:40:42.000,-34.3408203125,
2023/07/26 09:41:07.000,-34.38671875,
2023/07/26 09:41:13.000,-34.3994140625,
2023/07/26 09:41:19.000,-34.4130859375,
2023/07/26 09:41:28.000,-34.4404296875,
2023/07/26 09:41:29.000,-34.4609375,
2023/07/26 09:41:36.000,-34.46484375,
2023/07/26 09:41:45.000,-34.43359375,
2023/07/26 09:42:03.000,-34.470703125,
2023/07/26 09:42:25.000,-34.4921875,
2023/07/26 09:42:32.000,-34.4892578125,
2023/07/26 09:42:39.000,-34.482421875,
2023/07/26 09:42:59.000,-34.4736328125,
2023/07/26 09:43:07.000,-34.4638671875,
2023/07/26 09:43:17.000,-34.458984375,
2023/07/26 09:43:27.000,-34.4423828125,
2023/07/26 09:43:42.000,-34.4169921875,
2023/07/26 09:43:49.000,-34.4033203125,
2023/07/26 09:43:57.000,-34.3984375,
2023/07/26 09:44:05.000,-34.3837890625,
2023/07/26 09:44:12.000,-34.3779296875,
2023/07/26 09:44:23.000,-34.3798828125,
2023/07/26 09:44:32.000,-34.37109375,
2023/07/26 09:44:45.000,-34.3466796875,
2023/07/26 09:44:55.000,-34.328125,
2023/07/26 09:45:18.000,-34.2919921875,
2023/07/26 09:45:29.000,-34.275390625,
2023/07/26 09:45:39.000,-34.255859375,
2023/07/26 09:45:55.000,-34.1953125,
2023/07/26 09:46:15.000,-34.162109375,
2023/07/26 09:46:33.000,-34.07421875,
2023/07/26 09:46:39.000,-34.0498046875,
2023/07/26 09:46:52.000,-33.994140625,
2023/07/26 09:47:09.000,-33.9208984375,
2023/07/26 09:47:39.000,-33.8173828125,
2023/07/26 09:47:47.000,-33.7685546875,
2023/07/26 09:48:02.000,-33.7333984375,
2023/07/26 09:48:14.000,-33.7685546875,
2023/07/26 09:49:03.000,-33.6328125,
2023/07/26 09:49:07.000,-33.6474609375,
2023/07/26 09:49:22.000,-33.6103515625,
2023/07/26 09:49:34.000,-33.5869140625,
2023/07/26 09:49:59.000,-33.5322265625,
2023/07/26 09:50:20.000,-33.48046875,
2023/07/26 09:50:29.000,-33.451171875,
2023/07/26 09:50:57.000,-33.376953125,
2023/07/26 09:51:18.000,-33.3349609375,
2023/07/26 09:51:31.000,-33.306640625,
2023/07/26 09:51:37.000,-33.2900390625,
2023/07/26 09:51:51.000,-33.2744140625,
2023/07/26 09:52:09.000,-33.255859375,
2023/07/26 09:52:21.000,-33.2421875,
2023/07/26 09:52:30.000,-33.2333984375,
2023/07/26 09:52:41.000,-33.2578125,
2023/07/26 09:52:49.000,-33.2744140625,
2023/07/26 09:53:28.000,-33.431640625,
2023/07/26 09:53:35.000,-33.4326171875,
2023/07/26 09:53:37.000,-33.4716796875,
2023/07/26 09:53:49.000,-33.5126953125,
2023/07/26 09:54:01.000,-33.5458984375,
2023/07/26 09:54:09.000,-33.6015625,
2023/07/26 09:54:17.000,-33.6435546875,
2023/07/26 09:55:06.000,-33.8232421875,
2023/07/26 09:55:07.000,-33.8369140625,
2023/07/26 09:55:17.000,-33.873046875,
2023/07/26 09:55:35.000,-33.9169921875,
2023/07/26 09:55:51.000,-33.9912109375,
2023/07/26 09:55:58.000,-34,
2023/07/26 09:56:07.000,-34.0224609375,
2023/07/26 09:56:21.000,-34.0546875,
2023/07/26 09:56:41.000,-34.140625,
2023/07/26 09:56:49.000,-34.181640625,
2023/07/26 09:57:01.000,-34.2099609375,
2023/07/26 09:57:09.000,-34.240234375,
2023/07/26 09:57:17.000,-34.2724609375,
2023/07/26 09:58:01.000,-34.3681640625,
2023/07/26 09:58:10.000,-34.37109375,
2023/07/26 09:58:39.000,-34.373046875,
2023/07/26 09:58:47.000,-34.365234375,
2023/07/26 09:58:57.000,-34.333984375,
2023/07/26 09:59:09.000,-34.3173828125,
2023/07/26 09:59:31.000,-34.26171875,
2023/07/26 09:59:35.000,-34.263671875,
2023/07/26 09:59:37.000,-34.240234375,
2023/07/26 09:59:44.000,-34.2197265625,
2023/07/26 09:59:51.000,-34.2080078125,
2023/07/26 09:59:59.000,-34.2001953125,
2023/07/26 10:00:07.000,-34.1669921875,
2023/07/26 10:00:26.000,-34.1357421875,
2023/07/26 10:00:45.000,-34.115234375,
2023/07/26 10:00:51.000,-34.09375,
2023/07/26 10:01:01.000,-34.0869140625,
2023/07/26 10:01:17.000,-34.0693359375,
2023/07/26 10:01:32.000,-34.0546875,
2023/07/26 10:01:39.000,-34.0419921875,
2023/07/26 10:01:52.000,-34.01953125,
2023/07/26 10:01:59.000,-34.0126953125,
2023/07/26 10:02:07.000,-33.98046875,
2023/07/26 10:02:14.000,-33.9677734375,
2023/07/26 10:02:31.000,-33.91796875,
2023/07/26 10:02:54.000,-33.8193359375,
2023/07/26 10:03:11.000,-33.7919921875,
2023/07/26 10:03:19.000,-33.72265625,
2023/07/26 10:03:25.000,-33.7197265625,
2023/07/26 10:03:31.000,-33.6826171875,
2023/07/26 10:03:47.000,-33.6181640625,
2023/07/26 10:03:54.000,-33.6044921875,
2023/07/26 10:04:11.000,-33.5615234375,
2023/07/26 10:04:18.000,-33.5400390625,
2023/07/26 10:04:38.000,-33.4990234375,
2023/07/26 10:04:47.000,-33.4833984375,
2023/07/26 10:04:57.000,-33.4716796875,
2023/07/26 10:05:07.000,-33.474609375,
2023/07/26 10:05:19.000,-33.4560546875,
2023/07/26 10:05:34.000,-33.4267578125,
2023/07/26 10:05:47.000,-33.4091796875,
2023/07/26 10:05:59.000,-33.38671875,
2023/07/26 10:06:14.000,-33.3857421875,
2023/07/26 10:06:22.000,-33.3818359375,
2023/07/26 10:06:29.000,-33.376953125,
2023/07/26 10:06:37.000,-33.349609375,
2023/07/26 10:06:44.000,-33.3447265625,
2023/07/26 10:06:47.000,-33.34765625,
2023/07/26 10:06:54.000,-33.3046875,
2023/07/26 10:07:05.000,-33.2763671875,
2023/07/26 10:07:14.000,-33.271484375,
2023/07/26 10:07:21.000,-33.2490234375,
2023/07/26 10:07:39.000,-33.2021484375,
2023/07/26 10:07:51.000,-33.171875,
2023/07/26 10:08:09.000,-33.14453125,
2023/07/26 10:08:29.000,-33.1396484375,
2023/07/26 10:08:39.000,-33.150390625,
2023/07/26 10:09:38.000,-33.3876953125,
2023/07/26 10:09:53.000,-33.4892578125,
2023/07/26 10:10:01.000,-33.552734375,
2023/07/26 10:10:09.000,-33.57421875,
2023/07/26 10:10:19.000,-33.640625,
2023/07/26 10:10:39.000,-33.744140625,
2023/07/26 10:10:58.000,-33.791015625,
2023/07/26 10:11:14.000,-33.8564453125,
2023/07/26 10:11:19.000,-33.87890625,
2023/07/26 10:11:39.000,-33.9580078125,
2023/07/26 10:11:58.000,-34.005859375,
2023/07/26 10:12:20.000,-34.064453125,
2023/07/26 10:12:46.000,-34.15234375,
2023/07/26 10:12:51.000,-34.1298828125,
2023/07/26 10:13:03.000,-34.162109375,
2023/07/26 10:13:21.000,-34.205078125,
2023/07/26 10:13:49.000,-34.265625,
2023/07/26 10:14:09.000,-34.306640625,
2023/07/26 10:14:23.000,-34.27734375,
2023/07/26 10:14:29.000,-34.287109375,
2023/07/26 10:14:55.000,-34.2333984375,
2023/07/26 10:15:01.000,-34.2216796875,
2023/07/26 10:15:18.000,-34.166015625,
2023/07/26 10:15:41.000,-34.08984375,
2023/07/26 10:15:53.000,-34.0546875,
2023/07/26 10:16:01.000,-34.029296875,
2023/07/26 10:16:09.000,-34.0185546875,
2023/07/26 10:16:23.000,-33.970703125,
2023/07/26 10:16:31.000,-33.9765625,
2023/07/26 10:16:43.000,-33.94921875,
2023/07/26 10:16:51.000,-33.9580078125,
2023/07/26 10:17:21.000,-33.8896484375,
2023/07/26 10:17:31.000,-33.8701171875,
2023/07/26 10:18:09.000,-33.740234375,
2023/07/26 10:18:19.000,-33.7314453125,
2023/07/26 10:18:31.000,-33.6748046875,
2023/07/26 10:18:49.000,-33.580078125,
2023/07/26 10:19:10.000,-33.5263671875,
2023/07/26 10:19:21.000,-33.4599609375,
2023/07/26 10:19:39.000,-33.3857421875,
2023/07/26 10:19:46.000,-33.349609375,
2023/07/26 10:19:59.000,-33.3173828125,
2023/07/26 10:20:11.000,-33.2646484375,
2023/07/26 10:20:31.000,-33.201171875,
2023/07/26 10:20:53.000,-33.1669921875,
2023/07/26 10:21:01.000,-33.1533203125,
2023/07/26 10:21:09.000,-33.130859375,
2023/07/26 10:21:15.000,-33.13671875,
2023/07/26 10:21:41.000,-33.109375,
2023/07/26 10:21:51.000,-33.1142578125,
2023/07/26 10:22:03.000,-33.0966796875,
2023/07/26 10:22:11.000,-33.09375,
2023/07/26 10:22:19.000,-33.0859375,
2023/07/26 10:23:01.000,-33.125,
2023/07/26 10:23:07.000,-33.1455078125,
2023/07/26 10:23:17.000,-33.18359375,
2023/07/26 10:23:26.000,-33.2177734375,
2023/07/26 10:23:39.000,-33.2841796875,
2023/07/26 10:23:51.000,-33.318359375,
2023/07/26 10:23:59.000,-33.3720703125,
2023/07/26 10:24:06.000,-33.404296875,
2023/07/26 10:24:41.000,-33.5498046875,
2023/07/26 10:24:56.000,-33.6103515625,
2023/07/26 10:25:09.000,-33.6337890625,
2023/07/26 10:25:26.000,-33.73828125,
2023/07/26 10:25:41.000,-33.7626953125,
2023/07/26 10:25:56.000,-33.8427734375,
2023/07/26 10:26:24.000,-33.955078125,
2023/07/26 10:26:26.000,-33.96875,
2023/07/26 10:26:29.000,-33.9921875,
2023/07/26 10:26:46.000,-34.0517578125,
2023/07/26 10:27:10.000,-34.11328125,
2023/07/26 10:27:40.000,-34.1904296875,
2023/07/26 10:27:56.000,-34.2275390625,
2023/07/26 10:28:04.000,-34.21875,
2023/07/26 10:28:11.000,-34.2314453125,
2023/07/26 10:28:19.000,-34.19140625,
2023/07/26 10:28:33.000,-34.177734375,
2023/07/26 10:28:39.000,-34.134765625,
2023/07/26 10:29:08.000,-33.986328125,
2023/07/26 10:29:51.000,-33.798828125,
2023/07/26 10:30:03.000,-33.763671875,
2023/07/26 10:30:11.000,-33.7265625,
2023/07/26 10:30:30.000,-33.66015625,
2023/07/26 10:30:48.000,-33.58203125,
2023/07/26 10:31:21.000,-33.501953125,
2023/07/26 10:31:36.000,-33.43359375,
2023/07/26 10:32:13.000,-33.3037109375,
2023/07/26 10:32:21.000,-33.2939453125,
2023/07/26 10:32:36.000,-33.2470703125,
2023/07/26 10:32:41.000,-33.2373046875,
2023/07/26 10:32:59.000,-33.201171875,
2023/07/26 10:33:18.000,-33.1201171875,
2023/07/26 10:33:50.000,-33.0341796875,
2023/07/26 10:34:23.000,-32.990234375,
2023/07/26 10:34:43.000,-32.9560546875,
2023/07/26 10:34:51.000,-32.94921875,
2023/07/26 10:35:01.000,-32.9345703125,
2023/07/26 10:35:15.000,-32.91796875,
2023/07/26 10:35:23.000,-32.908203125,
2023/07/26 10:35:45.000,-32.8974609375,
2023/07/26 10:35:53.000,-32.8876953125,
2023/07/26 10:36:05.000,-32.86328125,
2023/07/26 10:36:15.000,-32.8203125,
2023/07/26 10:36:33.000,-32.8046875,
2023/07/26 10:36:55.000,-32.7763671875,
2023/07/26 10:36:59.000,-32.7734375,
2023/07/26 10:37:01.000,-32.76953125,
2023/07/26 10:37:13.000,-32.755859375,
2023/07/26 10:37:29.000,-32.7255859375,
2023/07/26 10:37:39.000,-32.712890625,
2023/07/26 10:38:11.000,-32.7734375,
2023/07/26 10:38:25.000,-32.8232421875,
2023/07/26 10:39:31.000,-33.224609375,
2023/07/26 10:39:45.000,-33.29296875,
2023/07/26 10:40:05.000,-33.41796875,
2023/07/26 10:40:32.000,-33.529296875,
2023/07/26 10:40:41.000,-33.5400390625,
2023/07/26 10:40:49.000,-33.580078125,
2023/07/26 10:40:51.000,-33.587890625,
2023/07/26 10:41:05.000,-33.6142578125,
2023/07/26 10:41:13.000,-33.66015625,
2023/07/26 10:41:25.000,-33.7080078125,
2023/07/26 10:41:33.000,-33.7333984375,
2023/07/26 10:41:52.000,-33.7890625,
2023/07/26 10:42:01.000,-33.8134765625,
2023/07/26 10:42:13.000,-33.84375,
2023/07/26 10:42:33.000,-33.9013671875,
2023/07/26 10:43:05.000,-33.9716796875,
2023/07/26 10:43:22.000,-34.0126953125,
2023/07/26 10:43:31.000,-34.0078125,
2023/07/26 10:43:55.000,-34.03125,
2023/07/26 10:44:13.000,-34.0498046875,
2023/07/26 10:44:21.000,-34.0419921875,
2023/07/26 10:44:33.000,-34.052734375,
2023/07/26 10:44:48.000,-34.0419921875,
2023/07/26 10:45:13.000,-34.033203125,
2023/07/26 10:45:28.000,-34.041015625,
2023/07/26 10:45:36.000,-34.037109375,
2023/07/26 10:45:43.000,-34.0478515625,
2023/07/26 10:45:51.000,-34.044921875,
2023/07/26 10:46:01.000,-34.02734375,
2023/07/26 10:46:08.000,-34.0498046875,
2023/07/26 10:46:25.000,-34.0419921875,
2023/07/26 10:46:45.000,-34.0732421875,
2023/07/26 10:46:52.000,-34.0693359375,
2023/07/26 10:47:11.000,-34.091796875,
2023/07/26 10:47:38.000,-34.1201171875,
2023/07/26 10:48:01.000,-34.103515625,
2023/07/26 10:48:11.000,-34.0869140625,
2023/07/26 10:48:21.000,-34.0498046875,
2023/07/26 10:48:29.000,-34.02734375,
2023/07/26 10:48:35.000,-33.994140625,
2023/07/26 10:49:01.000,-33.861328125,
2023/07/26 10:49:28.000,-33.7412109375,
2023/07/26 10:49:31.000,-33.7216796875,
2023/07/26 10:49:38.000,-33.7080078125,
2023/07/26 10:49:58.000,-33.6142578125,
2023/07/26 10:50:05.000,-33.5859375,
2023/07/26 10:50:18.000,-33.5537109375,
2023/07/26 10:50:29.000,-33.55859375,
2023/07/26 10:50:38.000,-33.5078125,
2023/07/26 10:50:49.000,-33.4697265625,
2023/07/26 10:50:58.000,-33.466796875,
2023/07/26 10:51:10.000,-33.4453125,
2023/07/26 10:51:43.000,-33.3974609375,
2023/07/26 10:52:06.000,-33.357421875,
2023/07/26 10:52:13.000,-33.318359375,
2023/07/26 10:52:28.000,-33.2919921875,
2023/07/26 10:52:53.000,-33.2236328125,
2023/07/26 10:53:09.000,-33.1650390625,
2023/07/26 10:53:23.000,-33.1259765625,
2023/07/26 10:53:41.000,-33.0849609375,
2023/07/26 10:53:51.000,-33.0576171875,
2023/07/26 10:53:57.000,-33.0205078125,
2023/07/26 10:54:03.000,-33.0068359375,
2023/07/26 10:54:23.000,-32.9580078125,
2023/07/26 10:54:52.000,-32.9306640625,
2023/07/26 10:55:09.000,-32.87890625,
2023/07/26 10:55:25.000,-32.8203125,
2023/07/26 10:55:53.000,-32.7763671875,
2023/07/26 10:56:20.000,-32.6748046875,
2023/07/26 10:56:25.000,-32.7021484375,
2023/07/26 10:56:33.000,-32.66796875,
2023/07/26 10:57:10.000,-32.5458984375,
2023/07/26 10:57:21.000,-32.5361328125,
2023/07/26 10:57:31.000,-32.5068359375,
2023/07/26 10:57:43.000,-32.4619140625,
2023/07/26 10:57:57.000,-32.439453125,
2023/07/26 10:58:05.000,-32.4345703125,
2023/07/26 10:58:31.000,-32.4560546875,
2023/07/26 10:58:41.000,-32.4990234375,
2023/07/26 10:59:33.000,-32.7353515625,
2023/07/26 10:59:47.000,-32.79296875,
2023/07/26 10:59:55.000,-32.8525390625,
2023/07/26 11:00:01.000,-32.84765625,
2023/07/26 11:00:45.000,-33.0556640625,
2023/07/26 11:01:03.000,-33.150390625,
2023/07/26 11:01:17.000,-33.2255859375,
2023/07/26 11:01:25.000,-33.2509765625,
2023/07/26 11:01:32.000,-33.2900390625,
2023/07/26 11:01:33.000,-33.29296875,
2023/07/26 11:01:47.000,-33.359375,
2023/07/26 11:02:17.000,-33.498046875,
2023/07/26 11:02:48.000,-33.626953125,
2023/07/26 11:02:55.000,-33.6484375,
2023/07/26 11:03:13.000,-33.740234375,
2023/07/26 11:03:23.000,-33.783203125,
2023/07/26 11:03:30.000,-33.7939453125,
2023/07/26 11:03:43.000,-33.85546875,
2023/07/26 11:03:55.000,-33.9072265625,
2023/07/26 11:04:01.000,-33.921875,
2023/07/26 11:04:23.000,-33.9912109375,
2023/07/26 11:04:33.000,-34.009765625,
2023/07/26 11:04:43.000,-34.04296875,
2023/07/26 11:04:50.000,-34.0517578125,
2023/07/26 11:05:03.000,-34.0771484375,
2023/07/26 11:05:15.000,-34.078125,
2023/07/26 11:05:30.000,-34.08203125,
2023/07/26 11:05:43.000,-34.0888671875,
2023/07/26 11:05:55.000,-34.05078125,
2023/07/26 11:06:10.000,-34.0380859375,
2023/07/26 11:06:18.000,-34.0224609375,
2023/07/26 11:06:25.000,-34.041015625,
2023/07/26 11:06:33.000,-34.00390625,
2023/07/26 11:06:40.000,-33.9912109375,
2023/07/26 11:06:51.000,-33.98046875,
2023/07/26 11:07:00.000,-33.95703125,
2023/07/26 11:07:29.000,-33.9482421875,
2023/07/26 11:07:40.000,-33.9306640625,
2023/07/26 11:08:10.000,-33.892578125,
2023/07/26 11:08:25.000,-33.861328125,
2023/07/26 11:08:57.000,-33.720703125,
2023/07/26 11:10:15.000,-33.2099609375,
2023/07/26 11:10:30.000,-33.1171875,
2023/07/26 11:10:38.000,-33.087890625,
2023/07/26 11:11:03.000,-32.958984375,
2023/07/26 11:11:13.000,-32.8974609375,
2023/07/26 11:12:05.000,-32.7236328125,
2023/07/26 11:12:20.000,-32.693359375,
2023/07/26 11:12:33.000,-32.65234375,
2023/07/26 11:12:45.000,-32.62109375,
2023/07/26 11:12:55.000,-32.599609375,
2023/07/26 11:13:37.000,-32.5625,
2023/07/26 11:13:45.000,-32.53515625,
2023/07/26 11:14:00.000,-32.5146484375,
2023/07/26 11:14:11.000,-32.5234375,
2023/07/26 11:14:23.000,-32.4931640625,
2023/07/26 11:14:51.000,-32.4443359375,
2023/07/26 11:15:07.000,-32.4404296875,
2023/07/26 11:16:01.000,-32.4619140625,
2023/07/26 11:16:17.000,-32.470703125,
2023/07/26 11:16:35.000,-32.5,
2023/07/26 11:16:55.000,-32.5068359375,
2023/07/26 11:17:09.000,-32.5126953125,
2023/07/26 11:17:21.000,-32.521484375,
2023/07/26 11:17:35.000,-32.5322265625,
2023/07/26 11:17:45.000,-32.5283203125,
2023/07/26 11:18:07.000,-32.53125,
2023/07/26 11:18:39.000,-32.568359375,
2023/07/26 11:18:45.000,-32.5791015625,
2023/07/26 11:19:13.000,-32.7119140625,
2023/07/26 11:19:15.000,-32.7275390625,
2023/07/26 11:19:51.000,-32.9296875,
2023/07/26 11:20:07.000,-33.0166015625,
2023/07/26 11:20:15.000,-33.0615234375,
2023/07/26 11:20:29.000,-33.1142578125,
2023/07/26 11:20:47.000,-33.2255859375,
2023/07/26 11:20:53.000,-33.236328125,
2023/07/26 11:20:59.000,-33.275390625,
2023/07/26 11:21:07.000,-33.3076171875,
2023/07/26 11:21:55.000,-33.4638671875,
2023/07/26 11:21:59.000,-33.482421875,
2023/07/26 11:22:31.000,-33.55859375,
2023/07/26 11:22:37.000,-33.5712890625,
2023/07/26 11:22:49.000,-33.591796875,
2023/07/26 11:22:57.000,-33.6064453125,
2023/07/26 11:23:18.000,-33.642578125,
2023/07/26 11:23:47.000,-33.73046875,
2023/07/26 11:23:55.000,-33.736328125,
2023/07/26 11:24:31.000,-33.8056640625,
2023/07/26 11:25:07.000,-33.8779296875,
2023/07/26 11:25:36.000,-33.919921875,
2023/07/26 11:25:44.000,-33.9248046875,
2023/07/26 11:25:45.000,-33.9296875,
2023/07/26 11:26:19.000,-33.9580078125,
2023/07/26 11:26:26.000,-33.94921875,
2023/07/26 11:26:47.000,-34.013671875,
2023/07/26 11:26:55.000,-33.99609375,
2023/07/26 11:27:02.000,-33.9951171875,
2023/07/26 11:27:17.000,-34.02734375,
2023/07/26 11:27:32.000,-34.052734375,
2023/07/26 11:27:56.000,-34.0615234375,
2023/07/26 11:28:22.000,-34.1728515625,
2023/07/26 11:29:00.000,-34.0478515625,
2023/07/26 11:29:07.000,-33.9345703125,
2023/07/26 11:29:19.000,-33.7822265625,
2023/07/26 11:29:42.000,-33.376953125,
2023/07/26 11:29:49.000,-33.224609375,
2023/07/26 11:29:57.000,-33.12109375,
2023/07/26 11:30:05.000,-33.0244140625,
2023/07/26 11:30:18.000,-32.837890625,
2023/07/26 11:30:29.000,-32.5625,
2023/07/26 11:30:40.000,-32.2998046875,
2023/07/26 11:30:42.000,-32.2705078125,
2023/07/26 11:30:45.000,-32.2353515625,
2023/07/26 11:30:57.000,-32.005859375,
2023/07/26 11:31:27.000,-31.5390625,
2023/07/26 11:31:36.000,-31.4638671875,
2023/07/26 11:31:39.000,-31.349609375,
2023/07/26 11:31:53.000,-31.16015625,
2023/07/26 11:31:59.000,-31.05078125,
2023/07/26 11:32:15.000,-30.8681640625,
2023/07/26 11:32:32.000,-30.630859375,
2023/07/26 11:33:17.000,-30.0966796875,
2023/07/26 11:33:32.000,-29.91015625,
2023/07/26 11:33:39.000,-29.8408203125,
2023/07/26 11:33:59.000,-29.61328125,
2023/07/26 11:34:09.000,-29.5888671875,
2023/07/26 11:34:23.000,-29.37109375,
2023/07/26 11:35:07.000,-28.955078125,
2023/07/26 11:35:22.000,-28.8330078125,
2023/07/26 11:35:37.000,-28.7216796875,
2023/07/26 11:35:52.000,-28.6064453125,
2023/07/26 11:36:06.000,-28.5361328125,
2023/07/26 11:36:07.000,-28.5166015625,
2023/07/26 11:36:15.000,-28.5068359375,
2023/07/26 11:36:25.000,-28.4111328125,
2023/07/26 11:37:04.000,-28.2236328125,
2023/07/26 11:37:09.000,-28.1962890625,
2023/07/26 11:37:17.000,-28.1630859375,
2023/07/26 11:38:06.000,-28.0087890625,
2023/07/26 11:38:23.000,-27.9345703125,
2023/07/26 11:38:43.000,-27.8896484375,
2023/07/26 11:39:06.000,-27.8740234375,
2023/07/26 11:39:17.000,-27.8349609375,
2023/07/26 11:39:35.000,-27.841796875,
2023/07/26 11:39:45.000,-27.830078125,
2023/07/26 11:40:26.000,-27.8466796875,
2023/07/26 11:40:46.000,-27.87109375,
2023/07/26 11:40:57.000,-27.880859375,
2023/07/26 11:41:43.000,-27.908203125,
2023/07/26 11:41:57.000,-27.9052734375,
2023/07/26 11:42:11.000,-27.89453125,
2023/07/26 11:42:19.000,-27.880859375,
2023/07/26 11:42:45.000,-27.8427734375,
2023/07/26 11:42:55.000,-27.841796875,
2023/07/26 11:43:01.000,-27.8154296875,
2023/07/26 11:43:08.000,-27.7978515625,
2023/07/26 11:43:15.000,-27.794921875,
2023/07/26 11:43:17.000,-27.783203125,
2023/07/26 11:43:34.000,-27.728515625,
2023/07/26 11:44:07.000,-27.5908203125,
2023/07/26 11:44:21.000,-27.5322265625,
2023/07/26 11:45:15.000,-27.08203125,
2023/07/26 11:45:19.000,-27.0703125,
2023/07/26 11:45:26.000,-27.01953125,
2023/07/26 11:45:27.000,-27.01171875,
2023/07/26 11:45:49.000,-26.833984375,
2023/07/26 11:46:17.000,-26.673828125,
2023/07/26 11:47:00.000,-26.328125,
2023/07/26 11:47:31.000,-26.140625,
2023/07/26 11:47:49.000,-26.052734375,
2023/07/26 11:48:01.000,-25.9892578125,
2023/07/26 11:48:27.000,-25.892578125,
2023/07/26 11:48:37.000,-25.8642578125,
2023/07/26 11:49:09.000,-25.7880859375,
2023/07/26 11:49:15.000,-25.7734375,
2023/07/26 11:49:39.000,-25.7314453125,
2023/07/26 11:49:45.000,-25.708984375,
2023/07/26 11:49:51.000,-25.7236328125,
2023/07/26 11:50:08.000,-25.7177734375,
2023/07/26 11:50:11.000,-25.7197265625,
2023/07/26 11:50:34.000,-25.7001953125,
2023/07/26 11:50:45.000,-25.69140625,
2023/07/26 11:50:51.000,-25.6923828125,
2023/07/26 11:51:27.000,-25.6640625,
2023/07/26 11:51:34.000,-25.6494140625,
2023/07/26 11:51:45.000,-25.6318359375,
2023/07/26 11:51:53.000,-25.6220703125,
2023/07/26 11:52:07.000,-25.5927734375,
2023/07/26 11:52:34.000,-25.55078125,
2023/07/26 11:52:37.000,-25.560546875,
2023/07/26 11:52:44.000,-25.5380859375,
2023/07/26 11:53:01.000,-25.533203125,
2023/07/26 11:53:12.000,-25.513671875,
2023/07/26 11:53:14.000,-25.5185546875,
2023/07/26 11:53:17.000,-25.51953125,
2023/07/26 11:53:24.000,-25.5166015625,
2023/07/26 11:53:47.000,-25.5185546875,
2023/07/26 11:53:59.000,-25.5380859375,
2023/07/26 11:54:14.000,-25.5458984375,
2023/07/26 11:54:27.000,-25.5576171875,
2023/07/26 11:54:37.000,-25.572265625,
2023/07/26 11:54:45.000,-25.5595703125,
2023/07/26 11:54:51.000,-25.5625,
2023/07/26 11:55:15.000,-25.5927734375,
2023/07/26 11:55:29.000,-25.6005859375,
2023/07/26 11:55:37.000,-25.6015625,
2023/07/26 11:55:47.000,-25.5947265625,
2023/07/26 11:55:54.000,-25.5966796875,
2023/07/26 11:56:15.000,-25.5732421875,
2023/07/26 11:56:21.000,-25.5908203125,
2023/07/26 11:56:59.000,-25.5966796875,
2023/07/26 11:57:05.000,-25.603515625,
2023/07/26 11:57:11.000,-25.6064453125,
2023/07/26 11:57:25.000,-25.6005859375,
2023/07/26 11:57:39.000,-25.6259765625,
2023/07/26 11:58:09.000,-25.64453125,
2023/07/26 11:58:25.000,-25.6728515625,
2023/07/26 11:58:31.000,-25.685546875,
2023/07/26 11:58:39.000,-25.658203125,
2023/07/26 11:58:54.000,-25.7001953125,
2023/07/26 11:59:07.000,-25.712890625,
2023/07/26 11:59:39.000,-25.736328125,
2023/07/26 11:59:49.000,-25.7333984375,
2023/07/26 12:00:06.000,-25.73828125,
2023/07/26 12:00:11.000,-25.72265625,
2023/07/26 12:00:19.000,-25.7236328125,
2023/07/26 12:00:34.000,-25.7275390625,
2023/07/26 12:00:46.000,-25.7412109375,
2023/07/26 12:01:35.000,-25.7607421875,
2023/07/26 12:01:58.000,-25.7705078125,
2023/07/26 12:02:09.000,-25.7841796875,
2023/07/26 12:02:21.000,-25.7919921875,
2023/07/26 12:02:39.000,-25.818359375,
2023/07/26 12:02:56.000,-25.814453125,
2023/07/26 12:03:15.000,-25.8701171875,
2023/07/26 12:03:29.000,-26.0087890625,
2023/07/26 12:03:43.000,-26.208984375,
2023/07/26 12:03:51.000,-26.365234375,
2023/07/26 12:04:13.000,-26.748046875,
2023/07/26 12:04:25.000,-27.0009765625,
2023/07/26 12:04:59.000,-27.6279296875,
2023/07/26 12:05:09.000,-27.81640625,
2023/07/26 12:06:16.000,-28.9521484375,
2023/07/26 12:06:17.000,-28.9912109375,
2023/07/26 12:06:27.000,-29.0361328125,
2023/07/26 12:06:37.000,-29.2529296875,
2023/07/26 12:07:09.000,-29.3916015625,
2023/07/26 12:07:23.000,-29.3056640625,
2023/07/26 12:07:31.000,-29.2568359375,
2023/07/26 12:07:41.000,-29.1943359375,
2023/07/26 12:07:51.000,-29.091796875,
2023/07/26 12:08:21.000,-28.8466796875,
2023/07/26 12:08:39.000,-28.7548828125,
2023/07/26 12:08:51.000,-28.6611328125,
2023/07/26 12:09:19.000,-28.52734375,
2023/07/26 12:10:02.000,-28.4052734375,
2023/07/26 12:10:23.000,-28.3759765625,
2023/07/26 12:10:31.000,-28.345703125,
2023/07/26 12:10:39.000,-28.353515625,
2023/07/26 12:10:46.000,-28.333984375,
2023/07/26 12:10:49.000,-28.3447265625,
2023/07/26 12:10:56.000,-28.306640625,
2023/07/26 12:11:13.000,-28.30859375,
2023/07/26 12:11:21.000,-28.275390625,
2023/07/26 12:11:49.000,-28.2529296875,
2023/07/26 12:12:14.000,-28.2001953125,
2023/07/26 12:12:34.000,-28.13671875,
2023/07/26 12:12:36.000,-28.1181640625,
2023/07/26 12:12:39.000,-28.125,
2023/07/26 12:12:49.000,-28.12109375,
2023/07/26 12:13:02.000,-28.0927734375,
2023/07/26 12:13:17.000,-28.03515625,
2023/07/26 12:13:29.000,-28.005859375,
2023/07/26 12:14:01.000,-27.91796875,
2023/07/26 12:14:33.000,-27.806640625,
2023/07/26 12:15:06.000,-27.5654296875,
2023/07/26 12:15:09.000,-27.5498046875,
2023/07/26 12:15:16.000,-27.4990234375,
2023/07/26 12:15:19.000,-27.4931640625,
2023/07/26 12:15:26.000,-27.4267578125,
2023/07/26 12:15:37.000,-27.423828125,
2023/07/26 12:15:49.000,-27.2724609375,
2023/07/26 12:16:07.000,-27.1708984375,
2023/07/26 12:16:17.000,-27.103515625,
2023/07/26 12:16:41.000,-26.9873046875,
2023/07/26 12:16:53.000,-26.91796875,
2023/07/26 12:17:11.000,-26.82421875,
2023/07/26 12:17:19.000,-26.7841796875,
2023/07/26 12:17:31.000,-26.7529296875,
2023/07/26 12:17:41.000,-26.7548828125,
2023/07/26 12:17:53.000,-26.8037109375,
2023/07/26 12:18:09.000,-26.9501953125,
2023/07/26 12:18:36.000,-27.287109375,
2023/07/26 12:18:39.000,-27.3037109375,
2023/07/26 12:18:46.000,-27.392578125,
2023/07/26 12:18:57.000,-27.5244140625,
2023/07/26 12:19:03.000,-27.6240234375,
2023/07/26 12:19:16.000,-27.810546875,
2023/07/26 12:19:39.000,-28.0439453125,
2023/07/26 12:20:18.000,-28.5234375,
2023/07/26 12:20:48.000,-28.8486328125,
2023/07/26 12:20:59.000,-28.9521484375,
2023/07/26 12:21:09.000,-29.0947265625,
2023/07/26 12:21:19.000,-29.2177734375,
2023/07/26 12:21:37.000,-29.443359375,
2023/07/26 12:21:43.000,-29.5029296875,
2023/07/26 12:21:56.000,-29.6689453125,
2023/07/26 12:22:04.000,-29.7490234375,
2023/07/26 12:22:05.000,-29.7578125,
2023/07/26 12:22:23.000,-29.9580078125,
2023/07/26 12:22:31.000,-29.9638671875,
2023/07/26 12:22:45.000,-30.1728515625,
2023/07/26 12:22:54.000,-30.2548828125,
2023/07/26 12:23:01.000,-30.32421875,
2023/07/26 12:23:18.000,-30.4921875,
2023/07/26 12:23:34.000,-30.6513671875,
2023/07/26 12:23:46.000,-30.7109375,
2023/07/26 12:23:57.000,-30.806640625,
2023/07/26 12:24:21.000,-30.94140625,
2023/07/26 12:24:36.000,-31.0107421875,
2023/07/26 12:24:51.000,-31.1005859375,
2023/07/26 12:25:05.000,-31.15234375,
2023/07/26 12:25:13.000,-31.2119140625,
2023/07/26 12:25:53.000,-31.404296875,
2023/07/26 12:26:01.000,-31.4365234375,
2023/07/26 12:26:45.000,-31.6318359375,
2023/07/26 12:27:01.000,-31.69140625,
2023/07/26 12:27:15.000,-31.7373046875,
2023/07/26 12:27:35.000,-31.8056640625,
2023/07/26 12:28:31.000,-31.9609375,
2023/07/26 12:28:41.000,-31.986328125,
2023/07/26 12:28:49.000,-32.0302734375,
2023/07/26 12:28:55.000,-32.0439453125,
2023/07/26 12:29:01.000,-32.048828125,
2023/07/26 12:29:15.000,-32.0869140625,
2023/07/26 12:29:51.000,-32.2197265625,
2023/07/26 12:30:01.000,-32.27734375,
2023/07/26 12:30:23.000,-32.3779296875,
2023/07/26 12:30:31.000,-32.427734375,
2023/07/26 12:30:55.000,-32.498046875,
2023/07/26 12:32:02.000,-32.693359375,
2023/07/26 12:32:31.000,-32.7099609375,
2023/07/26 12:32:39.000,-32.703125,
2023/07/26 12:32:41.000,-32.7099609375,
2023/07/26 12:32:51.000,-32.693359375,
2023/07/26 12:33:35.000,-32.154296875,
2023/07/26 12:33:40.000,-32.1220703125,
2023/07/26 12:33:41.000,-32.005859375,
2023/07/26 12:33:48.000,-31.8515625,
2023/07/26 12:33:59.000,-31.62890625,
2023/07/26 12:34:05.000,-31.5078125,
2023/07/26 12:34:28.000,-31.05859375,
2023/07/26 12:34:41.000,-30.916015625,
2023/07/26 12:34:48.000,-30.7021484375,
2023/07/26 12:34:53.000,-30.654296875,
2023/07/26 12:35:09.000,-30.4423828125,
2023/07/26 12:35:19.000,-30.33203125,
2023/07/26 12:36:03.000,-29.9111328125,
2023/07/26 12:36:09.000,-29.8544921875,
2023/07/26 12:36:15.000,-29.81640625,
2023/07/26 12:36:41.000,-29.64453125,
2023/07/26 12:36:54.000,-29.56640625,
2023/07/26 12:36:55.000,-29.5068359375,
2023/07/26 12:37:11.000,-29.443359375,
2023/07/26 12:37:18.000,-29.375,
2023/07/26 12:37:31.000,-29.3408203125,
2023/07/26 12:37:44.000,-29.2880859375,
2023/07/26 12:38:18.000,-29.2099609375,
2023/07/26 12:38:25.000,-29.189453125,
2023/07/26 12:38:38.000,-29.201171875,
2023/07/26 12:38:58.000,-29.1953125,
2023/07/26 12:39:06.000,-29.216796875,
2023/07/26 12:39:08.000,-29.2099609375,
2023/07/26 12:39:11.000,-29.19921875,
2023/07/26 12:39:18.000,-29.208984375,
2023/07/26 12:39:21.000,-29.21484375,
2023/07/26 12:39:28.000,-29.23828125,
2023/07/26 12:39:41.000,-29.2587890625,
2023/07/26 12:39:48.000,-29.2744140625,
2023/07/26 12:39:55.000,-29.2890625,
2023/07/26 12:40:03.000,-29.2958984375,
2023/07/26 12:40:19.000,-29.326171875,
2023/07/26 12:40:38.000,-29.34765625,
2023/07/26 12:40:45.000,-29.3525390625,
2023/07/26 12:40:53.000,-29.3544921875,
2023/07/26 12:41:08.000,-29.3876953125,
2023/07/26 12:41:20.000,-29.3681640625,
2023/07/26 12:41:28.000,-29.36328125,
2023/07/26 12:41:34.000,-29.373046875,
2023/07/26 12:42:12.000,-29.3564453125,
2023/07/26 12:42:21.000,-29.3515625,
2023/07/26 12:43:02.000,-29.3271484375,
2023/07/26 12:43:19.000,-29.333984375,
2023/07/26 12:43:23.000,-29.3544921875,
2023/07/26 12:43:37.000,-29.326171875,
2023/07/26 12:44:20.000,-29.314453125,
2023/07/26 12:44:52.000,-29.2919921875,
2023/07/26 12:45:12.000,-29.2529296875,
2023/07/26 12:45:30.000,-29.236328125,
2023/07/26 12:45:45.000,-29.212890625,
2023/07/26 12:46:01.000,-29.173828125,
2023/07/26 12:46:22.000,-29.1591796875,
2023/07/26 12:46:31.000,-29.1474609375,
2023/07/26 12:47:09.000,-29.126953125,
2023/07/26 12:47:17.000,-29.125,
2023/07/26 12:47:35.000,-29.13671875,
2023/07/26 12:47:57.000,-29.14453125,
2023/07/26 12:48:06.000,-29.150390625,
2023/07/26 12:48:24.000,-29.1826171875,
2023/07/26 12:48:33.000,-29.2041015625,
2023/07/26 12:48:56.000,-29.2294921875,
2023/07/26 12:48:57.000,-29.2314453125,
2023/07/26 12:49:03.000,-29.2509765625,
2023/07/26 12:49:17.000,-29.2646484375,
2023/07/26 12:49:25.000,-29.2685546875,
2023/07/26 12:50:05.000,-29.3173828125,
2023/07/26 12:50:25.000,-29.326171875,
2023/07/26 12:50:33.000,-29.3388671875,
2023/07/26 12:50:43.000,-29.3408203125,
2023/07/26 12:51:27.000,-29.361328125,
2023/07/26 12:51:43.000,-29.380859375,
2023/07/26 12:51:50.000,-29.38671875,
2023/07/26 12:52:27.000,-29.447265625,
2023/07/26 12:52:35.000,-29.4638671875,
2023/07/26 12:52:53.000,-29.46875,
2023/07/26 12:53:07.000,-29.5107421875,
2023/07/26 12:53:15.000,-29.5244140625,
2023/07/26 12:53:45.000,-29.5625,
2023/07/26 12:54:00.000,-29.58984375,
2023/07/26 12:54:13.000,-29.580078125,
2023/07/26 12:54:31.000,-29.6142578125,
2023/07/26 12:55:23.000,-29.65234375,
2023/07/26 12:55:35.000,-29.6708984375,
2023/07/26 12:56:07.000,-29.69140625,
2023/07/26 12:56:15.000,-29.7119140625,
2023/07/26 12:56:23.000,-29.7197265625,
2023/07/26 12:56:41.000,-29.7578125,
2023/07/26 12:56:58.000,-29.798828125,
2023/07/26 12:57:15.000,-29.8271484375,
2023/07/26 12:57:25.000,-29.8447265625,
2023/07/26 12:57:35.000,-29.861328125,
2023/07/26 12:57:45.000,-29.8720703125,
2023/07/26 12:57:55.000,-29.8916015625,
2023/07/26 12:58:05.000,-29.9072265625,
2023/07/26 12:58:15.000,-29.9150390625,
2023/07/26 12:58:25.000,-29.9072265625,
2023/07/26 12:58:33.000,-29.9482421875,
2023/07/26 12:58:51.000,-29.9580078125,
2023/07/26 12:59:00.000,-29.935546875,
2023/07/26 12:59:20.000,-29.9638671875,
2023/07/26 12:59:33.000,-29.962890625,
2023/07/26 12:59:45.000,-29.9677734375,
2023/07/26 12:59:53.000,-29.9716796875,
2023/07/26 13:00:33.000,-30.0224609375,
2023/07/26 13:00:45.000,-30.02734375,
2023/07/26 13:01:00.000,-30.0458984375,
2023/07/26 13:01:08.000,-30.0556640625,
2023/07/26 13:01:15.000,-30.060546875,
2023/07/26 13:01:23.000,-30.07421875,
2023/07/26 13:01:30.000,-30.0869140625,
2023/07/26 13:02:13.000,-30.1240234375,
2023/07/26 13:02:30.000,-30.130859375,
2023/07/26 13:02:44.000,-30.138671875,
2023/07/26 13:02:45.000,-30.1328125,
2023/07/26 13:02:55.000,-30.1279296875,
2023/07/26 13:03:15.000,-30.107421875,
2023/07/26 13:03:27.000,-30.115234375,
2023/07/26 13:03:55.000,-30.09765625,
2023/07/26 13:04:27.000,-30.08203125,
2023/07/26 13:05:04.000,-30.0986328125,
2023/07/26 13:05:05.000,-30.1015625,
2023/07/26 13:05:23.000,-30.12109375,
2023/07/26 13:05:39.000,-30.1337890625,
2023/07/26 13:05:48.000,-30.1474609375,
2023/07/26 13:05:59.000,-30.154296875,
2023/07/26 13:06:17.000,-30.1533203125,
2023/07/26 13:06:25.000,-30.16796875,
2023/07/26 13:07:01.000,-30.1708984375,
2023/07/26 13:07:24.000,-30.158203125,
2023/07/26 13:07:33.000,-30.1396484375,
2023/07/26 13:07:53.000,-30.115234375,
2023/07/26 13:08:55.000,-30.1015625,
2023/07/26 13:09:09.000,-30.0888671875,
2023/07/26 13:09:31.000,-30.1064453125,
2023/07/26 13:09:37.000,-30.119140625,
2023/07/26 13:09:55.000,-30.1142578125,
2023/07/26 13:10:15.000,-30.1396484375,
2023/07/26 13:10:29.000,-30.1416015625,
2023/07/26 13:10:37.000,-30.171875,
2023/07/26 13:11:05.000,-30.169921875,
2023/07/26 13:11:19.000,-30.171875,
2023/07/26 13:11:39.000,-30.166015625,
2023/07/26 13:11:53.000,-30.1767578125,
2023/07/26 13:12:03.000,-30.1650390625,
2023/07/26 13:12:35.000,-30.1328125,
2023/07/26 13:13:25.000,-30.109375,
2023/07/26 13:13:59.000,-30.1376953125,
2023/07/26 13:14:07.000,-30.111328125,
2023/07/26 13:14:19.000,-30.1357421875,
2023/07/26 13:14:39.000,-30.1669921875,
2023/07/26 13:14:47.000,-30.1748046875,
2023/07/26 13:15:07.000,-30.1796875,
2023/07/26 13:15:27.000,-30.197265625,
2023/07/26 13:15:47.000,-30.189453125,
2023/07/26 13:15:55.000,-30.2021484375,
2023/07/26 13:16:02.000,-30.205078125,
2023/07/26 13:16:15.000,-30.193359375,
2023/07/26 13:16:27.000,-30.2119140625,
2023/07/26 13:16:42.000,-30.2236328125,
2023/07/26 13:16:50.000,-30.2099609375,
2023/07/26 13:16:57.000,-30.23046875,
2023/07/26 13:17:05.000,-30.2177734375,
2023/07/26 13:17:12.000,-30.2275390625,
2023/07/26 13:17:25.000,-30.216796875,
2023/07/26 13:17:37.000,-30.228515625,
2023/07/26 13:17:55.000,-30.25,
2023/07/26 13:18:05.000,-30.2451171875,
2023/07/26 13:18:12.000,-30.2607421875,
2023/07/26 13:18:20.000,-30.2724609375,
2023/07/26 13:18:22.000,-30.2509765625,
2023/07/26 13:18:43.000,-30.2919921875,
2023/07/26 13:18:53.000,-30.2998046875,
2023/07/26 13:19:03.000,-30.3193359375,
2023/07/26 13:19:13.000,-30.3232421875,
2023/07/26 13:19:27.000,-30.33984375,
2023/07/26 13:19:35.000,-30.35546875,
2023/07/26 13:19:42.000,-30.3466796875,
2023/07/26 13:19:55.000,-30.3427734375,
2023/07/26 13:20:15.000,-30.3798828125,
2023/07/26 13:20:42.000,-30.375,
2023/07/26 13:20:45.000,-30.388671875,
2023/07/26 13:20:52.000,-30.375,
2023/07/26 13:21:13.000,-30.3818359375,
2023/07/26 13:21:23.000,-30.369140625,
2023/07/26 13:21:59.000,-30.3388671875,
2023/07/26 13:22:07.000,-30.361328125,
2023/07/26 13:22:22.000,-30.37109375,
2023/07/26 13:22:30.000,-30.3603515625,
2023/07/26 13:22:45.000,-30.3583984375,
2023/07/26 13:22:55.000,-30.36328125,
2023/07/26 13:23:05.000,-30.3740234375,
2023/07/26 13:23:17.000,-30.3798828125,
2023/07/26 13:23:27.000,-30.392578125,
2023/07/26 13:23:33.000,-30.3759765625,
2023/07/26 13:23:57.000,-30.3837890625,
2023/07/26 13:24:12.000,-30.39453125,
2023/07/26 13:24:47.000,-30.3486328125,
2023/07/26 13:25:06.000,-30.3515625,
2023/07/26 13:25:45.000,-30.330078125,
2023/07/26 13:26:06.000,-30.3251953125,
2023/07/26 13:26:15.000,-30.330078125,
2023/07/26 13:26:33.000,-30.3154296875,
2023/07/26 13:26:57.000,-30.3291015625,
2023/07/26 13:27:13.000,-30.3427734375,
2023/07/26 13:27:19.000,-30.33984375,
2023/07/26 13:27:27.000,-30.330078125,
2023/07/26 13:27:37.000,-30.3251953125,
2023/07/26 13:27:52.000,-30.3505859375,
2023/07/26 13:27:58.000,-30.34765625,
2023/07/26 13:28:24.000,-30.36328125,
2023/07/26 13:28:27.000,-30.3623046875,
2023/07/26 13:28:37.000,-30.3671875,
2023/07/26 13:29:19.000,-30.3349609375,
2023/07/26 13:29:29.000,-30.318359375,
2023/07/26 13:29:37.000,-30.3212890625,
2023/07/26 13:29:49.000,-30.328125,
2023/07/26 13:30:17.000,-30.2958984375,
2023/07/26 13:30:46.000,-30.2861328125,
2023/07/26 13:31:07.000,-30.2763671875,
2023/07/26 13:31:29.000,-30.314453125,
2023/07/26 13:31:47.000,-30.3115234375,
2023/07/26 13:32:36.000,-30.376953125,
2023/07/26 13:32:45.000,-30.361328125,
2023/07/26 13:32:51.000,-30.3857421875,
2023/07/26 13:33:00.000,-30.390625,
2023/07/26 13:33:17.000,-30.3818359375,
2023/07/26 13:33:31.000,-30.3984375,
2023/07/26 13:33:39.000,-30.39453125,
2023/07/26 13:34:01.000,-30.388671875,
2023/07/26 13:34:27.000,-30.38671875,
2023/07/26 13:34:41.000,-30.3720703125,
2023/07/26 13:34:58.000,-30.375,
2023/07/26 13:35:05.000,-30.3671875,
2023/07/26 13:35:07.000,-30.3701171875,
2023/07/26 13:35:27.000,-30.3720703125,
2023/07/26 13:35:47.000,-30.375,
2023/07/26 13:36:02.000,-30.384765625,
2023/07/26 13:36:09.000,-30.390625,
2023/07/26 13:36:27.000,-30.4091796875,
2023/07/26 13:36:34.000,-30.4130859375,
2023/07/26 13:36:47.000,-30.4345703125,
2023/07/26 13:36:59.000,-30.435546875,
2023/07/26 13:37:11.000,-30.4423828125,
2023/07/26 13:37:15.000,-30.4501953125,
2023/07/26 13:37:17.000,-30.4541015625,
2023/07/26 13:37:24.000,-30.4580078125,
2023/07/26 13:37:39.000,-30.44140625,
2023/07/26 13:38:21.000,-30.47265625,
2023/07/26 13:38:30.000,-30.4677734375,
2023/07/26 13:39:07.000,-30.44140625,
2023/07/26 13:39:14.000,-30.439453125,
2023/07/26 13:39:17.000,-30.4375,
2023/07/26 13:39:24.000,-30.4443359375,
2023/07/26 13:39:35.000,-30.4365234375,
2023/07/26 13:39:44.000,-30.4453125,
2023/07/26 13:40:01.000,-30.4404296875,
2023/07/26 13:40:29.000,-30.4599609375,
2023/07/26 13:40:44.000,-30.47265625,
2023/07/26 13:40:57.000,-30.482421875,
2023/07/26 13:41:07.000,-30.498046875,
2023/07/26 13:41:20.000,-30.5009765625,
2023/07/26 13:41:29.000,-30.5107421875,
2023/07/26 13:41:45.000,-30.505859375,
2023/07/26 13:41:51.000,-30.5048828125,
2023/07/26 13:42:02.000,-30.505859375,
2023/07/26 13:42:04.000,-30.49609375,
2023/07/26 13:42:27.000,-30.5009765625,
2023/07/26 13:42:37.000,-30.5107421875,
2023/07/26 13:42:51.000,-30.49609375,
2023/07/26 13:43:28.000,-30.4697265625,
2023/07/26 13:43:39.000,-30.4541015625,
2023/07/26 13:43:51.000,-30.4609375,
2023/07/26 13:44:01.000,-30.4541015625,
2023/07/26 13:44:15.000,-30.44921875,
2023/07/26 13:44:37.000,-30.4501953125,
2023/07/26 13:44:47.000,-30.4462890625,
2023/07/26 13:45:49.000,-30.4853515625,
2023/07/26 13:46:01.000,-30.4736328125,
2023/07/26 13:46:19.000,-30.486328125,
2023/07/26 13:46:31.000,-30.5,
2023/07/26 13:46:39.000,-30.47265625,
2023/07/26 13:47:55.000,-30.423828125,
2023/07/26 13:48:01.000,-30.4296875,
2023/07/26 13:49:08.000,-30.4228515625,
2023/07/26 13:49:26.000,-30.4130859375,
2023/07/26 13:49:29.000,-30.4140625,
2023/07/26 13:49:43.000,-30.4345703125,
2023/07/26 13:49:50.000,-30.435546875,
2023/07/26 13:50:19.000,-30.4462890625,
2023/07/26 13:50:27.000,-30.455078125,
2023/07/26 13:50:39.000,-30.44140625,
2023/07/26 13:50:53.000,-30.421875,
2023/07/26 13:51:13.000,-30.4375,
2023/07/26 13:51:23.000,-30.4208984375,
2023/07/26 13:51:32.000,-30.4296875,
2023/07/26 13:51:49.000,-30.4052734375,
2023/07/26 13:52:09.000,-30.427734375,
2023/07/26 13:52:23.000,-30.421875,
2023/07/26 13:52:29.000,-30.416015625,
2023/07/26 13:52:39.000,-30.4208984375,
2023/07/26 13:53:13.000,-30.4501953125,
2023/07/26 13:53:21.000,-30.4599609375,
2023/07/26 13:53:41.000,-30.478515625,
2023/07/26 13:53:49.000,-30.50390625,
2023/07/26 13:54:19.000,-30.5390625,
2023/07/26 13:54:33.000,-30.5478515625,
2023/07/26 13:54:41.000,-30.576171875,
2023/07/26 13:55:03.000,-30.59375,
2023/07/26 13:55:10.000,-30.6025390625,
2023/07/26 13:55:21.000,-30.609375,
2023/07/26 13:55:51.000,-30.611328125,
2023/07/26 13:56:09.000,-30.6025390625,
2023/07/26 13:56:28.000,-30.599609375,
2023/07/26 13:57:33.000,-30.5654296875,
2023/07/26 13:57:41.000,-30.5673828125,
2023/07/26 13:57:53.000,-30.5654296875,
2023/07/26 13:58:01.000,-30.54296875,
2023/07/26 13:58:33.000,-30.478515625,
2023/07/26 13:58:53.000,-30.455078125,
2023/07/26 13:59:13.000,-30.412109375,
2023/07/26 13:59:18.000,-30.37890625,
2023/07/26 13:59:19.000,-30.3837890625,
2023/07/26 13:59:29.000,-30.369140625,
2023/07/26 13:59:41.000,-30.3251953125,
2023/07/26 13:59:53.000,-30.294921875,
2023/07/26 14:00:10.000,-30.2626953125,
2023/07/26 14:00:11.000,-30.2578125,
2023/07/26 14:00:16.000,-30.2353515625,
2023/07/26 14:00:58.000,-30.1376953125,
2023/07/26 14:00:59.000,-30.1259765625,
2023/07/26 14:01:14.000,-30.1044921875,
2023/07/26 14:01:21.000,-30.078125,
2023/07/26 14:01:36.000,-30.0537109375,
2023/07/26 14:01:43.000,-30.0234375,
2023/07/26 14:01:51.000,-30.0166015625,
2023/07/26 14:01:59.000,-30.0009765625,
2023/07/26 14:02:31.000,-29.9345703125,
2023/07/26 14:02:46.000,-29.9033203125,
2023/07/26 14:02:54.000,-29.91015625,
2023/07/26 14:03:19.000,-29.87890625,
2023/07/26 14:03:31.000,-29.8349609375,
2023/07/26 14:04:06.000,-29.775390625,
2023/07/26 14:04:09.000,-29.798828125,
2023/07/26 14:04:16.000,-29.7998046875,
2023/07/26 14:04:40.000,-29.7744140625,
2023/07/26 14:05:13.000,-29.767578125,
2023/07/26 14:05:33.000,-29.775390625,
2023/07/26 14:06:00.000,-29.7890625,
2023/07/26 14:06:22.000,-29.849609375,
2023/07/26 14:06:33.000,-29.859375,
2023/07/26 14:06:47.000,-29.90234375,
2023/07/26 14:06:56.000,-29.947265625,
2023/07/26 14:07:03.000,-29.9443359375,
2023/07/26 14:07:09.000,-29.9658203125,
2023/07/26 14:08:01.000,-30.0732421875,
2023/07/26 14:08:07.000,-30.048828125,
2023/07/26 14:08:13.000,-30.0859375,
2023/07/26 14:08:25.000,-30.087890625,
2023/07/26 14:09:13.000,-30.0908203125,
2023/07/26 14:09:21.000,-30.09375,
2023/07/26 14:09:36.000,-30.083984375,
2023/07/26 14:09:48.000,-30.1005859375,
2023/07/26 14:09:56.000,-30.1015625,
2023/07/26 14:10:04.000,-30.109375,
2023/07/26 14:10:05.000,-30.1015625,
2023/07/26 14:10:14.000,-30.12109375,
2023/07/26 14:10:51.000,-30.1376953125,
2023/07/26 14:11:11.000,-30.1728515625,
2023/07/26 14:11:49.000,-30.1943359375,
2023/07/26 14:11:59.000,-30.18359375,
2023/07/26 14:12:37.000,-30.19140625,
2023/07/26 14:12:45.000,-30.1904296875,
2023/07/26 14:13:03.000,-30.1748046875,
2023/07/26 14:13:13.000,-30.1533203125,
2023/07/26 14:13:23.000,-30.158203125,
2023/07/26 14:13:33.000,-30.1416015625,
2023/07/26 14:13:43.000,-30.142578125,
2023/07/26 14:13:53.000,-30.1357421875,
2023/07/26 14:27:45.000,-29.8115234375,
