Year/Month/Day Hour:Minute:Second.Millisecond,cms_mtdtf_dcs_1:MTRS/MTD_TIF_33/Chip_2/Channel_0.actual.value,
Year/Month/Day Hour:Minute:Second.Millisecond,Thirteenth RTD,
2023/08/02 10:15:59.000,-8.0283203125,
2023/08/02 10:16:06.000,-8.0341796875,
2023/08/02 10:16:27.000,-8.0390625,
2023/08/02 10:16:46.000,-8.048828125,
2023/08/02 10:16:49.000,-8.046875,
2023/08/02 10:16:56.000,-8.041015625,
2023/08/02 10:17:07.000,-8.029296875,
2023/08/02 10:17:13.000,-8.0302734375,
2023/08/02 10:17:46.000,-8.02734375,
2023/08/02 10:18:16.000,-8.037109375,
2023/08/02 10:18:24.000,-8.0439453125,
2023/08/02 10:18:31.000,-8.0419921875,
2023/08/02 10:18:39.000,-8.0390625,
2023/08/02 10:18:46.000,-8.0478515625,
2023/08/02 10:18:53.000,-8.0458984375,
2023/08/02 10:19:17.000,-8.0439453125,
2023/08/02 10:19:27.000,-8.0390625,
2023/08/02 10:19:37.000,-8.0302734375,
2023/08/02 10:20:18.000,-8.0556640625,
2023/08/02 10:20:19.000,-8.056640625,
2023/08/02 10:20:41.000,-8.0517578125,
2023/08/02 10:20:56.000,-8.04296875,
2023/08/02 10:21:04.000,-8.03515625,
2023/08/02 10:21:11.000,-8.0244140625,
2023/08/02 10:21:19.000,-8.0302734375,
2023/08/02 10:21:54.000,-8.0478515625,
2023/08/02 10:22:01.000,-8.0439453125,
2023/08/02 10:22:09.000,-8.037109375,
2023/08/02 10:22:16.000,-8.0283203125,
2023/08/02 10:22:28.000,-8.029296875,
2023/08/02 10:22:46.000,-8.033203125,
2023/08/02 10:23:01.000,-8.0390625,
2023/08/02 10:23:16.000,-8.0439453125,
2023/08/02 10:23:29.000,-8.0322265625,
2023/08/02 10:23:41.000,-8.0380859375,
2023/08/02 10:23:51.000,-8.0341796875,
2023/08/02 10:24:21.000,-8.05078125,
2023/08/02 10:24:31.000,-8.0439453125,
2023/08/02 10:24:41.000,-8.033203125,
2023/08/02 10:24:47.000,-8.0244140625,
2023/08/02 10:25:06.000,-8.015625,
2023/08/02 10:25:21.000,-8.02734375,
2023/08/02 10:25:41.000,-8.0302734375,
2023/08/02 10:26:00.000,-8.025390625,
2023/08/02 10:26:03.000,-8.02734375,
2023/08/02 10:26:31.000,-8.0234375,
2023/08/02 10:26:35.000,-8.025390625,
2023/08/02 10:27:07.000,-7.99609375,
2023/08/02 10:27:13.000,-7.9873046875,
2023/08/02 10:27:43.000,-7.9697265625,
2023/08/02 10:27:51.000,-7.9658203125,
2023/08/02 10:28:06.000,-7.947265625,
2023/08/02 10:28:18.000,-7.9482421875,
2023/08/02 10:28:40.000,-7.9375,
2023/08/02 10:28:41.000,-7.943359375,
2023/08/02 10:28:59.000,-7.9296875,
2023/08/02 10:29:18.000,-7.8974609375,
2023/08/02 10:29:21.000,-7.8984375,
2023/08/02 10:29:35.000,-7.8935546875,
2023/08/02 10:30:03.000,-7.87890625,
2023/08/02 10:30:19.000,-7.8798828125,
2023/08/02 10:30:58.000,-7.8505859375,
2023/08/02 10:31:31.000,-7.83203125,
2023/08/02 10:31:49.000,-7.8193359375,
2023/08/02 10:32:41.000,-7.80078125,
2023/08/02 10:33:13.000,-7.771484375,
2023/08/02 10:33:21.000,-7.763671875,
2023/08/02 10:33:35.000,-7.759765625,
2023/08/02 10:33:45.000,-7.7421875,
2023/08/02 10:34:25.000,-7.740234375,
2023/08/02 10:34:35.000,-7.7275390625,
2023/08/02 10:34:43.000,-7.71875,
2023/08/02 10:35:11.000,-7.7060546875,
2023/08/02 10:35:25.000,-7.6826171875,
2023/08/02 10:35:45.000,-7.6884765625,
2023/08/02 10:35:53.000,-7.6787109375,
2023/08/02 10:36:11.000,-7.6708984375,
2023/08/02 10:36:21.000,-7.66796875,
2023/08/02 10:36:28.000,-7.6494140625,
2023/08/02 10:36:41.000,-7.6455078125,
2023/08/02 10:36:48.000,-7.6435546875,
2023/08/02 10:36:55.000,-7.6455078125,
2023/08/02 10:37:55.000,-7.6064453125,
2023/08/02 10:38:01.000,-7.6025390625,
2023/08/02 10:38:13.000,-7.5927734375,
2023/08/02 10:38:33.000,-7.578125,
2023/08/02 10:38:51.000,-7.583984375,
2023/08/02 10:39:03.000,-7.576171875,
2023/08/02 10:39:18.000,-7.5732421875,
2023/08/02 10:39:31.000,-7.56640625,
2023/08/02 10:39:43.000,-7.5439453125,
2023/08/02 10:39:58.000,-7.544921875,
2023/08/02 10:40:06.000,-7.5419921875,
2023/08/02 10:40:13.000,-7.546875,
2023/08/02 10:40:23.000,-7.5400390625,
2023/08/02 10:40:31.000,-7.5390625,
2023/08/02 10:40:38.000,-7.5302734375,
2023/08/02 10:41:04.000,-7.5029296875,
2023/08/02 10:41:05.000,-7.50390625,
2023/08/02 10:41:10.000,-7.5009765625,
2023/08/02 10:41:18.000,-7.494140625,
2023/08/02 10:41:41.000,-7.4794921875,
2023/08/02 10:41:42.000,-7.47265625,
2023/08/02 10:41:43.000,-7.4716796875,
2023/08/02 10:41:55.000,-7.4658203125,
2023/08/02 10:42:21.000,-7.45703125,
2023/08/02 10:42:28.000,-7.458984375,
2023/08/02 10:42:45.000,-7.453125,
2023/08/02 10:43:15.000,-7.44140625,
2023/08/02 10:43:45.000,-7.40234375,
2023/08/02 10:43:51.000,-7.4091796875,
2023/08/02 10:43:58.000,-7.3955078125,
2023/08/02 10:44:13.000,-7.3916015625,
2023/08/02 10:44:49.000,-7.3798828125,
2023/08/02 10:44:58.000,-7.375,
2023/08/02 10:45:10.000,-7.369140625,
2023/08/02 10:45:33.000,-7.3486328125,
2023/08/02 10:45:45.000,-7.3359375,
2023/08/02 10:45:59.000,-7.330078125,
2023/08/02 10:46:21.000,-7.30859375,
2023/08/02 10:46:43.000,-7.3095703125,
2023/08/02 10:47:03.000,-7.291015625,
2023/08/02 10:47:45.000,-7.2685546875,
2023/08/02 10:48:01.000,-7.2626953125,
2023/08/02 10:48:11.000,-7.251953125,
2023/08/02 10:48:21.000,-7.2490234375,
2023/08/02 10:48:41.000,-7.25,
2023/08/02 10:48:47.000,-7.2373046875,
2023/08/02 10:48:56.000,-7.2333984375,
2023/08/02 10:49:13.000,-7.20703125,
2023/08/02 10:49:28.000,-7.22265625,
2023/08/02 10:49:36.000,-7.21484375,
2023/08/02 10:49:50.000,-7.1962890625,
2023/08/02 10:49:53.000,-7.193359375,
2023/08/02 10:50:10.000,-7.1865234375,
2023/08/02 10:50:13.000,-7.1845703125,
2023/08/02 10:50:47.000,-7.173828125,
2023/08/02 10:51:20.000,-7.16015625,
2023/08/02 10:51:23.000,-7.1611328125,
2023/08/02 10:51:45.000,-7.1484375,
2023/08/02 10:52:03.000,-7.1396484375,
2023/08/02 10:52:32.000,-7.1171875,
2023/08/02 10:52:55.000,-7.111328125,
2023/08/02 10:53:44.000,-7.0810546875,
2023/08/02 10:53:57.000,-7.0830078125,
2023/08/02 10:54:35.000,-7.05859375,
2023/08/02 10:54:43.000,-7.0498046875,
2023/08/02 10:54:53.000,-7.0517578125,
2023/08/02 10:55:13.000,-7.041015625,
2023/08/02 10:55:27.000,-7.0439453125,
2023/08/02 10:55:35.000,-7.0341796875,
2023/08/02 10:56:01.000,-7.0068359375,
2023/08/02 10:56:11.000,-7.001953125,
2023/08/02 10:57:33.000,-6.96875,
2023/08/02 10:57:40.000,-6.9619140625,
2023/08/02 10:57:47.000,-6.9580078125,
2023/08/02 10:58:11.000,-6.9501953125,
2023/08/02 10:58:25.000,-6.939453125,
2023/08/02 10:58:37.000,-6.9326171875,
2023/08/02 10:58:53.000,-6.9267578125,
2023/08/02 10:59:01.000,-6.9189453125,
2023/08/02 10:59:03.000,-6.9150390625,
2023/08/02 10:59:13.000,-6.9091796875,
2023/08/02 10:59:30.000,-6.9033203125,
2023/08/02 11:00:07.000,-6.8828125,
2023/08/02 11:00:23.000,-6.8779296875,
2023/08/02 11:00:31.000,-6.8759765625,
2023/08/02 11:00:37.000,-6.8740234375,
2023/08/02 11:00:54.000,-6.8623046875,
2023/08/02 11:00:55.000,-6.8564453125,
2023/08/02 11:01:12.000,-6.8505859375,
2023/08/02 11:01:20.000,-6.849609375,
2023/08/02 11:01:25.000,-6.83984375,
2023/08/02 11:01:57.000,-6.8330078125,
2023/08/02 11:02:05.000,-6.828125,
2023/08/02 11:02:13.000,-6.82421875,
2023/08/02 11:02:47.000,-6.810546875,
2023/08/02 11:03:03.000,-6.7978515625,
2023/08/02 11:03:16.000,-6.8046875,
2023/08/02 11:03:25.000,-6.787109375,
2023/08/02 11:03:55.000,-6.7685546875,
2023/08/02 11:04:04.000,-6.7587890625,
2023/08/02 11:04:32.000,-6.7421875,
2023/08/02 11:05:15.000,-6.7294921875,
2023/08/02 11:05:21.000,-6.7138671875,
2023/08/02 11:05:30.000,-6.71484375,
2023/08/02 11:05:41.000,-6.716796875,
2023/08/02 11:05:47.000,-6.71484375,
2023/08/02 11:06:01.000,-6.7119140625,
2023/08/02 11:06:07.000,-6.7138671875,
2023/08/02 11:06:27.000,-6.703125,
2023/08/02 11:06:41.000,-6.6923828125,
2023/08/02 11:06:43.000,-6.693359375,
2023/08/02 11:06:53.000,-6.6923828125,
2023/08/02 11:07:00.000,-6.673828125,
2023/08/02 11:07:07.000,-6.6748046875,
2023/08/02 11:07:31.000,-6.662109375,
2023/08/02 11:07:37.000,-6.6630859375,
2023/08/02 11:07:45.000,-6.6552734375,
2023/08/02 11:08:51.000,-6.6240234375,
2023/08/02 11:09:25.000,-6.6220703125,
2023/08/02 11:09:55.000,-6.6044921875,
2023/08/02 11:10:11.000,-6.583984375,
2023/08/02 11:10:17.000,-6.5947265625,
2023/08/02 11:10:25.000,-6.587890625,
2023/08/02 11:10:40.000,-6.5849609375,
2023/08/02 11:10:59.000,-6.58203125,
2023/08/02 11:11:25.000,-6.5625,
2023/08/02 11:11:35.000,-6.5498046875,
2023/08/02 11:11:55.000,-6.544921875,
2023/08/02 11:12:10.000,-6.5322265625,
2023/08/02 11:12:22.000,-6.53125,
2023/08/02 11:13:11.000,-6.5009765625,
2023/08/02 11:13:46.000,-6.5029296875,
2023/08/02 11:13:53.000,-6.4990234375,
2023/08/02 11:13:55.000,-6.49609375,
2023/08/02 11:14:19.000,-6.4775390625,
2023/08/02 11:14:27.000,-6.47265625,
2023/08/02 11:14:39.000,-6.455078125,
2023/08/02 11:15:07.000,-6.46484375,
2023/08/02 11:15:15.000,-6.462890625,
2023/08/02 11:15:51.000,-6.4453125,
2023/08/02 11:15:59.000,-6.4501953125,
2023/08/02 11:16:17.000,-6.4326171875,
2023/08/02 11:16:25.000,-6.419921875,
2023/08/02 11:16:35.000,-6.4111328125,
2023/08/02 11:16:56.000,-6.4091796875,
2023/08/02 11:17:09.000,-6.3955078125,
2023/08/02 11:17:17.000,-6.39453125,
2023/08/02 11:17:23.000,-6.3916015625,
2023/08/02 11:17:33.000,-6.388671875,
2023/08/02 11:18:11.000,-6.373046875,
2023/08/02 11:19:03.000,-6.3525390625,
2023/08/02 11:19:29.000,-6.3427734375,
2023/08/02 11:19:35.000,-6.337890625,
2023/08/02 11:19:45.000,-6.3330078125,
2023/08/02 11:19:52.000,-6.330078125,
2023/08/02 11:20:49.000,-6.314453125,
2023/08/02 11:21:05.000,-6.3056640625,
2023/08/02 11:21:15.000,-6.2978515625,
2023/08/02 11:21:44.000,-6.283203125,
2023/08/02 11:21:45.000,-6.28515625,
2023/08/02 11:21:52.000,-6.27734375,
2023/08/02 11:22:03.000,-6.275390625,
2023/08/02 11:22:13.000,-6.2783203125,
2023/08/02 11:22:19.000,-6.279296875,
2023/08/02 11:22:57.000,-6.2685546875,
2023/08/02 11:23:12.000,-6.2607421875,
2023/08/02 11:23:25.000,-6.2470703125,
2023/08/02 11:23:37.000,-6.2392578125,
2023/08/02 11:23:42.000,-6.2333984375,
2023/08/02 11:24:07.000,-6.2197265625,
2023/08/02 11:24:22.000,-6.2158203125,
2023/08/02 11:24:30.000,-6.216796875,
2023/08/02 11:24:37.000,-6.2119140625,
2023/08/02 11:24:52.000,-6.20703125,
2023/08/02 11:24:55.000,-6.2060546875,
2023/08/02 11:25:02.000,-6.1982421875,
2023/08/02 11:25:15.000,-6.193359375,
2023/08/02 11:25:22.000,-6.1806640625,
2023/08/02 11:25:25.000,-6.181640625,
2023/08/02 11:25:32.000,-6.1796875,
2023/08/02 11:25:43.000,-6.181640625,
2023/08/02 11:25:52.000,-6.1767578125,
2023/08/02 11:26:03.000,-6.173828125,
2023/08/02 11:26:49.000,-6.1630859375,
2023/08/02 11:27:22.000,-6.140625,
2023/08/02 11:27:25.000,-6.142578125,
2023/08/02 11:27:32.000,-6.1484375,
2023/08/02 11:27:43.000,-6.142578125,
2023/08/02 11:27:49.000,-6.13671875,
2023/08/02 11:28:09.000,-6.1259765625,
2023/08/02 11:28:23.000,-6.125,
2023/08/02 11:28:32.000,-6.11328125,
2023/08/02 11:28:43.000,-6.1142578125,
2023/08/02 11:28:52.000,-6.1123046875,
2023/08/02 11:29:13.000,-6.109375,
2023/08/02 11:29:19.000,-6.0947265625,
2023/08/02 11:29:33.000,-6.09765625,
2023/08/02 11:29:43.000,-6.09375,
2023/08/02 11:29:53.000,-6.08984375,
2023/08/02 11:30:07.000,-6.0849609375,
2023/08/02 11:30:12.000,-6.0771484375,
2023/08/02 11:30:25.000,-6.064453125,
2023/08/02 11:30:31.000,-6.0634765625,
2023/08/02 11:31:07.000,-6.052734375,
2023/08/02 11:31:22.000,-6.0361328125,
2023/08/02 11:31:34.000,-6.044921875,
2023/08/02 11:31:45.000,-6.0478515625,
2023/08/02 11:32:03.000,-6.0400390625,
2023/08/02 11:32:37.000,-6.013671875,
2023/08/02 11:32:53.000,-6.009765625,
2023/08/02 11:33:46.000,-5.994140625,
2023/08/02 11:34:07.000,-5.98828125,
2023/08/02 11:34:17.000,-5.9814453125,
2023/08/02 11:35:01.000,-5.97265625,
2023/08/02 11:35:17.000,-5.96484375,
2023/08/02 11:35:31.000,-5.9580078125,
2023/08/02 11:35:39.000,-5.9599609375,
2023/08/02 11:35:57.000,-5.9521484375,
2023/08/02 11:36:16.000,-5.9384765625,
2023/08/02 11:36:47.000,-5.931640625,
2023/08/02 11:37:01.000,-5.9287109375,
2023/08/02 11:37:09.000,-5.9228515625,
2023/08/02 11:37:15.000,-5.923828125,
2023/08/02 11:37:29.000,-5.9228515625,
2023/08/02 11:37:57.000,-5.9111328125,
2023/08/02 11:38:44.000,-5.884765625,
2023/08/02 11:38:47.000,-5.8837890625,
2023/08/02 11:38:51.000,-5.884765625,
2023/08/02 11:39:15.000,-5.875,
2023/08/02 11:39:56.000,-5.8662109375,
2023/08/02 11:39:57.000,-5.8603515625,
2023/08/02 11:40:16.000,-5.861328125,
2023/08/02 11:40:38.000,-5.84375,
2023/08/02 11:41:17.000,-5.8369140625,
2023/08/02 11:41:29.000,-5.8330078125,
2023/08/02 11:41:57.000,-5.82421875,
2023/08/02 11:42:27.000,-5.8095703125,
2023/08/02 11:42:34.000,-5.8115234375,
2023/08/02 11:42:39.000,-5.814453125,
2023/08/02 11:42:59.000,-5.8037109375,
2023/08/02 11:43:19.000,-5.7958984375,
2023/08/02 11:43:51.000,-5.779296875,
2023/08/02 11:44:15.000,-5.7744140625,
2023/08/02 11:44:27.000,-5.7734375,
2023/08/02 11:44:39.000,-5.7705078125,
2023/08/02 11:44:54.000,-5.7666015625,
2023/08/02 11:45:02.000,-5.7626953125,
2023/08/02 11:45:09.000,-5.7607421875,
2023/08/02 11:45:17.000,-5.7490234375,
2023/08/02 11:45:24.000,-5.7451171875,
2023/08/02 11:45:59.000,-5.7421875,
2023/08/02 11:46:07.000,-5.744140625,
2023/08/02 11:46:14.000,-5.736328125,
2023/08/02 11:46:27.000,-5.73828125,
2023/08/02 11:46:37.000,-5.7333984375,
2023/08/02 11:46:50.000,-5.720703125,
2023/08/02 11:46:59.000,-5.72265625,
2023/08/02 11:47:27.000,-5.7197265625,
2023/08/02 11:47:37.000,-5.7138671875,
2023/08/02 11:48:04.000,-5.7041015625,
2023/08/02 11:48:27.000,-5.703125,
2023/08/02 11:48:37.000,-5.69921875,
2023/08/02 11:48:47.000,-5.7021484375,
2023/08/02 11:49:04.000,-5.6953125,
2023/08/02 11:49:28.000,-5.681640625,
2023/08/02 11:49:31.000,-5.68359375,
2023/08/02 11:49:51.000,-5.6708984375,
2023/08/02 11:50:09.000,-5.6611328125,
2023/08/02 11:50:15.000,-5.666015625,
2023/08/02 11:50:21.000,-5.6630859375,
2023/08/02 11:50:29.000,-5.650390625,
2023/08/02 11:50:47.000,-5.654296875,
2023/08/02 11:50:57.000,-5.6552734375,
2023/08/02 11:51:07.000,-5.654296875,
2023/08/02 11:51:27.000,-5.6435546875,
2023/08/02 11:51:52.000,-5.634765625,
2023/08/02 11:51:59.000,-5.638671875,
2023/08/02 11:52:37.000,-5.6171875,
2023/08/02 11:52:43.000,-5.623046875,
2023/08/02 11:53:18.000,-5.599609375,
2023/08/02 11:53:29.000,-5.591796875,
2023/08/02 11:53:46.000,-5.58984375,
2023/08/02 11:53:49.000,-5.591796875,
2023/08/02 11:54:35.000,-5.58203125,
2023/08/02 11:54:43.000,-5.5810546875,
2023/08/02 11:55:11.000,-5.5634765625,
2023/08/02 11:55:29.000,-5.564453125,
2023/08/02 11:55:50.000,-5.55859375,
2023/08/02 11:56:01.000,-5.5546875,
2023/08/02 11:56:44.000,-5.5380859375,
2023/08/02 11:57:16.000,-5.53515625,
2023/08/02 11:57:41.000,-5.5244140625,
2023/08/02 11:57:49.000,-5.53125,
2023/08/02 11:58:25.000,-5.513671875,
2023/08/02 11:58:47.000,-5.5087890625,
2023/08/02 11:58:57.000,-5.501953125,
2023/08/02 11:59:03.000,-5.49609375,
2023/08/02 11:59:10.000,-5.4951171875,
2023/08/02 11:59:21.000,-5.4912109375,
2023/08/02 12:00:00.000,-5.474609375,
2023/08/02 12:00:09.000,-5.478515625,
2023/08/02 12:00:45.000,-5.4677734375,
2023/08/02 12:00:53.000,-5.46875,
2023/08/02 12:01:11.000,-5.4619140625,
2023/08/02 12:01:53.000,-5.4462890625,
2023/08/02 12:02:18.000,-5.43359375,
2023/08/02 12:02:41.000,-5.4296875,
2023/08/02 12:02:51.000,-5.431640625,
2023/08/02 12:03:01.000,-5.4248046875,
2023/08/02 12:03:29.000,-5.416015625,
2023/08/02 12:03:39.000,-5.4111328125,
2023/08/02 12:04:03.000,-5.4072265625,
2023/08/02 12:04:11.000,-5.4052734375,
2023/08/02 12:04:41.000,-5.3935546875,
2023/08/02 12:04:47.000,-5.3916015625,
2023/08/02 12:04:53.000,-5.3896484375,
2023/08/02 12:05:10.000,-5.388671875,
2023/08/02 12:05:39.000,-5.37890625,
2023/08/02 12:05:51.000,-5.373046875,
2023/08/02 12:06:06.000,-5.3583984375,
2023/08/02 12:06:14.000,-5.361328125,
2023/08/02 12:06:21.000,-5.3623046875,
2023/08/02 12:06:29.000,-5.357421875,
2023/08/02 12:07:23.000,-5.341796875,
2023/08/02 12:07:38.000,-5.33984375,
2023/08/02 12:07:39.000,-5.3427734375,
2023/08/02 12:07:46.000,-5.337890625,
2023/08/02 12:08:12.000,-5.3251953125,
2023/08/02 12:08:13.000,-5.333984375,
2023/08/02 12:08:33.000,-5.326171875,
2023/08/02 12:08:59.000,-5.3154296875,
2023/08/02 12:09:26.000,-5.3056640625,
2023/08/02 12:09:29.000,-5.306640625,
2023/08/02 12:09:41.000,-5.302734375,
2023/08/02 12:09:56.000,-5.294921875,
2023/08/02 12:10:04.000,-5.3017578125,
2023/08/02 12:10:11.000,-5.2978515625,
2023/08/02 12:10:19.000,-5.2900390625,
2023/08/02 12:10:43.000,-5.27734375,
2023/08/02 12:10:51.000,-5.2802734375,
2023/08/02 12:11:03.000,-5.2763671875,
2023/08/02 12:11:17.000,-5.28515625,
2023/08/02 12:11:26.000,-5.28125,
2023/08/02 12:11:33.000,-5.275390625,
2023/08/02 12:11:41.000,-5.267578125,
2023/08/02 12:11:51.000,-5.26171875,
2023/08/02 12:12:01.000,-5.2626953125,
2023/08/02 12:12:11.000,-5.263671875,
2023/08/02 12:12:21.000,-5.2578125,
2023/08/02 12:12:37.000,-5.2490234375,
2023/08/02 12:12:43.000,-5.248046875,
2023/08/02 12:12:51.000,-5.244140625,
2023/08/02 12:13:07.000,-5.232421875,
2023/08/02 12:13:21.000,-5.2314453125,
2023/08/02 12:13:58.000,-5.224609375,
2023/08/02 12:13:59.000,-5.2314453125,
2023/08/02 12:14:21.000,-5.224609375,
2023/08/02 12:14:38.000,-5.22265625,
2023/08/02 12:15:47.000,-5.2021484375,
2023/08/02 12:15:59.000,-5.193359375,
2023/08/02 12:16:09.000,-5.185546875,
2023/08/02 12:16:27.000,-5.189453125,
2023/08/02 12:16:35.000,-5.181640625,
2023/08/02 12:17:03.000,-5.1806640625,
2023/08/02 12:17:11.000,-5.1796875,
2023/08/02 12:17:47.000,-5.1708984375,
2023/08/02 12:17:55.000,-5.1689453125,
2023/08/02 12:18:05.000,-5.158203125,
2023/08/02 12:18:13.000,-5.1572265625,
2023/08/02 12:18:31.000,-5.1494140625,
2023/08/02 12:18:45.000,-5.150390625,
2023/08/02 12:18:49.000,-5.142578125,
2023/08/02 12:18:51.000,-5.1416015625,
2023/08/02 12:19:09.000,-5.140625,
2023/08/02 12:19:21.000,-5.146484375,
2023/08/02 12:19:35.000,-5.134765625,
2023/08/02 12:20:02.000,-5.1279296875,
2023/08/02 12:20:11.000,-5.12109375,
2023/08/02 12:20:37.000,-5.1103515625,
2023/08/02 12:20:43.000,-5.11328125,
2023/08/02 12:21:11.000,-5.1142578125,
2023/08/02 12:21:25.000,-5.1103515625,
2023/08/02 12:21:33.000,-5.11328125,
2023/08/02 12:21:53.000,-5.0986328125,
2023/08/02 12:22:11.000,-5.0947265625,
2023/08/02 12:23:01.000,-5.083984375,
2023/08/02 12:23:37.000,-5.0615234375,
2023/08/02 12:24:11.000,-5.056640625,
2023/08/02 12:24:25.000,-5.0458984375,
2023/08/02 12:24:33.000,-5.044921875,
2023/08/02 12:24:51.000,-5.0517578125,
2023/08/02 12:25:23.000,-5.041015625,
2023/08/02 12:25:35.000,-5.0419921875,
2023/08/02 12:25:43.000,-5.0458984375,
2023/08/02 12:25:55.000,-5.0390625,
2023/08/02 12:26:21.000,-5.033203125,
2023/08/02 12:26:33.000,-5.03125,
2023/08/02 12:26:50.000,-5.029296875,
2023/08/02 12:26:51.000,-5.025390625,
2023/08/02 12:27:01.000,-5.015625,
2023/08/02 12:27:26.000,-5.0068359375,
2023/08/02 12:28:13.000,-5.005859375,
2023/08/02 12:28:19.000,-5.001953125,
2023/08/02 12:28:31.000,-5.0048828125,
2023/08/02 12:28:44.000,-5.0029296875,
2023/08/02 12:28:58.000,-4.9970703125,
2023/08/02 12:29:06.000,-4.9931640625,
2023/08/02 12:29:13.000,-4.9892578125,
2023/08/02 12:29:21.000,-4.99609375,
2023/08/02 12:29:25.000,-4.986328125,
2023/08/02 12:29:34.000,-4.9833984375,
2023/08/02 12:30:01.000,-4.98046875,
2023/08/02 12:30:23.000,-4.97265625,
2023/08/02 12:30:53.000,-4.96875,
2023/08/02 12:31:08.000,-4.9619140625,
2023/08/02 12:31:16.000,-4.9609375,
2023/08/02 12:31:23.000,-4.9638671875,
2023/08/02 12:31:28.000,-4.9609375,
2023/08/02 12:31:36.000,-4.9580078125,
2023/08/02 12:31:43.000,-4.9501953125,
2023/08/02 12:31:51.000,-4.947265625,
2023/08/02 12:32:33.000,-4.943359375,
2023/08/02 12:33:01.000,-4.9375,
2023/08/02 12:33:21.000,-4.935546875,
2023/08/02 12:33:28.000,-4.9296875,
2023/08/02 12:33:31.000,-4.927734375,
2023/08/02 12:33:38.000,-4.9248046875,
2023/08/02 12:34:11.000,-4.9169921875,
2023/08/02 12:34:31.000,-4.9130859375,
2023/08/02 12:35:03.000,-4.9013671875,
2023/08/02 12:36:03.000,-4.8828125,
2023/08/02 12:36:18.000,-4.888671875,
2023/08/02 12:36:26.000,-4.884765625,
2023/08/02 12:36:27.000,-4.8857421875,
2023/08/02 12:36:40.000,-4.8876953125,
2023/08/02 12:37:08.000,-4.86328125,
2023/08/02 12:37:23.000,-4.8662109375,
2023/08/02 12:38:19.000,-4.84765625,
2023/08/02 12:38:25.000,-4.849609375,
2023/08/02 12:38:33.000,-4.84765625,
2023/08/02 12:39:07.000,-4.84375,
2023/08/02 12:39:35.000,-4.8359375,
2023/08/02 12:39:43.000,-4.8408203125,
2023/08/02 12:40:50.000,-4.81640625,
2023/08/02 12:41:49.000,-4.806640625,
2023/08/02 12:41:57.000,-4.8037109375,
2023/08/02 12:42:25.000,-4.8017578125,
2023/08/02 12:42:33.000,-4.802734375,
2023/08/02 12:42:47.000,-4.7939453125,
2023/08/02 12:43:07.000,-4.7822265625,
2023/08/02 12:43:25.000,-4.775390625,
2023/08/02 12:43:35.000,-4.77734375,
2023/08/02 12:43:45.000,-4.78125,
2023/08/02 12:43:55.000,-4.7685546875,
2023/08/02 12:44:05.000,-4.7646484375,
2023/08/02 12:44:15.000,-4.7685546875,
2023/08/02 12:44:42.000,-4.767578125,
2023/08/02 12:44:57.000,-4.76171875,
2023/08/02 12:45:04.000,-4.7578125,
2023/08/02 12:45:05.000,-4.75390625,
2023/08/02 12:45:13.000,-4.7509765625,
2023/08/02 12:45:43.000,-4.7412109375,
2023/08/02 12:45:57.000,-4.7392578125,
2023/08/02 12:46:13.000,-4.736328125,
2023/08/02 12:46:47.000,-4.73046875,
2023/08/02 12:46:54.000,-4.7275390625,
2023/08/02 12:47:05.000,-4.7314453125,
2023/08/02 12:47:15.000,-4.7265625,
2023/08/02 12:47:25.000,-4.7275390625,
2023/08/02 12:47:35.000,-4.7265625,
2023/08/02 12:47:45.000,-4.716796875,
2023/08/02 12:47:55.000,-4.71484375,
2023/08/02 12:48:05.000,-4.7060546875,
2023/08/02 12:48:15.000,-4.7138671875,
2023/08/02 12:48:35.000,-4.712890625,
2023/08/02 12:48:45.000,-4.708984375,
2023/08/02 12:48:55.000,-4.705078125,
2023/08/02 12:49:05.000,-4.69921875,
2023/08/02 12:49:33.000,-4.6904296875,
2023/08/02 12:49:55.000,-4.6875,
2023/08/02 12:50:10.000,-4.6923828125,
2023/08/02 12:50:23.000,-4.705078125,
2023/08/02 12:50:35.000,-4.689453125,
2023/08/02 12:50:50.000,-4.677734375,
2023/08/02 12:51:16.000,-4.67578125,
2023/08/02 12:51:34.000,-4.6650390625,
2023/08/02 12:51:43.000,-4.6669921875,
2023/08/02 12:52:03.000,-4.658203125,
2023/08/02 12:52:13.000,-4.6630859375,
2023/08/02 12:52:20.000,-4.6650390625,
2023/08/02 12:52:33.000,-4.65625,
2023/08/02 12:52:40.000,-4.6533203125,
2023/08/02 12:53:55.000,-4.6455078125,
2023/08/02 12:54:17.000,-4.638671875,
2023/08/02 12:54:31.000,-4.6318359375,
2023/08/02 12:54:41.000,-4.626953125,
2023/08/02 12:54:57.000,-4.6328125,
2023/08/02 12:55:05.000,-4.6240234375,
2023/08/02 12:55:20.000,-4.6162109375,
2023/08/02 12:55:28.000,-4.6201171875,
2023/08/02 12:55:35.000,-4.6220703125,
2023/08/02 12:55:55.000,-4.6142578125,
2023/08/02 12:56:21.000,-4.6064453125,
2023/08/02 12:56:27.000,-4.60546875,
2023/08/02 12:56:35.000,-4.61328125,
2023/08/02 12:56:56.000,-4.611328125,
2023/08/02 12:57:05.000,-4.6005859375,
2023/08/02 12:57:45.000,-4.5927734375,
2023/08/02 12:58:04.000,-4.580078125,
2023/08/02 12:58:26.000,-4.578125,
2023/08/02 12:58:37.000,-4.5703125,
2023/08/02 12:58:47.000,-4.57421875,
2023/08/02 12:59:51.000,-4.572265625,
2023/08/02 12:59:59.000,-4.5732421875,
2023/08/02 13:00:27.000,-4.5634765625,
2023/08/02 13:00:35.000,-4.5595703125,
2023/08/02 13:00:50.000,-4.552734375,
2023/08/02 13:01:05.000,-4.5498046875,
2023/08/02 13:01:15.000,-4.546875,
2023/08/02 13:02:04.000,-4.5322265625,
2023/08/02 13:02:05.000,-4.53515625,
2023/08/02 13:02:43.000,-4.52734375,
2023/08/02 13:02:55.000,-4.5244140625,
2023/08/02 13:03:09.000,-4.5166015625,
2023/08/02 13:03:17.000,-4.5146484375,
2023/08/02 13:03:29.000,-4.51171875,
2023/08/02 13:03:49.000,-4.5048828125,
2023/08/02 13:03:57.000,-4.515625,
2023/08/02 13:04:17.000,-4.509765625,
2023/08/02 13:04:25.000,-4.51171875,
2023/08/02 13:05:09.000,-4.4970703125,
2023/08/02 13:05:35.000,-4.4833984375,
2023/08/02 13:05:49.000,-4.48046875,
2023/08/02 13:05:59.000,-4.484375,
2023/08/02 13:06:07.000,-4.4853515625,
2023/08/02 13:06:19.000,-4.4833984375,
2023/08/02 13:06:27.000,-4.48046875,
2023/08/02 13:06:57.000,-4.466796875,
2023/08/02 13:07:04.000,-4.46875,
2023/08/02 13:07:35.000,-4.4716796875,
2023/08/02 13:07:49.000,-4.466796875,
2023/08/02 13:08:24.000,-4.4580078125,
2023/08/02 13:08:25.000,-4.4521484375,
2023/08/02 13:08:37.000,-4.4541015625,
2023/08/02 13:08:49.000,-4.4580078125,
2023/08/02 13:09:15.000,-4.447265625,
2023/08/02 13:09:35.000,-4.4462890625,
2023/08/02 13:09:45.000,-4.4443359375,
2023/08/02 13:09:57.000,-4.4345703125,
2023/08/02 13:10:12.000,-4.4423828125,
2023/08/02 13:10:17.000,-4.439453125,
2023/08/02 13:10:32.000,-4.4375,
2023/08/02 13:10:35.000,-4.4345703125,
2023/08/02 13:10:42.000,-4.4404296875,
2023/08/02 13:10:53.000,-4.431640625,
2023/08/02 13:10:59.000,-4.43359375,
2023/08/02 13:11:49.000,-4.4111328125,
2023/08/02 13:11:58.000,-4.4169921875,
2023/08/02 13:12:07.000,-4.416015625,
2023/08/02 13:12:15.000,-4.40625,
2023/08/02 13:12:33.000,-4.408203125,
2023/08/02 13:13:04.000,-4.4111328125,
2023/08/02 13:13:29.000,-4.4150390625,
2023/08/02 13:13:46.000,-4.3955078125,
2023/08/02 13:14:05.000,-4.392578125,
2023/08/02 13:14:17.000,-4.3955078125,
2023/08/02 13:14:35.000,-4.390625,
2023/08/02 13:14:45.000,-4.38671875,
2023/08/02 13:15:12.000,-4.3837890625,
2023/08/02 13:15:59.000,-4.3818359375,
2023/08/02 13:16:05.000,-4.3837890625,
2023/08/02 13:16:15.000,-4.38671875,
2023/08/02 13:16:29.000,-4.390625,
2023/08/02 13:16:55.000,-4.3935546875,
2023/08/02 13:17:02.000,-4.3955078125,
2023/08/02 13:17:13.000,-4.40234375,
2023/08/02 13:17:56.000,-4.416015625,
2023/08/02 13:18:07.000,-4.4287109375,
2023/08/02 13:18:23.000,-4.4404296875,
2023/08/02 13:18:35.000,-4.44921875,
2023/08/02 13:18:53.000,-4.4560546875,
2023/08/02 13:19:07.000,-4.462890625,
2023/08/02 13:19:25.000,-4.466796875,
2023/08/02 13:19:37.000,-4.46875,
2023/08/02 13:19:47.000,-4.4716796875,
2023/08/02 13:20:02.000,-4.4755859375,
2023/08/02 13:20:10.000,-4.4765625,
2023/08/02 13:20:54.000,-4.4990234375,
2023/08/02 13:20:57.000,-4.501953125,
2023/08/02 13:21:25.000,-4.505859375,
2023/08/02 13:21:44.000,-4.515625,
2023/08/02 13:21:57.000,-4.5322265625,
2023/08/02 13:22:32.000,-4.5380859375,
2023/08/02 13:23:07.000,-4.54296875,
2023/08/02 13:23:22.000,-4.546875,
2023/08/02 13:23:41.000,-4.5693359375,
2023/08/02 13:23:59.000,-4.572265625,
2023/08/02 13:24:07.000,-4.5703125,
2023/08/02 13:24:17.000,-4.578125,
2023/08/02 13:24:38.000,-4.595703125,
2023/08/02 13:24:49.000,-4.5966796875,
2023/08/02 13:25:19.000,-4.6142578125,
2023/08/02 13:25:48.000,-4.62890625,
2023/08/02 13:25:59.000,-4.630859375,
2023/08/02 13:26:20.000,-4.638671875,
2023/08/02 13:26:31.000,-4.6328125,
2023/08/02 13:26:53.000,-4.6337890625,
2023/08/02 13:26:59.000,-4.6416015625,
2023/08/02 13:27:07.000,-4.6474609375,
2023/08/02 13:27:28.000,-4.658203125,
2023/08/02 13:27:37.000,-4.66015625,
2023/08/02 13:28:21.000,-4.6982421875,
2023/08/02 13:28:37.000,-4.6943359375,
2023/08/02 13:28:51.000,-4.701171875,
2023/08/02 13:29:19.000,-4.7041015625,
2023/08/02 13:29:27.000,-4.7060546875,
2023/08/02 13:30:11.000,-4.71875,
2023/08/02 13:30:49.000,-4.7373046875,
2023/08/02 13:31:11.000,-4.74609375,
2023/08/02 13:31:15.000,-4.7490234375,
2023/08/02 13:31:17.000,-4.748046875,
2023/08/02 13:31:27.000,-4.7568359375,
2023/08/02 13:31:54.000,-4.7578125,
2023/08/02 13:32:11.000,-4.7734375,
2023/08/02 13:32:19.000,-4.775390625,
2023/08/02 13:32:27.000,-4.7822265625,
2023/08/02 13:32:39.000,-4.791015625,
2023/08/02 13:32:47.000,-4.79296875,
2023/08/02 13:32:54.000,-4.7978515625,
2023/08/02 13:33:05.000,-4.7998046875,
2023/08/02 13:34:09.000,-4.81640625,
2023/08/02 13:34:24.000,-4.830078125,
2023/08/02 13:34:37.000,-4.8349609375,
2023/08/02 13:34:44.000,-4.8359375,
2023/08/02 13:34:51.000,-4.8408203125,
2023/08/02 13:34:59.000,-4.8447265625,
2023/08/02 13:35:07.000,-4.8525390625,
2023/08/02 13:35:41.000,-4.849609375,
2023/08/02 13:35:49.000,-4.84375,
2023/08/02 13:35:59.000,-4.8466796875,
2023/08/02 13:36:19.000,-4.8564453125,
2023/08/02 13:36:34.000,-4.86328125,
2023/08/02 13:36:47.000,-4.8798828125,
2023/08/02 13:36:54.000,-4.87890625,
2023/08/02 13:37:01.000,-4.8837890625,
2023/08/02 13:37:09.000,-4.8857421875,
2023/08/02 13:37:17.000,-4.892578125,
2023/08/02 13:37:47.000,-4.8974609375,
2023/08/02 13:37:54.000,-4.90625,
2023/08/02 13:38:07.000,-4.9072265625,
2023/08/02 13:38:17.000,-4.9111328125,
2023/08/02 13:38:34.000,-4.927734375,
2023/08/02 13:38:55.000,-4.9345703125,
2023/08/02 13:39:09.000,-4.9423828125,
2023/08/02 13:39:27.000,-4.9384765625,
2023/08/02 13:39:37.000,-4.9462890625,
2023/08/02 13:39:57.000,-4.95703125,
2023/08/02 13:40:18.000,-4.9658203125,
2023/08/02 13:40:46.000,-4.970703125,
2023/08/02 13:41:05.000,-4.98046875,
2023/08/02 13:41:19.000,-4.9833984375,
2023/08/02 13:41:40.000,-4.9892578125,
2023/08/02 13:41:51.000,-4.9921875,
2023/08/02 13:42:24.000,-5.0146484375,
2023/08/02 13:42:43.000,-5.0234375,
2023/08/02 13:42:57.000,-5.033203125,
2023/08/02 13:43:19.000,-5.0322265625,
2023/08/02 13:44:08.000,-5.041015625,
2023/08/02 13:44:19.000,-5.05078125,
2023/08/02 13:44:37.000,-5.0556640625,
2023/08/02 13:44:47.000,-5.05078125,
2023/08/02 13:45:25.000,-5.078125,
2023/08/02 13:45:33.000,-5.0810546875,
2023/08/02 13:45:53.000,-5.0908203125,
2023/08/02 13:46:09.000,-5.1044921875,
2023/08/02 13:46:36.000,-5.11328125,
2023/08/02 13:46:59.000,-5.1123046875,
2023/08/02 13:47:13.000,-5.1103515625,
2023/08/02 13:47:21.000,-5.11328125,
2023/08/02 13:47:43.000,-5.126953125,
2023/08/02 13:47:56.000,-5.134765625,
2023/08/02 13:47:59.000,-5.1318359375,
2023/08/02 13:48:33.000,-5.1513671875,
2023/08/02 13:48:41.000,-5.1484375,
2023/08/02 13:49:23.000,-5.1591796875,
2023/08/02 13:49:50.000,-5.1767578125,
2023/08/02 13:49:53.000,-5.1728515625,
2023/08/02 13:50:09.000,-5.1767578125,
2023/08/02 13:50:29.000,-5.181640625,
2023/08/02 13:51:03.000,-5.189453125,
2023/08/02 13:51:11.000,-5.19921875,
2023/08/02 13:51:18.000,-5.1962890625,
2023/08/02 13:51:19.000,-5.1943359375,
2023/08/02 13:51:27.000,-5.1962890625,
2023/08/02 13:52:14.000,-5.2119140625,
2023/08/02 13:52:21.000,-5.2099609375,
2023/08/02 13:52:41.000,-5.2177734375,
2023/08/02 13:53:01.000,-5.224609375,
2023/08/02 13:53:21.000,-5.232421875,
2023/08/02 13:53:59.000,-5.2412109375,
2023/08/02 13:54:09.000,-5.248046875,
2023/08/02 13:54:16.000,-5.2548828125,
2023/08/02 13:54:24.000,-5.2529296875,
2023/08/02 13:54:51.000,-5.2763671875,
2023/08/02 13:55:19.000,-5.283203125,
2023/08/02 13:55:29.000,-5.2900390625,
2023/08/02 13:55:41.000,-5.291015625,
2023/08/02 13:55:56.000,-5.2861328125,
2023/08/02 13:56:09.000,-5.2900390625,
2023/08/02 13:56:21.000,-5.296875,
2023/08/02 13:56:33.000,-5.298828125,
2023/08/02 13:56:53.000,-5.306640625,
2023/08/02 13:56:59.000,-5.31640625,
2023/08/02 13:57:17.000,-5.326171875,
2023/08/02 13:57:27.000,-5.322265625,
2023/08/02 13:57:38.000,-5.333984375,
2023/08/02 13:57:39.000,-5.3359375,
2023/08/02 13:57:46.000,-5.33984375,
2023/08/02 13:57:49.000,-5.337890625,
2023/08/02 13:57:56.000,-5.3330078125,
2023/08/02 13:58:03.000,-5.3310546875,
2023/08/02 13:58:16.000,-5.3349609375,
2023/08/02 13:58:19.000,-5.333984375,
2023/08/02 13:58:29.000,-5.326171875,
2023/08/02 13:58:29.254,-5.3330078125,
2023/08/02 13:58:41.000,-5.337890625,
2023/08/02 13:58:56.000,-5.3466796875,
2023/08/02 13:59:04.000,-5.3486328125,
2023/08/02 13:59:11.000,-5.3466796875,
2023/08/02 13:59:19.000,-5.3505859375,
2023/08/02 13:59:26.000,-5.357421875,
2023/08/02 13:59:29.000,-5.3583984375,
2023/08/02 13:59:53.000,-5.3623046875,
2023/08/02 14:00:20.000,-5.365234375,
2023/08/02 14:00:31.000,-5.37109375,
2023/08/02 14:00:43.000,-5.3740234375,
2023/08/02 14:00:51.000,-5.375,
2023/08/02 14:01:03.000,-5.3837890625,
2023/08/02 14:01:11.000,-5.380859375,
2023/08/02 14:01:21.000,-5.388671875,
2023/08/02 14:01:41.000,-5.396484375,
2023/08/02 14:02:06.000,-5.40625,
2023/08/02 14:02:31.000,-5.4033203125,
2023/08/02 14:03:16.000,-5.4052734375,
2023/08/02 14:03:28.000,-5.4033203125,
2023/08/02 14:04:17.000,-5.443359375,
2023/08/02 14:04:27.000,-5.4482421875,
2023/08/02 14:04:37.000,-5.455078125,
2023/08/02 14:04:47.000,-5.4501953125,
2023/08/02 14:05:05.000,-5.451171875,
2023/08/02 14:05:21.000,-5.455078125,
2023/08/02 14:05:36.000,-5.458984375,
2023/08/02 14:05:44.000,-5.4638671875,
2023/08/02 14:05:56.000,-5.4765625,
2023/08/02 14:05:59.000,-5.474609375,
2023/08/02 14:06:05.000,-5.470703125,
2023/08/02 14:06:23.000,-5.4736328125,
2023/08/02 14:06:31.000,-5.4794921875,
2023/08/02 14:06:41.000,-5.4912109375,
2023/08/02 14:07:31.000,-5.490234375,
2023/08/02 14:07:58.000,-5.4990234375,
2023/08/02 14:08:01.000,-5.4912109375,
2023/08/02 14:08:37.000,-5.5087890625,
2023/08/02 14:08:45.000,-5.513671875,
2023/08/02 14:09:31.000,-5.5224609375,
2023/08/02 14:09:45.000,-5.5185546875,
2023/08/02 14:10:05.000,-5.51953125,
2023/08/02 14:10:23.000,-5.53125,
2023/08/02 14:10:54.000,-5.5517578125,
2023/08/02 14:11:31.000,-5.5498046875,
2023/08/02 14:11:45.000,-5.55078125,
2023/08/02 14:11:59.000,-5.5546875,
2023/08/02 14:12:11.000,-5.5576171875,
2023/08/02 14:12:25.000,-5.5546875,
2023/08/02 14:12:48.000,-5.560546875,
2023/08/02 14:12:55.000,-5.564453125,
2023/08/02 14:13:21.000,-5.5712890625,
2023/08/02 14:13:33.000,-5.5830078125,
2023/08/02 14:13:41.000,-5.59375,
2023/08/02 14:13:55.000,-5.5947265625,
2023/08/02 14:14:21.000,-5.5869140625,
2023/08/02 14:14:35.000,-5.587890625,
2023/08/02 14:15:02.000,-5.60546875,
2023/08/02 14:15:13.000,-5.599609375,
2023/08/02 14:15:33.000,-5.603515625,
2023/08/02 14:15:41.000,-5.6103515625,
2023/08/02 14:15:48.000,-5.6220703125,
2023/08/02 14:16:05.000,-5.6259765625,
2023/08/02 14:16:13.000,-5.626953125,
2023/08/02 14:16:28.000,-5.6318359375,
2023/08/02 14:16:33.000,-5.6220703125,
2023/08/02 14:16:48.000,-5.63671875,
2023/08/02 14:16:55.000,-5.630859375,
2023/08/02 14:17:03.000,-5.6357421875,
2023/08/02 14:17:15.000,-5.634765625,
2023/08/02 14:17:23.000,-5.638671875,
2023/08/02 14:17:38.000,-5.6357421875,
2023/08/02 14:17:46.000,-5.638671875,
2023/08/02 14:17:53.000,-5.6298828125,
2023/08/02 14:18:01.000,-5.634765625,
2023/08/02 14:18:08.000,-5.6396484375,
2023/08/02 14:18:29.000,-5.6591796875,
2023/08/02 14:18:38.000,-5.6572265625,
2023/08/02 14:18:51.000,-5.6552734375,
2023/08/02 14:19:01.000,-5.65234375,
2023/08/02 14:19:14.000,-5.6630859375,
2023/08/02 14:19:45.000,-5.6748046875,
2023/08/02 14:19:51.000,-5.6845703125,
2023/08/02 14:20:13.000,-5.681640625,
2023/08/02 14:20:21.000,-5.6708984375,
2023/08/02 14:20:36.000,-5.6796875,
2023/08/02 14:20:38.000,-5.681640625,
2023/08/02 14:20:52.000,-5.6806640625,
2023/08/02 14:21:01.000,-5.6767578125,
2023/08/02 14:21:08.000,-5.6796875,
2023/08/02 14:21:19.000,-5.68359375,
2023/08/02 14:21:25.000,-5.6904296875,
2023/08/02 14:21:34.000,-5.693359375,
2023/08/02 14:21:41.000,-5.6884765625,
2023/08/02 14:21:48.000,-5.6904296875,
2023/08/02 14:21:59.000,-5.6953125,
2023/08/02 14:22:05.000,-5.693359375,
2023/08/02 14:22:13.000,-5.69140625,
2023/08/02 14:22:45.000,-5.7060546875,
2023/08/02 14:22:53.000,-5.708984375,
2023/08/02 14:23:08.000,-5.7080078125,
2023/08/02 14:23:11.000,-5.7138671875,
2023/08/02 14:23:18.000,-5.70703125,
2023/08/02 14:23:25.000,-5.708984375,
2023/08/02 14:23:37.000,-5.7158203125,
2023/08/02 14:23:46.000,-5.7216796875,
2023/08/02 14:24:18.000,-5.736328125,
2023/08/02 14:24:26.000,-5.7421875,
2023/08/02 14:24:33.000,-5.736328125,
2023/08/02 14:24:48.000,-5.7333984375,
2023/08/02 14:24:51.000,-5.73828125,
2023/08/02 14:24:58.000,-5.7431640625,
2023/08/02 14:25:09.000,-5.7451171875,
2023/08/02 14:25:18.000,-5.7529296875,
2023/08/02 14:25:23.000,-5.7490234375,
2023/08/02 14:25:33.000,-5.7509765625,
2023/08/02 14:26:05.000,-5.75390625,
2023/08/02 14:26:33.000,-5.7666015625,
2023/08/02 14:26:52.000,-5.7578125,
2023/08/02 14:27:10.000,-5.7529296875,
2023/08/02 14:27:13.000,-5.75390625,
2023/08/02 14:27:23.000,-5.7451171875,
2023/08/02 14:27:38.000,-5.7666015625,
2023/08/02 14:27:45.000,-5.771484375,
2023/08/02 14:28:12.000,-5.78515625,
2023/08/02 14:29:06.000,-5.796875,
2023/08/02 14:29:22.000,-5.787109375,
2023/08/02 14:29:31.000,-5.79296875,
2023/08/02 14:29:41.000,-5.7900390625,
2023/08/02 14:30:02.000,-5.7978515625,
2023/08/02 14:30:11.000,-5.802734375,
2023/08/02 14:31:43.000,-5.810546875,
2023/08/02 14:31:57.000,-5.8154296875,
2023/08/02 14:32:24.000,-5.8212890625,
2023/08/02 14:32:27.000,-5.826171875,
2023/08/02 14:32:59.000,-5.828125,
2023/08/02 14:33:05.000,-5.830078125,
2023/08/02 14:33:27.000,-5.8330078125,
2023/08/02 14:33:31.000,-5.833984375,
2023/08/02 14:34:03.000,-5.84765625,
2023/08/02 14:34:29.000,-5.8466796875,
2023/08/02 14:34:35.000,-5.845703125,
2023/08/02 14:34:42.000,-5.84765625,
