Year/Month/Day Hour:Minute:Second.Millisecond,TIF/Manifold/Loop6/TT7648.actual.floatValue,
Year/Month/Day Hour:Minute:Second.Millisecond,TIF/Manifold/Loop6/TT7648,
2023/06/28 11:26:46.000,-31.5,
2023/06/28 11:26:55.000,-31.159999847412,
2023/06/28 11:27:04.000,-30.829999923706,
2023/06/28 11:27:17.000,-30.35000038147,
2023/06/28 11:27:24.000,-30.870000839233,
2023/06/28 11:27:26.000,-31.450000762939,
2023/06/28 11:27:29.000,-31.790000915527,
2023/06/28 11:27:34.000,-31.440000534058,
2023/06/28 11:27:35.000,-31.800001144409,
2023/06/28 11:27:38.000,-31.319999694824,
2023/06/28 11:27:44.000,-30.979999542236,
2023/06/28 11:27:47.000,-31.370000839233,
2023/06/28 11:27:53.000,-30.790000915527,
2023/06/28 11:28:07.000,-31.290000915527,
2023/06/28 11:28:12.000,-30.89999961853,
2023/06/28 11:28:33.000,-30.370000839233,
2023/06/28 11:28:35.000,-31.180000305176,
2023/06/28 11:28:38.000,-31.530000686646,
2023/06/28 11:28:46.000,-32.080001831055,
2023/06/28 11:28:53.000,-31.60000038147,
2023/06/28 11:29:06.000,-31.10000038147,
2023/06/28 11:29:11.000,-30.75,
2023/06/28 11:29:12.000,-31.220001220703,
2023/06/28 11:29:13.000,-30.690000534058,
2023/06/28 11:29:24.000,-31.140001296997,
2023/06/28 11:29:30.000,-31.470001220703,
2023/06/28 11:29:31.000,-31.10000038147,
2023/06/28 11:29:35.000,-30.760000228882,
2023/06/28 11:29:38.000,-31.170000076294,
2023/06/28 11:29:38.800,-30.819999694824,
2023/06/28 11:29:40.000,-31.190000534058,
2023/06/28 11:29:48.000,-30.659999847412,
2023/06/28 11:29:54.000,-31.130001068115,
2023/06/28 11:30:00.000,-30.780000686646,
2023/06/28 11:30:01.000,-31.159999847412,
2023/06/28 11:30:21.000,-30.739999771118,
2023/06/28 11:30:36.000,-30.430000305176,
2023/06/28 11:30:42.000,-30.810001373291,
2023/06/28 11:30:45.000,-30.370000839233,
2023/06/28 11:30:46.000,-30.829999923706,
2023/06/28 11:30:50.000,-30.430000305176,
2023/06/28 11:30:53.000,-30.780000686646,
2023/06/28 11:30:55.000,-30.460000991821,
2023/06/28 11:30:59.000,-31.040000915527,
2023/06/28 11:31:04.000,-31.360000610352,
2023/06/28 11:31:05.000,-31.930000305176,
2023/06/28 11:31:14.000,-31.510000228882,
2023/06/28 11:31:23.000,-31.970001220703,
2023/06/28 11:31:35.000,-32.319999694824,
2023/06/28 11:31:37.000,-31.960000991821,
2023/06/28 11:31:38.000,-32.349998474121,
2023/06/28 11:31:48.000,-31.960000991821,
2023/06/28 11:31:57.000,-31.479999542236,
2023/06/28 11:32:03.000,-30.729999542236,
2023/06/28 11:32:11.000,-31.030000686646,
2023/06/28 11:32:13.000,-30.680000305176,
2023/06/28 11:32:34.000,-31.030000686646,
2023/06/28 11:32:40.000,-30.630001068115,
2023/06/28 11:32:42.000,-31.040000915527,
2023/06/28 11:32:45.000,-30.64999961853,
2023/06/28 11:32:57.000,-31.030000686646,
2023/06/28 11:33:04.000,-31.380001068115,
2023/06/28 11:33:07.000,-31.890001296997,
2023/06/28 11:33:24.000,-31.280000686646,
2023/06/28 11:33:32.000,-30.89999961853,
2023/06/28 11:33:38.000,-30.440000534058,
2023/06/28 11:33:39.000,-30.960000991821,
2023/06/28 11:33:46.000,-31.380001068115,
2023/06/28 11:33:47.000,-31.030000686646,
2023/06/28 11:33:53.000,-30.460000991821,
2023/06/28 11:33:55.000,-31.140001296997,
2023/06/28 11:33:58.000,-31.550001144409,
2023/06/28 11:34:03.000,-31.890001296997,
2023/06/28 11:34:36.000,-32.400001525879,
2023/06/28 11:34:37.000,-32.01000213623,
2023/06/28 11:34:41.000,-32.349998474121,
2023/06/28 11:34:45.000,-31.770000457764,
2023/06/28 11:34:46.000,-32.120002746582,
2023/06/28 11:34:50.000,-31.809999465942,
2023/06/28 11:34:54.000,-32.190002441406,
2023/06/28 11:35:01.000,-31.819999694824,
2023/06/28 11:35:04.000,-32.23999786377,
2023/06/28 11:35:12.000,-31.760000228882,
2023/06/28 11:35:22.000,-31.39999961853,
2023/06/28 11:35:23.000,-32,
2023/06/28 11:35:26.000,-31.630001068115,
2023/06/28 11:35:28.000,-31.260000228882,
2023/06/28 11:35:34.000,-30.75,
2023/06/28 11:35:49.000,-30.340000152588,
2023/06/28 11:35:51.000,-30.690000534058,
2023/06/28 11:36:15.000,-31.010000228882,
2023/06/28 11:36:31.000,-30.690000534058,
2023/06/28 11:37:02.000,-31.370000839233,
2023/06/28 11:37:12.000,-31.010000228882,
2023/06/28 11:37:16.000,-30.690000534058,
2023/06/28 11:37:21.000,-31.10000038147,
2023/06/28 11:37:29.000,-30.790000915527,
2023/06/28 11:37:32.000,-31.270000457764,
2023/06/28 11:37:44.000,-31.680000305176,
2023/06/28 11:38:01.000,-31.360000610352,
2023/06/28 11:38:06.000,-30.819999694824,
2023/06/28 11:38:14.000,-31.360000610352,
2023/06/28 11:38:15.000,-31.030000686646,
2023/06/28 11:38:27.000,-30.35000038147,
2023/06/28 11:38:29.000,-30.930000305176,
2023/06/28 11:38:31.000,-30.540000915527,
2023/06/28 11:38:39.000,-31.090000152588,
2023/06/28 11:38:40.000,-30.700000762939,
2023/06/28 11:39:30.000,-30.390001296997,
2023/06/28 11:39:40.000,-30.75,
2023/06/28 11:39:43.000,-30.440000534058,
2023/06/28 11:39:46.000,-30.940000534058,
2023/06/28 11:39:54.000,-30.610000610352,
2023/06/28 11:40:04.000,-31.170000076294,
2023/06/28 11:40:10.000,-30.819999694824,
2023/06/28 11:40:11.000,-31.140001296997,
2023/06/28 11:40:14.000,-30.670000076294,
2023/06/28 11:40:28.000,-31.079999923706,
2023/06/28 11:40:34.000,-31.739999771118,
2023/06/28 11:40:40.000,-32.080001831055,
2023/06/28 11:40:54.000,-31.659999847412,
2023/06/28 11:40:57.000,-32.01000213623,
2023/06/28 11:41:01.000,-31.630001068115,
2023/06/28 11:41:09.000,-31.190000534058,
2023/06/28 11:41:14.000,-31.630001068115,
2023/06/28 11:41:17.000,-31.300001144409,
2023/06/28 11:41:24.000,-30.970001220703,
2023/06/28 11:41:27.000,-30.590000152588,
2023/06/28 11:41:35.000,-30.970001220703,
2023/06/28 11:41:42.000,-30.579999923706,
2023/06/28 11:41:48.000,-30.909999847412,
2023/06/28 11:42:03.000,-31.430000305176,
2023/06/28 11:42:09.000,-31.050001144409,
2023/06/28 11:42:26.000,-30.659999847412,
2023/06/28 11:42:42.000,-30.340000152588,
2023/06/28 11:42:47.000,-30.690000534058,
2023/06/28 11:42:51.000,-30.210000991821,
2023/06/28 11:42:53.000,-30.569999694824,
2023/06/28 11:42:56.000,-31.030000686646,
2023/06/28 11:42:59.000,-31.409999847412,
2023/06/28 11:43:03.000,-31.829999923706,
2023/06/28 11:43:19.000,-32.190002441406,
2023/06/28 11:43:21.000,-31.569999694824,
2023/06/28 11:43:30.000,-31.960000991821,
2023/06/28 11:43:31.000,-31.610000610352,
2023/06/28 11:43:39.000,-31.970001220703,
2023/06/28 11:43:54.000,-32.290000915527,
2023/06/28 11:43:59.000,-31.670000076294,
2023/06/28 11:44:01.000,-32.139999389648,
2023/06/28 11:44:25.000,-31.690000534058,
2023/06/28 11:44:31.000,-31.229999542236,
2023/06/28 11:44:39.000,-30.89999961853,
2023/06/28 11:44:49.000,-30.420000076294,
2023/06/28 11:44:57.000,-30.780000686646,
2023/06/28 11:45:01.000,-30.39999961853,
2023/06/28 11:45:03.000,-30.770000457764,
2023/06/28 11:45:33.000,-30.39999961853,
2023/06/28 11:45:38.000,-30.819999694824,
2023/06/28 11:45:44.000,-30.510000228882,
2023/06/28 11:46:07.000,-30.989999771118,
2023/06/28 11:46:09.000,-31.550001144409,
2023/06/28 11:46:26.000,-31.920000076294,
2023/06/28 11:46:29.000,-31.590000152588,
2023/06/28 11:46:29.710,-31.970001220703,
2023/06/28 11:46:51.000,-32.330001831055,
2023/06/28 11:47:00.000,-31.60000038147,
2023/06/28 11:47:02.000,-31.989999771118,
2023/06/28 11:47:12.000,-31.470001220703,
2023/06/28 11:47:18.000,-31.140001296997,
2023/06/28 11:47:22.000,-30.800001144409,
2023/06/28 11:47:42.000,-30.489999771118,
2023/06/28 11:47:46.000,-30.960000991821,
2023/06/28 11:47:55.000,-30.659999847412,
2023/06/28 11:47:59.000,-31.10000038147,
2023/06/28 11:48:00.000,-30.729999542236,
2023/06/28 11:48:34.000,-30.360000610352,
2023/06/28 11:48:38.000,-30.710000991821,
2023/06/28 11:48:54.000,-31.079999923706,
2023/06/28 11:48:58.000,-30.700000762939,
2023/06/28 11:49:01.000,-31.050001144409,
2023/06/28 11:49:05.000,-31.390001296997,
2023/06/28 11:49:09.000,-31.010000228882,
2023/06/28 11:49:24.000,-30.479999542236,
2023/06/28 11:49:26.000,-31.020000457764,
2023/06/28 11:49:34.000,-31.470001220703,
2023/06/28 11:49:44.000,-31.860000610352,
2023/06/28 11:50:17.000,-31.479999542236,
2023/06/28 11:50:24.000,-30.880001068115,
2023/06/28 11:50:26.000,-31.210000991821,
2023/06/28 11:50:29.000,-30.89999961853,
2023/06/28 11:50:45.000,-31.300001144409,
2023/06/28 11:50:55.000,-30.909999847412,
2023/06/28 11:51:08.000,-30.5,
2023/06/28 11:51:09.000,-30.890001296997,
2023/06/28 11:51:19.000,-30.479999542236,
2023/06/28 11:51:22.000,-30.840000152588,
2023/06/28 11:51:38.000,-30.5,
2023/06/28 11:51:42.000,-30.890001296997,
2023/06/28 11:51:46.000,-30.530000686646,
2023/06/28 11:51:53.000,-30.860000610352,
2023/06/28 11:51:56.000,-31.420000076294,
2023/06/28 11:52:05.000,-32.040000915527,
2023/06/28 11:52:12.000,-31.690000534058,
2023/06/28 11:52:16.000,-32,
2023/06/28 11:53:01.000,-31.569999694824,
2023/06/28 11:53:10.000,-30.909999847412,
2023/06/28 11:53:20.000,-30.39999961853,
2023/06/28 11:53:21.000,-30.720001220703,
2023/06/28 11:53:33.000,-31.10000038147,
2023/06/28 11:53:36.000,-30.700000762939,
2023/06/28 11:53:54.000,-30.340000152588,
2023/06/28 11:54:02.000,-30.659999847412,
2023/06/28 11:54:08.000,-31.010000228882,
2023/06/28 11:54:17.000,-30.569999694824,
2023/06/28 11:54:19.000,-30.890001296997,
2023/06/28 11:54:22.000,-30.560001373291,
2023/06/28 11:54:53.000,-31.10000038147,
2023/06/28 11:55:02.000,-30.590000152588,
2023/06/28 11:55:04.000,-31.079999923706,
2023/06/28 11:55:23.000,-30.569999694824,
2023/06/28 11:55:25.000,-31.200000762939,
2023/06/28 11:55:32.000,-30.840000152588,
2023/06/28 11:55:55.000,-30.420000076294,
2023/06/28 11:55:56.000,-30.920000076294,
2023/06/28 11:56:08.000,-30.530000686646,
2023/06/28 11:56:43.000,-30.940000534058,
2023/06/28 11:56:51.000,-30.550001144409,
2023/06/28 11:57:24.000,-30.920000076294,
2023/06/28 11:57:27.000,-30.60000038147,
2023/06/28 11:57:28.000,-30.979999542236,
2023/06/28 11:57:34.000,-31.520000457764,
2023/06/28 11:57:35.000,-31.190000534058,
2023/06/28 11:57:39.000,-30.819999694824,
2023/06/28 11:58:17.000,-30.390001296997,
2023/06/28 11:58:20.000,-30.810001373291,
2023/06/28 11:58:27.000,-30.5,
2023/06/28 11:58:45.000,-30.85000038147,
2023/06/28 11:58:46.000,-30.360000610352,
2023/06/28 11:58:50.000,-31.050001144409,
2023/06/28 11:59:09.000,-31.430000305176,
2023/06/28 11:59:14.000,-30.979999542236,
2023/06/28 11:59:18.000,-30.510000228882,
2023/06/28 11:59:21.000,-31.120000839233,
2023/06/28 11:59:22.000,-30.530000686646,
2023/06/28 11:59:25.000,-30.860000610352,
2023/06/28 11:59:27.000,-30.479999542236,
2023/06/28 11:59:30.000,-30.89999961853,
2023/06/28 11:59:34.000,-30.550001144409,
2023/06/28 12:00:03.000,-31.020000457764,
2023/06/28 12:00:05.000,-30.700000762939,
2023/06/28 12:00:10.000,-31.069999694824,
2023/06/28 12:00:11.000,-31.450000762939,
2023/06/28 12:00:12.000,-31.079999923706,
2023/06/28 12:00:16.000,-31.579999923706,
2023/06/28 12:00:17.000,-31.210000991821,
2023/06/28 12:00:22.000,-31.540000915527,
2023/06/28 12:00:31.000,-31.14999961853,
2023/06/28 12:00:34.000,-30.819999694824,
2023/06/28 12:00:42.000,-31.220001220703,
2023/06/28 12:00:46.000,-31.819999694824,
2023/06/28 12:00:49.000,-31.430000305176,
2023/06/28 12:00:50.000,-32.099998474121,
2023/06/28 12:00:56.000,-31.75,
2023/06/28 12:01:02.000,-31.409999847412,
2023/06/28 12:01:05.000,-31.710000991821,
2023/06/28 12:01:08.000,-32.050003051758,
2023/06/28 12:01:23.000,-31.690000534058,
2023/06/28 12:01:40.000,-31.370000839233,
2023/06/28 12:01:46.000,-30.840000152588,
2023/06/28 12:02:02.000,-30.180000305176,
2023/06/28 12:02:03.000,-30.579999923706,
2023/06/28 12:02:10.000,-31.050001144409,
2023/06/28 12:02:14.000,-30.680000305176,
2023/06/28 12:03:39.000,-31.200000762939,
2023/06/28 12:03:42.000,-31.579999923706,
2023/06/28 12:03:44.000,-31.14999961853,
2023/06/28 12:03:46.000,-30.680000305176,
2023/06/28 12:03:50.000,-31.110000610352,
2023/06/28 12:03:53.000,-31.510000228882,
2023/06/28 12:04:06.000,-31.950000762939,
2023/06/28 12:04:27.000,-31.479999542236,
2023/06/28 12:04:35.000,-31.069999694824,
2023/06/28 12:04:40.000,-31.559999465942,
2023/06/28 12:04:48.000,-32.130001068115,
2023/06/28 12:04:50.000,-31.770000457764,
2023/06/28 12:05:04.000,-31.309999465942,
2023/06/28 12:05:14.000,-30.950000762939,
2023/06/28 12:05:30.000,-30.630001068115,
2023/06/28 12:05:36.000,-30.950000762939,
2023/06/28 12:05:41.000,-30.60000038147,
2023/06/28 12:05:47.000,-31.020000457764,
2023/06/28 12:05:49.000,-30.680000305176,
2023/06/28 12:06:02.000,-31,
2023/06/28 12:06:04.000,-30.590000152588,
2023/06/28 12:06:09.000,-30.890001296997,
2023/06/28 12:06:29.000,-30.360000610352,
2023/06/28 12:06:33.000,-30.810001373291,
2023/06/28 12:06:39.000,-30.479999542236,
2023/06/28 12:06:45.000,-30.829999923706,
2023/06/28 12:06:46.000,-30.450000762939,
2023/06/28 12:06:50.000,-31.25,
2023/06/28 12:06:54.000,-31.690000534058,
2023/06/28 12:07:00.000,-32.01000213623,
2023/06/28 12:07:12.000,-31.659999847412,
2023/06/28 12:07:13.000,-32,
2023/06/28 12:07:32.000,-31.35000038147,
2023/06/28 12:07:33.000,-31.700000762939,
2023/06/28 12:07:41.000,-31.159999847412,
2023/06/28 12:07:51.000,-30.710000991821,
2023/06/28 12:08:02.000,-30.370000839233,
2023/06/28 12:08:08.000,-30.690000534058,
2023/06/28 12:08:12.000,-31.069999694824,
2023/06/28 12:08:13.000,-30.729999542236,
2023/06/28 12:08:18.000,-31.060001373291,
2023/06/28 12:08:23.000,-30.720001220703,
2023/06/28 12:08:46.000,-30.380001068115,
2023/06/28 12:08:52.000,-30.840000152588,
2023/06/28 12:08:58.000,-30.479999542236,
2023/06/28 12:09:00.000,-31.190000534058,
2023/06/28 12:09:04.000,-30.770000457764,
2023/06/28 12:09:16.000,-30.35000038147,
2023/06/28 12:09:17.000,-30.670000076294,
2023/06/28 12:09:44.000,-30.319999694824,
2023/06/28 12:09:46.000,-30.700000762939,
2023/06/28 12:09:59.000,-31.470001220703,
2023/06/28 12:10:03.000,-31.85000038147,
2023/06/28 12:10:08.000,-32.23999786377,
2023/06/28 12:10:10.000,-31.909999847412,
2023/06/28 12:10:14.000,-31.559999465942,
2023/06/28 12:10:16.000,-32.050003051758,
2023/06/28 12:10:19.000,-31.75,
2023/06/28 12:10:23.000,-32.150001525879,
2023/06/28 12:10:29.000,-31.770000457764,
2023/06/28 12:10:31.000,-32.099998474121,
2023/06/28 12:10:51.000,-31.729999542236,
2023/06/28 12:11:00.000,-32.050003051758,
2023/06/28 12:11:03.000,-31.700000762939,
2023/06/28 12:11:08.000,-31.090000152588,
2023/06/28 12:11:12.000,-30.75,
2023/06/28 12:11:17.000,-31.110000610352,
2023/06/28 12:11:22.000,-30.760000228882,
2023/06/28 12:11:40.000,-30.360000610352,
2023/06/28 12:11:42.000,-30.810001373291,
2023/06/28 12:11:53.000,-31.140001296997,
2023/06/28 12:11:57.000,-31.489999771118,
2023/06/28 12:11:58.000,-30.950000762939,
2023/06/28 12:12:19.000,-30.590000152588,
2023/06/28 12:12:35.000,-30.159999847412,
2023/06/28 12:12:36.000,-30.510000228882,
2023/06/28 12:12:40.000,-30.880001068115,
2023/06/28 12:12:44.000,-31.290000915527,
2023/06/28 12:12:48.000,-31.780000686646,
2023/06/28 12:12:50.000,-31.440000534058,
2023/06/28 12:12:52.000,-31.770000457764,
2023/06/28 12:12:56.000,-32.169998168945,
2023/06/28 12:13:14.000,-31.790000915527,
2023/06/28 12:13:22.000,-32.25,
2023/06/28 12:13:24.000,-31.920000076294,
2023/06/28 12:13:30.000,-32.389999389648,
2023/06/28 12:13:35.000,-31.89999961853,
2023/06/28 12:14:08.000,-31.39999961853,
2023/06/28 12:14:14.000,-31.090000152588,
2023/06/28 12:14:24.000,-31.430000305176,
2023/06/28 12:14:33.000,-31.960000991821,
2023/06/28 12:14:39.000,-31.460000991821,
2023/06/28 12:14:40.000,-32.01000213623,
2023/06/28 12:14:42.000,-31.489999771118,
2023/06/28 12:14:50.000,-31.159999847412,
2023/06/28 12:14:52.000,-31.550001144409,
2023/06/28 12:14:59.000,-31.930000305176,
2023/06/28 12:15:01.000,-31.550001144409,
2023/06/28 12:15:05.000,-31.120000839233,
2023/06/28 12:15:19.000,-30.64999961853,
2023/06/28 12:15:30.000,-30.950000762939,
2023/06/28 12:15:34.000,-30.579999923706,
2023/06/28 12:15:52.000,-30.970001220703,
2023/06/28 12:15:58.000,-31.360000610352,
2023/06/28 12:16:12.000,-31.030000686646,
2023/06/28 12:16:18.000,-30.729999542236,
2023/06/28 12:16:21.000,-31.040000915527,
2023/06/28 12:16:23.000,-31.530000686646,
2023/06/28 12:16:24.000,-31.190000534058,
2023/06/28 12:16:48.000,-30.460000991821,
2023/06/28 12:16:53.000,-30.780000686646,
2023/06/28 12:16:56.000,-30.370000839233,
2023/06/28 12:17:03.000,-30.700000762939,
2023/06/28 12:17:22.000,-31.110000610352,
2023/06/28 12:17:24.000,-30.770000457764,
2023/06/28 12:17:26.000,-30.440000534058,
2023/06/28 12:17:29.000,-31.140001296997,
2023/06/28 12:17:32.000,-30.680000305176,
2023/06/28 12:17:35.000,-31.10000038147,
2023/06/28 12:17:37.000,-30.60000038147,
2023/06/28 12:17:40.000,-30.970001220703,
2023/06/28 12:17:46.000,-30.64999961853,
2023/06/28 12:17:51.000,-30.960000991821,
2023/06/28 12:17:55.000,-30.610000610352,
2023/06/28 12:18:00.000,-31.130001068115,
2023/06/28 12:18:02.000,-30.790000915527,
2023/06/28 12:18:17.000,-30.239999771118,
2023/06/28 12:18:21.000,-30.590000152588,
2023/06/28 12:18:27.000,-31,
2023/06/28 12:18:42.000,-30.530000686646,
2023/06/28 12:18:47.000,-30.860000610352,
2023/06/28 12:18:49.000,-30.380001068115,
2023/06/28 12:18:52.000,-30.920000076294,
2023/06/28 12:18:54.000,-31.409999847412,
2023/06/28 12:19:04.000,-31.720001220703,
2023/06/28 12:19:05.000,-31.35000038147,
2023/06/28 12:19:09.000,-31.720001220703,
2023/06/28 12:19:14.000,-31.409999847412,
2023/06/28 12:19:15.000,-31.720001220703,
2023/06/28 12:19:17.000,-31.360000610352,
2023/06/28 12:19:24.000,-30.940000534058,
2023/06/28 12:19:40.000,-31.270000457764,
2023/06/28 12:19:43.000,-30.909999847412,
2023/06/28 12:19:53.000,-30.370000839233,
2023/06/28 12:19:58.000,-30.729999542236,
2023/06/28 12:20:13.000,-30.300001144409,
2023/06/28 12:20:15.000,-30.670000076294,
2023/06/28 12:20:45.000,-30.970001220703,
2023/06/28 12:20:56.000,-30.590000152588,
2023/06/28 12:21:07.000,-31.040000915527,
2023/06/28 12:21:15.000,-30.670000076294,
2023/06/28 12:21:30.000,-30.270000457764,
2023/06/28 12:21:32.000,-30.579999923706,
2023/06/28 12:21:42.000,-30.89999961853,
2023/06/28 12:21:47.000,-31.329999923706,
2023/06/28 12:21:54.000,-31.64999961853,
2023/06/28 12:22:00.000,-32.040000915527,
2023/06/28 12:22:04.000,-31.680000305176,
2023/06/28 12:22:11.000,-32.069999694824,
2023/06/28 12:22:15.000,-31.729999542236,
2023/06/28 12:22:39.000,-31.190000534058,
2023/06/28 12:22:41.000,-30.880001068115,
2023/06/28 12:22:50.000,-30.569999694824,
2023/06/28 12:22:56.000,-30.880001068115,
2023/06/28 12:23:04.000,-30.569999694824,
2023/06/28 12:23:21.000,-30.970001220703,
2023/06/28 12:23:30.000,-30.579999923706,
2023/06/28 12:23:42.000,-31.010000228882,
2023/06/28 12:23:45.000,-30.630001068115,
2023/06/28 12:23:53.000,-30.940000534058,
2023/06/28 12:23:54.000,-30.630001068115,
2023/06/28 12:24:03.000,-30.329999923706,
2023/06/28 12:24:11.000,-30.640001296997,
2023/06/28 12:24:19.000,-31.010000228882,
2023/06/28 12:24:36.000,-31.35000038147,
2023/06/28 12:24:42.000,-31.720001220703,
2023/06/28 12:24:44.000,-31.380001068115,
2023/06/28 12:24:46.000,-31.700000762939,
2023/06/28 12:24:57.000,-32.090000152588,
2023/06/28 12:25:05.000,-31.729999542236,
2023/06/28 12:25:09.000,-32.23999786377,
2023/06/28 12:25:15.000,-31.89999961853,
2023/06/28 12:25:19.000,-32.23999786377,
2023/06/28 12:25:21.000,-31.860000610352,
2023/06/28 12:25:48.000,-31.5,
2023/06/28 12:25:50.000,-31.14999961853,
2023/06/28 12:25:57.000,-30.819999694824,
2023/06/28 12:26:29.000,-30.460000991821,
2023/06/28 12:26:33.000,-30.840000152588,
2023/06/28 12:26:36.000,-30.409999847412,
2023/06/28 12:26:49.000,-30.790000915527,
2023/06/28 12:26:51.000,-30.360000610352,
2023/06/28 12:27:02.000,-30.950000762939,
2023/06/28 12:27:03.000,-30.489999771118,
2023/06/28 12:27:07.000,-30.870000839233,
2023/06/28 12:27:10.000,-30.39999961853,
2023/06/28 12:27:15.000,-30.860000610352,
2023/06/28 12:27:19.000,-30.530000686646,
2023/06/28 12:27:26.000,-31,
2023/06/28 12:27:29.000,-30.60000038147,
2023/06/28 12:27:30.000,-31.200000762939,
2023/06/28 12:27:34.000,-31.530000686646,
2023/06/28 12:27:35.000,-31.14999961853,
2023/06/28 12:27:42.000,-30.840000152588,
2023/06/28 12:27:49.000,-31.420000076294,
2023/06/28 12:28:11.000,-31.75,
2023/06/28 12:28:30.000,-32.050003051758,
2023/06/28 12:28:47.000,-31.579999923706,
2023/06/28 12:28:48.000,-31.890001296997,
2023/06/28 12:29:11.000,-31.39999961853,
2023/06/28 12:29:17.000,-30.880001068115,
2023/06/28 12:29:19.000,-31.510000228882,
2023/06/28 12:29:32.000,-31.200000762939,
2023/06/28 12:29:35.000,-30.75,
2023/06/28 12:29:45.000,-31.079999923706,
2023/06/28 12:29:48.000,-30.590000152588,
2023/06/28 12:29:49.000,-30.920000076294,
2023/06/28 12:29:55.000,-30.569999694824,
2023/06/28 12:29:57.000,-30.880001068115,
2023/06/28 12:30:09.000,-30.569999694824,
2023/06/28 12:30:11.000,-31.159999847412,
2023/06/28 12:30:14.000,-31.64999961853,
2023/06/28 12:30:28.000,-31.170000076294,
2023/06/28 12:30:29.000,-31.510000228882,
2023/06/28 12:30:34.000,-30.950000762939,
2023/06/28 12:30:52.000,-30.64999961853,
2023/06/28 12:30:55.000,-31.200000762939,
2023/06/28 12:31:11.000,-30.75,
2023/06/28 12:31:12.000,-31.120000839233,
2023/06/28 12:31:16.000,-30.700000762939,
2023/06/28 12:31:17.000,-31.329999923706,
2023/06/28 12:31:20.000,-30.829999923706,
2023/06/28 12:31:24.000,-31.200000762939,
2023/06/28 12:31:29.000,-30.550001144409,
2023/06/28 12:31:32.000,-30.909999847412,
2023/06/28 12:31:38.000,-30.360000610352,
2023/06/28 12:31:43.000,-30.780000686646,
2023/06/28 12:31:45.000,-30.420000076294,
2023/06/28 12:32:01.000,-30.920000076294,
2023/06/28 12:32:10.000,-30.489999771118,
2023/06/28 12:32:33.000,-30.880001068115,
2023/06/28 12:32:35.000,-30.579999923706,
2023/06/28 12:33:08.000,-30.239999771118,
2023/06/28 12:33:28.000,-30.970001220703,
2023/06/28 12:33:29.000,-31.35000038147,
2023/06/28 12:33:50.000,-31.700000762939,
2023/06/28 12:34:02.000,-31.360000610352,
2023/06/28 12:34:05.000,-31.690000534058,
2023/06/28 12:34:37.000,-31.370000839233,
2023/06/28 12:34:42.000,-31.010000228882,
2023/06/28 12:34:48.000,-31.329999923706,
2023/06/28 12:34:49.000,-31,
2023/06/28 12:34:53.000,-30.670000076294,
2023/06/28 12:35:06.000,-30.25,
2023/06/28 12:35:07.000,-30.640001296997,
2023/06/28 12:35:24.000,-30.319999694824,
2023/06/28 12:35:30.000,-30.829999923706,
2023/06/28 12:35:31.000,-30.440000534058,
2023/06/28 12:35:33.000,-30.75,
2023/06/28 12:35:37.000,-31.10000038147,
2023/06/28 12:35:45.000,-30.729999542236,
2023/06/28 12:35:57.000,-30.270000457764,
2023/06/28 12:35:59.000,-30.860000610352,
2023/06/28 12:36:03.000,-30.530000686646,
2023/06/28 12:36:05.000,-30.909999847412,
2023/06/28 12:36:30.000,-31.390001296997,
2023/06/28 12:36:37.000,-31.800001144409,
2023/06/28 12:36:51.000,-32.26000213623,
2023/06/28 12:36:53.000,-31.809999465942,
2023/06/28 12:36:56.000,-32.279998779297,
2023/06/28 12:36:57.000,-31.909999847412,
2023/06/28 12:37:02.000,-31.360000610352,
2023/06/28 12:37:04.000,-31.690000534058,
2023/06/28 12:37:09.000,-31.340000152588,
2023/06/28 12:37:23.000,-30.960000991821,
2023/06/28 12:37:30.000,-30.540000915527,
2023/06/28 12:37:59.000,-30.040000915527,
2023/06/28 12:38:19.000,-29.659999847412,
2023/06/28 12:38:20.000,-30.430000305176,
2023/06/28 12:38:40.000,-30.079999923706,
2023/06/28 12:38:44.000,-30.470001220703,
2023/06/28 12:38:48.000,-30.860000610352,
2023/06/28 12:38:57.000,-30.420000076294,
2023/06/28 12:39:09.000,-29.940000534058,
2023/06/28 12:39:22.000,-29.39999961853,
2023/06/28 12:39:27.000,-29.829999923706,
2023/06/28 12:39:39.000,-29.270000457764,
2023/06/28 12:39:41.000,-29.610000610352,
2023/06/28 12:39:58.000,-29.229999542236,
2023/06/28 12:40:19.000,-28.630001068115,
2023/06/28 12:40:35.000,-28.319999694824,
2023/06/28 12:40:53.000,-27.979999542236,
2023/06/28 12:40:59.000,-28.489999771118,
2023/06/28 12:41:00.000,-28.079999923706,
2023/06/28 12:41:10.000,-27.710000991821,
2023/06/28 12:41:11.000,-28.090000152588,
2023/06/28 12:41:12.000,-27.560001373291,
2023/06/28 12:41:14.000,-27.920000076294,
2023/06/28 12:41:17.000,-27.510000228882,
2023/06/28 12:41:19.000,-27.890001296997,
2023/06/28 12:41:29.000,-27.569999694824,
2023/06/28 12:42:19.000,-27.890001296997,
2023/06/28 12:42:21.000,-27.590000152588,
2023/06/28 12:42:43.000,-28.10000038147,
2023/06/28 12:42:48.000,-27.690000534058,
2023/06/28 12:42:54.000,-28.050001144409,
2023/06/28 12:42:55.000,-27.710000991821,
2023/06/28 12:43:03.000,-27.280000686646,
2023/06/28 12:43:04.000,-27.670000076294,
2023/06/28 12:43:26.000,-28,
2023/06/28 12:43:58.000,-27.690000534058,
2023/06/28 12:44:06.000,-27.380001068115,
2023/06/28 12:44:11.000,-27.020000457764,
2023/06/28 12:44:13.000,-26.590000152588,
2023/06/28 12:44:16.000,-26.89999961853,
2023/06/28 12:44:17.000,-26.569999694824,
2023/06/28 12:44:29.000,-26.930000305176,
2023/06/28 12:44:30.000,-26.420000076294,
2023/06/28 12:44:39.000,-26.840000152588,
2023/06/28 12:44:49.000,-26.489999771118,
2023/06/28 12:44:50.000,-26.920000076294,
2023/06/28 12:45:05.000,-26.460000991821,
2023/06/28 12:45:06.000,-26.860000610352,
2023/06/28 12:45:12.000,-26.340000152588,
2023/06/28 12:45:12.750,-26.640001296997,
2023/06/28 12:45:43.000,-26.280000686646,
2023/06/28 12:45:48.000,-26.659999847412,
2023/06/28 12:46:14.000,-26.340000152588,
2023/06/28 12:46:34.000,-25.940000534058,
2023/06/28 12:46:35.000,-25.60000038147,
2023/06/28 12:46:45.000,-26.140001296997,
2023/06/28 12:46:53.000,-26.790000915527,
2023/06/28 12:47:32.000,-26.430000305176,
2023/06/28 12:47:41.000,-26.090000152588,
2023/06/28 12:47:44.000,-25.75,
2023/06/28 12:47:46.000,-26.230001449585,
2023/06/28 12:47:49.000,-25.770000457764,
2023/06/28 12:48:07.000,-25.300001144409,
2023/06/28 12:48:13.000,-25.680000305176,
2023/06/28 12:48:27.000,-25.35000038147,
2023/06/28 12:48:29.000,-25.680000305176,
2023/06/28 12:48:30.000,-25.980001449585,
2023/06/28 12:48:33.000,-25.670000076294,
2023/06/28 12:48:34.000,-26.060001373291,
2023/06/28 12:48:41.000,-25.75,
2023/06/28 12:48:44.000,-26.069999694824,
2023/06/28 12:48:59.000,-26.409999847412,
2023/06/28 12:49:05.000,-26.980001449585,
2023/06/28 12:49:16.000,-27.440000534058,
2023/06/28 12:49:17.000,-27.079999923706,
2023/06/28 12:49:24.000,-27.390001296997,
2023/06/28 12:49:25.000,-27.069999694824,
2023/06/28 12:49:28.000,-27.460000991821,
2023/06/28 12:49:32.000,-27.110000610352,
2023/06/28 12:49:35.000,-26.790000915527,
2023/06/28 12:49:40.000,-26.420000076294,
2023/06/28 12:49:51.000,-26.840000152588,
2023/06/28 12:50:03.000,-27.220001220703,
2023/06/28 12:50:16.000,-26.85000038147,
2023/06/28 12:50:27.000,-26.370000839233,
2023/06/28 12:50:31.000,-26.780000686646,
2023/06/28 12:50:36.000,-27.409999847412,
2023/06/28 12:50:38.000,-27.060001373291,
2023/06/28 12:50:39.000,-27.430000305176,
2023/06/28 12:50:46.000,-27.120000839233,
2023/06/28 12:50:53.000,-26.590000152588,
2023/06/28 12:51:02.000,-26.960000991821,
2023/06/28 12:51:04.000,-27.329999923706,
2023/06/28 12:51:09.000,-27.659999847412,
2023/06/28 12:51:25.000,-28.170000076294,
2023/06/28 12:51:28.000,-27.85000038147,
2023/06/28 12:51:29.000,-27.489999771118,
2023/06/28 12:51:30.000,-27.829999923706,
2023/06/28 12:51:36.000,-27.14999961853,
2023/06/28 12:51:37.000,-27.5,
2023/06/28 12:51:40.000,-27.14999961853,
2023/06/28 12:51:48.000,-26.730001449585,
2023/06/28 12:52:10.000,-27.10000038147,
2023/06/28 12:52:38.000,-27.630001068115,
2023/06/28 12:52:38.940,-27.300001144409,
2023/06/28 12:53:15.000,-27.700000762939,
2023/06/28 12:53:21.000,-28.180000305176,
2023/06/28 12:53:27.000,-28.510000228882,
2023/06/28 12:53:44.000,-28.810001373291,
2023/06/28 12:53:52.000,-28.340000152588,
2023/06/28 12:54:05.000,-27.870000839233,
2023/06/28 12:54:06.000,-28.260000228882,
2023/06/28 12:54:09.000,-27.930000305176,
2023/06/28 12:54:18.000,-27.510000228882,
2023/06/28 12:54:19.000,-28.10000038147,
2023/06/28 12:54:23.000,-27.610000610352,
2023/06/28 12:54:25.000,-28.270000457764,
2023/06/28 12:54:29.000,-27.920000076294,
2023/06/28 12:54:30.000,-27.470001220703,
2023/06/28 12:54:31.000,-28.010000228882,
2023/06/28 12:54:39.000,-28.530000686646,
2023/06/28 12:54:44.000,-28.14999961853,
2023/06/28 12:54:46.000,-28.470001220703,
2023/06/28 12:54:52.000,-28.840000152588,
2023/06/28 12:55:01.000,-28.510000228882,
2023/06/28 12:55:15.000,-28.829999923706,
2023/06/28 12:55:19.000,-28.370000839233,
2023/06/28 12:55:24.000,-28.75,
2023/06/28 12:55:28.000,-28.39999961853,
2023/06/28 12:55:33.000,-28.030000686646,
2023/06/28 12:55:34.000,-28.409999847412,
2023/06/28 12:55:39.000,-28.040000915527,
2023/06/28 12:55:44.000,-28.460000991821,
2023/06/28 12:55:52.000,-28.159999847412,
2023/06/28 12:55:58.000,-28.489999771118,
2023/06/28 12:56:12.000,-28.069999694824,
2023/06/28 12:56:12.730,-28.5,
2023/06/28 12:56:23.000,-29.10000038147,
2023/06/28 12:56:41.000,-29.579999923706,
2023/06/28 12:56:48.000,-29.210000991821,
2023/06/28 12:57:01.000,-28.800001144409,
2023/06/28 12:57:36.000,-29.130001068115,
2023/06/28 12:57:50.000,-29.5,
2023/06/28 12:57:52.000,-29.880001068115,
2023/06/28 12:58:01.000,-30.430000305176,
2023/06/28 12:58:03.000,-30.030000686646,
2023/06/28 12:58:05.000,-30.420000076294,
2023/06/28 12:58:18.000,-29.979999542236,
2023/06/28 12:58:24.000,-30.380001068115,
2023/06/28 12:58:26.000,-29.909999847412,
2023/06/28 12:59:29.000,-29.5,
2023/06/28 12:59:31.000,-29.170000076294,
2023/06/28 12:59:38.000,-29.470001220703,
2023/06/28 12:59:40.000,-29.85000038147,
2023/06/28 12:59:51.000,-29.200000762939,
2023/06/28 12:59:52.000,-29.590000152588,
2023/06/28 12:59:54.000,-29.260000228882,
2023/06/28 12:59:56.000,-29.810001373291,
2023/06/28 13:00:02.000,-30.220001220703,
2023/06/28 13:00:20.000,-29.579999923706,
2023/06/28 13:00:22.000,-29.890001296997,
2023/06/28 13:00:27.000,-29.489999771118,
2023/06/28 13:00:29.000,-29.120000839233,
2023/06/28 13:00:30.000,-29.5,
2023/06/28 13:00:36.000,-30.010000228882,
2023/06/28 13:00:54.000,-30.329999923706,
2023/06/28 13:01:05.000,-30.010000228882,
2023/06/28 13:01:17.000,-29.610000610352,
2023/06/28 13:01:21.000,-29.159999847412,
2023/06/28 13:01:30.000,-28.800001144409,
2023/06/28 13:01:35.000,-29.14999961853,
2023/06/28 13:01:47.000,-29.560001373291,
2023/06/28 13:02:07.000,-29.159999847412,
2023/06/28 13:02:11.000,-29.510000228882,
2023/06/28 13:02:17.000,-29.870000839233,
2023/06/28 13:02:28.000,-30.25,
2023/06/28 13:02:31.000,-29.870000839233,
2023/06/28 13:02:44.000,-30.180000305176,
2023/06/28 13:03:26.000,-29.819999694824,
2023/06/28 13:03:32.000,-30.120000839233,
2023/06/28 13:03:35.000,-29.729999542236,
2023/06/28 13:03:36.000,-30.060001373291,
2023/06/28 13:03:41.000,-29.690000534058,
2023/06/28 13:03:46.000,-29.229999542236,
2023/06/28 13:04:08.000,-28.880001068115,
2023/06/28 13:04:20.000,-29.35000038147,
2023/06/28 13:04:21.000,-29.030000686646,
2023/06/28 13:05:17.000,-29.380001068115,
2023/06/28 13:05:23.000,-28.880001068115,
2023/06/28 13:05:25.000,-29.220001220703,
2023/06/28 13:05:27.000,-28.800001144409,
2023/06/28 13:05:41.000,-29.390001296997,
2023/06/28 13:05:54.000,-29.790000915527,
2023/06/28 13:06:05.000,-30.260000228882,
2023/06/28 13:06:06.000,-29.790000915527,
2023/06/28 13:06:08.000,-30.290000915527,
2023/06/28 13:06:54.000,-29.940000534058,
2023/06/28 13:07:04.000,-29.620000839233,
2023/06/28 13:07:11.000,-29.120000839233,
2023/06/28 13:07:34.000,-29.579999923706,
2023/06/28 13:07:37.000,-29.120000839233,
2023/06/28 13:07:45.000,-29.460000991821,
2023/06/28 13:07:47.000,-29.110000610352,
2023/06/28 13:08:17.000,-28.800001144409,
2023/06/28 13:08:20.000,-29.430000305176,
2023/06/28 13:08:38.000,-29.110000610352,
2023/06/28 13:08:43.000,-29.470001220703,
2023/06/28 13:08:48.000,-29.159999847412,
2023/06/28 13:09:06.000,-29.470001220703,
2023/06/28 13:09:09.000,-30.040000915527,
2023/06/28 13:09:46.000,-30.460000991821,
2023/06/28 13:09:48.000,-30.010000228882,
2023/06/28 13:09:49.000,-29.530000686646,
2023/06/28 13:09:51.000,-29.940000534058,
2023/06/28 13:09:53.000,-29.579999923706,
2023/06/28 13:09:59.000,-29.159999847412,
2023/06/28 13:10:02.000,-29.540000915527,
2023/06/28 13:10:05.000,-29.159999847412,
2023/06/28 13:10:39.000,-28.729999542236,
2023/06/28 13:10:41.000,-29.200000762939,
2023/06/28 13:10:41.890,-28.85000038147,
2023/06/28 13:10:50.000,-29.170000076294,
2023/06/28 13:11:03.000,-29.780000686646,
2023/06/28 13:11:08.000,-30.25,
2023/06/28 13:11:12.000,-29.909999847412,
2023/06/28 13:11:21.000,-30.210000991821,
2023/06/28 13:11:55.000,-30.579999923706,
2023/06/28 13:12:09.000,-30.270000457764,
2023/06/28 13:12:16.000,-30.610000610352,
2023/06/28 13:12:18.000,-30.300001144409,
2023/06/28 13:12:22.000,-30.640001296997,
2023/06/28 13:12:54.000,-30.040000915527,
2023/06/28 13:12:55.000,-30.360000610352,
2023/06/28 13:13:03.000,-29.770000457764,
2023/06/28 13:13:09.000,-29.260000228882,
2023/06/28 13:13:17.000,-29.780000686646,
2023/06/28 13:13:33.000,-29.450000762939,
2023/06/28 13:13:43.000,-29.770000457764,
2023/06/28 13:13:51.000,-29.450000762939,
2023/06/28 13:13:54.000,-30.270000457764,
2023/06/28 13:14:14.000,-29.89999961853,
2023/06/28 13:14:20.000,-29.569999694824,
2023/06/28 13:14:33.000,-29.950000762939,
2023/06/28 13:14:55.000,-30.470001220703,
2023/06/28 13:15:38.000,-30.079999923706,
2023/06/28 13:15:46.000,-29.620000839233,
2023/06/28 13:15:53.000,-29.270000457764,
2023/06/28 13:16:27.000,-29.790000915527,
2023/06/28 13:16:37.000,-30.130001068115,
2023/06/28 13:16:40.000,-29.780000686646,
2023/06/28 13:16:49.000,-30.340000152588,
2023/06/28 13:17:03.000,-29.960000991821,
2023/06/28 13:17:06.000,-29.479999542236,
2023/06/28 13:17:12.000,-29.930000305176,
2023/06/28 13:17:22.000,-29.590000152588,
2023/06/28 13:17:28.000,-29.950000762939,
2023/06/28 13:17:47.000,-30.340000152588,
2023/06/28 13:17:56.000,-29.909999847412,
2023/06/28 13:18:00.000,-30.229999542236,
2023/06/28 13:18:16.000,-29.790000915527,
2023/06/28 13:18:28.000,-29.159999847412,
2023/06/28 13:18:50.000,-29.5,
2023/06/28 13:19:02.000,-29.190000534058,
2023/06/28 13:19:07.000,-29.550001144409,
2023/06/28 13:19:12.000,-30.050001144409,
2023/06/28 13:19:21.000,-29.680000305176,
2023/06/28 13:19:24.000,-29.280000686646,
2023/06/28 13:19:42.000,-29.890001296997,
2023/06/28 13:19:45.000,-30.35000038147,
2023/06/28 13:20:02.000,-29.960000991821,
2023/06/28 13:20:10.000,-30.270000457764,
2023/06/28 13:20:17.000,-30.579999923706,
2023/06/28 13:21:00.000,-30.25,
2023/06/28 13:21:02.000,-30.610000610352,
2023/06/28 13:21:15.000,-30.120000839233,
2023/06/28 13:21:24.000,-29.64999961853,
2023/06/28 13:22:07.000,-29.340000152588,
2023/06/28 13:22:11.000,-29.790000915527,
2023/06/28 13:22:14.000,-30.130001068115,
2023/06/28 13:22:26.000,-29.690000534058,
2023/06/28 13:22:33.000,-29.239999771118,
2023/06/28 13:22:35.000,-29.579999923706,
2023/06/28 13:22:49.000,-29.970001220703,
2023/06/28 13:23:12.000,-30.310001373291,
2023/06/28 13:23:16.000,-30.630001068115,
2023/06/28 13:23:47.000,-31.060001373291,
2023/06/28 13:23:49.000,-30.739999771118,
2023/06/28 13:24:04.000,-30.409999847412,
2023/06/28 13:24:19.000,-29.960000991821,
2023/06/28 13:24:39.000,-29.440000534058,
2023/06/28 13:25:51.000,-29.890001296997,
2023/06/28 13:25:53.000,-30.25,
2023/06/28 13:25:56.000,-30.590000152588,
2023/06/28 13:26:16.000,-30.909999847412,
2023/06/28 13:26:22.000,-30.550001144409,
2023/06/28 13:26:58.000,-30.909999847412,
2023/06/28 13:27:32.000,-30.450000762939,
2023/06/28 13:27:44.000,-30.010000228882,
2023/06/28 13:27:48.000,-29.690000534058,
2023/06/28 13:27:59.000,-29.360000610352,
2023/06/28 13:28:04.000,-29.670000076294,
2023/06/28 13:29:32.000,-30.060001373291,
2023/06/28 13:29:33.000,-29.690000534058,
2023/06/28 13:29:34.000,-30.010000228882,
2023/06/28 13:29:53.000,-30.470001220703,
2023/06/28 13:30:20.000,-30.110000610352,
2023/06/28 13:30:24.000,-29.75,
2023/06/28 13:31:09.000,-29.409999847412,
2023/06/28 13:31:11.000,-29.909999847412,
2023/06/28 13:31:14.000,-30.220001220703,
2023/06/28 13:31:17.000,-29.89999961853,
2023/06/28 13:31:23.000,-30.329999923706,
2023/06/28 13:31:36.000,-29.979999542236,
2023/06/28 13:32:01.000,-29.630001068115,
2023/06/28 13:32:15.000,-30,
2023/06/28 13:32:20.000,-30.560001373291,
2023/06/28 13:32:25.000,-30.229999542236,
2023/06/28 13:32:37.000,-30.620000839233,
2023/06/28 13:32:47.000,-30.970001220703,
2023/06/28 13:34:02.000,-30.520000457764,
2023/06/28 13:34:14.000,-31.010000228882,
2023/06/28 13:35:38.000,-31.329999923706,
2023/06/28 13:37:09.000,-30.979999542236,
2023/06/28 13:37:55.000,-31.340000152588,
2023/06/28 13:39:06.000,-30.960000991821,
2023/06/28 13:39:23.000,-31.329999923706,
2023/06/28 13:39:44.000,-30.930000305176,
2023/06/28 13:41:09.000,-31.239999771118,
2023/06/28 13:43:05.000,-30.840000152588,
2023/06/28 13:43:39.000,-31.159999847412,
2023/06/28 13:44:39.000,-31.460000991821,
2023/06/28 13:45:43.000,-31.14999961853,
2023/06/28 13:47:28.000,-31.450000762939,
2023/06/28 13:48:44.000,-31.130001068115,
2023/06/28 13:48:48.000,-31.440000534058,
2023/06/28 13:49:07.000,-31.050001144409,
2023/06/28 13:49:20.000,-31.370000839233,
2023/06/28 13:49:59.000,-31.710000991821,
2023/06/28 13:50:05.000,-31.39999961853,
2023/06/28 13:53:29.000,-31.710000991821,
2023/06/28 13:53:41.000,-31.370000839233,
2023/06/28 13:55:50.000,-31.829999923706,
2023/06/28 13:55:55.000,-31.510000228882,
2023/06/28 13:56:59.000,-31.14999961853,
2023/06/28 13:57:05.000,-31.450000762939,
2023/06/28 13:57:17.000,-31.110000610352,
2023/06/28 13:58:07.000,-31.440000534058,
2023/06/28 14:00:06.000,-31.120000839233,
2023/06/28 14:00:10.000,-31.440000534058,
2023/06/28 14:00:16.000,-31.090000152588,
2023/06/28 14:01:20.000,-31.460000991821,
2023/06/28 14:03:23.000,-31.130001068115,
2023/06/28 14:05:38.000,-30.810001373291,
2023/06/28 14:08:39.000,-30.479999542236,
2023/06/28 14:10:08.000,-30.800001144409,
2023/06/28 14:10:27.000,-31.159999847412,
2023/06/28 14:11:09.000,-31.530000686646,
2023/06/28 14:11:31.000,-31.870000839233,
2023/06/28 14:11:52.000,-31.510000228882,
2023/06/28 14:12:29.000,-31.170000076294,
2023/06/28 14:13:10.000,-30.790000915527,
2023/06/28 14:13:17.000,-31.120000839233,
2023/06/28 14:14:13.000,-31.440000534058,
2023/06/28 14:17:27.000,-31.090000152588,
2023/06/28 14:17:52.000,-30.770000457764,
2023/06/28 14:18:09.000,-30.340000152588,
2023/06/28 14:18:23.000,-30.010000228882,
2023/06/28 14:18:31.000,-29.659999847412,
2023/06/28 14:18:44.000,-29.300001144409,
2023/06/28 14:19:04.000,-29.680000305176,
2023/06/28 14:19:18.000,-30.030000686646,
2023/06/28 14:20:47.000,-29.690000534058,
2023/06/28 14:20:52.000,-30.130001068115,
2023/06/28 14:21:24.000,-30.700000762939,
2023/06/28 14:21:27.000,-30.200000762939,
2023/06/28 14:21:35.000,-29.870000839233,
2023/06/28 14:23:53.000,-29.530000686646,
2023/06/28 14:24:08.000,-29.840000152588,
2023/06/28 14:25:03.000,-30.420000076294,
2023/06/28 14:25:10.000,-30.880001068115,
2023/06/28 14:26:31.000,-30.479999542236,
2023/06/28 14:26:39.000,-30.120000839233,
2023/06/28 14:26:59.000,-29.790000915527,
2023/06/28 14:27:17.000,-30.159999847412,
2023/06/28 14:27:22.000,-30.630001068115,
2023/06/28 14:27:34.000,-30.239999771118,
2023/06/28 14:27:49.000,-29.930000305176,
2023/06/28 14:28:09.000,-29.530000686646,
2023/06/28 14:28:10.000,-29.870000839233,
2023/06/28 14:28:13.000,-30.220001220703,
2023/06/28 14:28:22.000,-30.560001373291,
2023/06/28 14:28:29.000,-30.970001220703,
2023/06/28 14:28:46.000,-30.64999961853,
2023/06/28 14:28:54.000,-30.300001144409,
2023/06/28 14:29:03.000,-29.760000228882,
2023/06/28 14:29:17.000,-29.260000228882,
2023/06/28 14:29:21.000,-29.579999923706,
2023/06/28 14:29:27.000,-29.229999542236,
2023/06/28 14:29:36.000,-29.710000991821,
2023/06/28 14:29:40.000,-30.159999847412,
2023/06/28 14:29:43.000,-30.510000228882,
2023/06/28 14:30:02.000,-30.829999923706,
2023/06/28 14:30:24.000,-30.440000534058,
2023/06/28 14:30:30.000,-30,
2023/06/28 14:30:36.000,-29.540000915527,
2023/06/28 14:30:46.000,-29.860000610352,
2023/06/28 14:31:54.000,-29.540000915527,
2023/06/28 14:32:13.000,-30,
2023/06/28 14:32:29.000,-29.670000076294,
2023/06/28 14:32:45.000,-30.140001296997,
2023/06/28 14:32:52.000,-29.840000152588,
2023/06/28 14:33:00.000,-30.180000305176,
2023/06/28 14:33:03.000,-30.530000686646,
2023/06/28 14:33:29.000,-30.960000991821,
2023/06/28 14:33:33.000,-30.630001068115,
2023/06/28 14:33:42.000,-30.329999923706,
2023/06/28 14:33:48.000,-29.790000915527,
2023/06/28 14:33:52.000,-29.479999542236,
2023/06/28 14:33:57.000,-29.130001068115,
2023/06/28 14:34:05.000,-29.470001220703,
2023/06/28 14:34:07.000,-29.810001373291,
2023/06/28 14:34:27.000,-30.14999961853,
2023/06/28 14:34:35.000,-30.510000228882,
2023/06/28 14:35:13.000,-30.159999847412,
2023/06/28 14:35:14.000,-29.670000076294,
2023/06/28 14:35:44.000,-30.180000305176,
2023/06/28 14:35:48.000,-30.590000152588,
2023/06/28 14:36:02.000,-30.950000762939,
2023/06/28 14:36:04.000,-30.569999694824,
2023/06/28 14:36:23.000,-30.239999771118,
2023/06/28 14:36:38.000,-29.819999694824,
2023/06/28 14:37:18.000,-30.120000839233,
2023/06/28 14:37:32.000,-30.610000610352,
2023/06/28 14:37:35.000,-31.159999847412,
2023/06/28 14:38:09.000,-30.75,
2023/06/28 14:38:22.000,-30.409999847412,
2023/06/28 14:38:28.000,-30.040000915527,
2023/06/28 14:38:31.000,-29.729999542236,
2023/06/28 14:38:34.000,-30.229999542236,
2023/06/28 14:38:36.000,-29.860000610352,
2023/06/28 14:38:54.000,-30.200000762939,
2023/06/28 14:39:01.000,-30.569999694824,
2023/06/28 14:39:14.000,-30.930000305176,
2023/06/28 14:39:28.000,-30.420000076294,
2023/06/28 14:39:35.000,-29.979999542236,
2023/06/28 14:39:48.000,-29.590000152588,
2023/06/28 14:39:56.000,-29.970001220703,
2023/06/28 14:40:20.000,-29.610000610352,
2023/06/28 14:40:24.000,-29.930000305176,
2023/06/28 14:41:14.000,-30.370000839233,
2023/06/28 14:41:23.000,-30.739999771118,
2023/06/28 14:41:26.000,-30.39999961853,
2023/06/28 14:41:31.000,-30.050001144409,
2023/06/28 14:41:34.000,-29.700000762939,
2023/06/28 14:41:36.000,-30.060001373291,
2023/06/28 14:41:37.000,-30.390001296997,
2023/06/28 14:41:43.000,-30.720001220703,
2023/06/28 14:42:03.000,-30.39999961853,
2023/06/28 14:42:12.000,-30.760000228882,
2023/06/28 14:42:27.000,-31.130001068115,
2023/06/28 14:42:33.000,-30.829999923706,
2023/06/28 14:42:50.000,-30.380001068115,
2023/06/28 14:43:09.000,-29.870000839233,
2023/06/28 14:43:35.000,-30.200000762939,
2023/06/28 14:43:42.000,-29.800001144409,
2023/06/28 14:44:08.000,-30.210000991821,
2023/06/28 14:44:20.000,-29.880001068115,
2023/06/28 14:44:38.000,-30.270000457764,
2023/06/28 14:44:45.000,-29.930000305176,
2023/06/28 14:45:19.000,-30.290000915527,
2023/06/28 14:45:23.000,-30.610000610352,
2023/06/28 14:45:28.000,-30.260000228882,
2023/06/28 14:45:39.000,-30.870000839233,
2023/06/28 14:45:46.000,-31.25,
2023/06/28 14:45:57.000,-30.870000839233,
2023/06/28 14:45:58.000,-31.210000991821,
2023/06/28 14:46:16.000,-30.85000038147,
2023/06/28 14:46:26.000,-30.5,
2023/06/28 14:46:31.000,-30.040000915527,
2023/06/28 14:46:47.000,-30.380001068115,
2023/06/28 14:46:52.000,-30.890001296997,
2023/06/28 14:47:02.000,-31.35000038147,
2023/06/28 14:47:04.000,-30.960000991821,
2023/06/28 14:47:20.000,-30.659999847412,
2023/06/28 14:47:22.000,-30.970001220703,
2023/06/28 14:47:29.000,-30.579999923706,
2023/06/28 14:47:33.000,-30.909999847412,
2023/06/28 14:47:45.000,-30.229999542236,
2023/06/28 14:48:00.000,-30.550001144409,
2023/06/28 14:49:04.000,-30.890001296997,
2023/06/28 14:49:06.000,-31.25,
2023/06/28 14:49:18.000,-31.610000610352,
2023/06/28 14:49:20.000,-31.25,
2023/06/28 14:49:22.000,-30.920000076294,
2023/06/28 14:49:33.000,-30.510000228882,
2023/06/28 14:49:44.000,-30.14999961853,
2023/06/28 14:49:50.000,-30.460000991821,
2023/06/28 14:49:53.000,-30.10000038147,
2023/06/28 14:49:57.000,-30.489999771118,
2023/06/28 14:50:03.000,-30.110000610352,
2023/06/28 14:50:23.000,-30.720001220703,
2023/06/28 14:50:26.000,-30.360000610352,
2023/06/28 14:50:34.000,-31.050001144409,
2023/06/28 14:50:43.000,-30.579999923706,
2023/06/28 14:50:44.000,-30.239999771118,
2023/06/28 14:50:53.000,-31,
2023/06/28 14:51:09.000,-30.630001068115,
2023/06/28 14:51:19.000,-30.290000915527,
2023/06/28 14:51:24.000,-30.659999847412,
2023/06/28 14:51:34.000,-30.329999923706,
2023/06/28 14:51:49.000,-30.810001373291,
2023/06/28 14:51:52.000,-30.280000686646,
2023/06/28 14:52:01.000,-30.620000839233,
2023/06/28 14:52:09.000,-31.140001296997,
2023/06/28 14:52:20.000,-30.829999923706,
2023/06/28 14:52:28.000,-30.39999961853,
2023/06/28 14:52:44.000,-31.020000457764,
2023/06/28 14:52:51.000,-30.670000076294,
2023/06/28 14:52:55.000,-30.360000610352,
2023/06/28 14:53:31.000,-30.710000991821,
2023/06/28 14:53:51.000,-30.290000915527,
2023/06/28 14:53:57.000,-31.120000839233,
2023/06/28 14:54:07.000,-31.640001296997,
2023/06/28 14:54:10.000,-31.340000152588,
2023/06/28 14:54:12.000,-31.680000305176,
2023/06/28 14:54:16.000,-31.329999923706,
2023/06/28 14:54:18.000,-31.720001220703,
2023/06/28 14:54:55.000,-31.370000839233,
2023/06/28 14:55:02.000,-31.050001144409,
2023/06/28 14:55:08.000,-30.489999771118,
2023/06/28 14:55:22.000,-30.14999961853,
2023/06/28 14:55:24.000,-30.470001220703,
2023/06/28 14:55:27.000,-30.14999961853,
2023/06/28 14:55:30.000,-30.470001220703,
2023/06/28 14:55:38.000,-30.079999923706,
2023/06/28 14:55:47.000,-30.390001296997,
2023/06/28 14:56:04.000,-30.030000686646,
2023/06/28 14:56:06.000,-30.470001220703,
2023/06/28 14:56:08.000,-30.159999847412,
2023/06/28 14:56:13.000,-30.5,
2023/06/28 14:56:34.000,-30.810001373291,
2023/06/28 14:56:34.680,-30.39999961853,
2023/06/28 14:56:54.000,-30.079999923706,
2023/06/28 14:57:00.000,-30.470001220703,
2023/06/28 14:57:21.000,-30.010000228882,
2023/06/28 14:57:25.000,-30.310001373291,
2023/06/28 14:57:43.000,-30.659999847412,
2023/06/28 14:57:47.000,-30.200000762939,
2023/06/28 14:57:49.000,-30.560001373291,
2023/06/28 14:57:55.000,-30.10000038147,
2023/06/28 14:58:00.000,-30.440000534058,
2023/06/28 14:58:11.000,-31.060001373291,
2023/06/28 14:58:29.000,-30.430000305176,
2023/06/28 14:58:49.000,-30.870000839233,
2023/06/28 14:58:54.000,-31.180000305176,
2023/06/28 14:59:04.000,-30.790000915527,
2023/06/28 14:59:12.000,-30.35000038147,
2023/06/28 14:59:14.000,-30.950000762939,
2023/06/28 14:59:16.000,-30.450000762939,
2023/06/28 14:59:19.000,-30.800001144409,
2023/06/28 14:59:22.000,-30.380001068115,
2023/06/28 14:59:34.000,-30.050001144409,
2023/06/28 14:59:37.000,-30.420000076294,
2023/06/28 14:59:37.710,-30.110000610352,
2023/06/28 14:59:48.000,-30.560001373291,
2023/06/28 14:59:53.000,-31.170000076294,
2023/06/28 14:59:55.000,-30.829999923706,
2023/06/28 14:59:57.000,-31.329999923706,
2023/06/28 15:00:04.000,-30.920000076294,
2023/06/28 15:00:06.000,-31.370000839233,
2023/06/28 15:00:07.000,-31.030000686646,
2023/06/28 15:00:09.000,-30.690000534058,
2023/06/28 15:00:17.000,-30.370000839233,
2023/06/28 15:00:32.000,-30.720001220703,
2023/06/28 15:00:42.000,-30.329999923706,
2023/06/28 15:00:51.000,-30.680000305176,
2023/06/28 15:01:03.000,-31.090000152588,
2023/06/28 15:01:10.000,-31.550001144409,
2023/06/28 15:01:19.000,-31.069999694824,
2023/06/28 15:01:23.000,-30.540000915527,
2023/06/28 15:01:37.000,-30.110000610352,
2023/06/28 15:01:39.000,-30.610000610352,
2023/06/28 15:02:00.000,-30.290000915527,
2023/06/28 15:02:08.000,-30.670000076294,
2023/06/28 15:02:19.000,-30.329999923706,
2023/06/28 15:02:33.000,-30.670000076294,
2023/06/28 15:02:35.000,-30.280000686646,
2023/06/28 15:02:39.000,-30.610000610352,
2023/06/28 15:02:45.000,-30.25,
2023/06/28 15:02:54.000,-29.920000076294,
2023/06/28 15:02:55.000,-30.300001144409,
2023/06/28 15:03:19.000,-30.85000038147,
2023/06/28 15:03:29.000,-30.319999694824,
2023/06/28 15:03:36.000,-30.630001068115,
2023/06/28 15:03:43.000,-31.060001373291,
2023/06/28 15:03:52.000,-30.710000991821,
2023/06/28 15:03:54.000,-31.060001373291,
2023/06/28 15:04:03.000,-30.75,
2023/06/28 15:04:19.000,-30.270000457764,
2023/06/28 15:04:21.000,-30.579999923706,
2023/06/28 15:04:25.000,-30.970001220703,
2023/06/28 15:04:32.000,-30.579999923706,
2023/06/28 15:04:38.000,-30.89999961853,
2023/06/28 15:04:43.000,-30.440000534058,
2023/06/28 15:04:47.000,-30.770000457764,
2023/06/28 15:04:54.000,-30.409999847412,
2023/06/28 15:04:55.000,-30.819999694824,
2023/06/28 15:04:56.000,-30.479999542236,
2023/06/28 15:04:58.000,-30.810001373291,
2023/06/28 15:05:02.000,-30.310001373291,
2023/06/28 15:05:05.000,-30.670000076294,
2023/06/28 15:05:07.000,-30.340000152588,
2023/06/28 15:05:10.000,-30.680000305176,
2023/06/28 15:05:24.000,-30.300001144409,
2023/06/28 15:05:26.000,-30.640001296997,
2023/06/28 15:05:32.000,-31.239999771118,
2023/06/28 15:05:35.000,-31.569999694824,
2023/06/28 15:05:40.000,-31.950000762939,
2023/06/28 15:05:50.000,-32.300003051758,
2023/06/28 15:05:54.000,-31.829999923706,
2023/06/28 15:05:55.000,-32.319999694824,
2023/06/28 15:06:00.000,-31.840000152588,
2023/06/28 15:06:01.000,-32.169998168945,
2023/06/28 15:06:14.000,-31.760000228882,
2023/06/28 15:06:16.000,-32.370002746582,
2023/06/28 15:06:17.000,-32,
2023/06/28 15:06:23.000,-31.409999847412,
2023/06/28 15:06:24.000,-31.739999771118,
2023/06/28 15:06:28.000,-31.270000457764,
2023/06/28 15:06:37.000,-30.840000152588,
2023/06/28 15:07:09.000,-31.159999847412,
2023/06/28 15:07:21.000,-31.479999542236,
2023/06/28 15:07:22.000,-31.069999694824,
2023/06/28 15:07:30.000,-30.659999847412,
2023/06/28 15:07:42.000,-30.319999694824,
2023/06/28 15:07:44.000,-30.770000457764,
2023/06/28 15:07:51.000,-30.310001373291,
2023/06/28 15:08:02.000,-30.64999961853,
2023/06/28 15:08:30.000,-30.329999923706,
2023/06/28 15:08:32.000,-30.819999694824,
2023/06/28 15:08:38.000,-31.200000762939,
2023/06/28 15:08:40.000,-30.790000915527,
2023/06/28 15:08:49.000,-31.220001220703,
2023/06/28 15:08:51.000,-30.840000152588,
2023/06/28 15:09:13.000,-30.489999771118,
2023/06/28 15:09:28.000,-30.930000305176,
2023/06/28 15:09:31.000,-31.25,
2023/06/28 15:09:33.000,-30.75,
2023/06/28 15:09:57.000,-30.409999847412,
2023/06/28 15:10:03.000,-30.760000228882,
2023/06/28 15:10:24.000,-31.190000534058,
2023/06/28 15:10:39.000,-30.810001373291,
2023/06/28 15:10:48.000,-31.170000076294,
2023/06/28 15:10:53.000,-31.559999465942,
2023/06/28 15:11:05.000,-31.200000762939,
2023/06/28 15:11:22.000,-30.819999694824,
2023/06/28 15:11:27.000,-31.319999694824,
2023/06/28 15:11:31.000,-31.720001220703,
2023/06/28 15:11:35.000,-31.380001068115,
2023/06/28 15:11:49.000,-30.970001220703,
2023/06/28 15:11:51.000,-31.319999694824,
2023/06/28 15:11:53.000,-30.989999771118,
2023/06/28 15:11:55.000,-31.390001296997,
2023/06/28 15:12:01.000,-30.89999961853,
2023/06/28 15:12:19.000,-30.5,
2023/06/28 15:12:33.000,-30.190000534058,
2023/06/28 15:12:38.000,-30.640001296997,
2023/06/28 15:12:43.000,-30.170000076294,
2023/06/28 15:12:47.000,-30.520000457764,
2023/06/28 15:13:11.000,-30.940000534058,
2023/06/28 15:13:13.000,-30.569999694824,
2023/06/28 15:13:17.000,-30.940000534058,
2023/06/28 15:13:23.000,-31.380001068115,
2023/06/28 15:13:25.000,-30.920000076294,
2023/06/28 15:13:28.000,-31.370000839233,
2023/06/28 15:13:30.000,-31.829999923706,
2023/06/28 15:13:32.000,-31.489999771118,
2023/06/28 15:13:36.000,-31.819999694824,
2023/06/28 15:13:46.000,-31.430000305176,
2023/06/28 15:13:59.000,-31.010000228882,
2023/06/28 15:14:01.000,-31.329999923706,
2023/06/28 15:14:02.000,-30.979999542236,
2023/06/28 15:14:04.000,-30.579999923706,
2023/06/28 15:14:12.000,-30.880001068115,
2023/06/28 15:14:14.000,-30.540000915527,
2023/06/28 15:14:20.000,-30.870000839233,
2023/06/28 15:14:24.000,-31.370000839233,
2023/06/28 15:14:27.000,-31.030000686646,
2023/06/28 15:14:31.000,-31.530000686646,
2023/06/28 15:14:35.000,-31.229999542236,
2023/06/28 15:14:39.000,-31.60000038147,
2023/06/28 15:14:44.000,-32.040000915527,
2023/06/28 15:14:46.000,-31.729999542236,
2023/06/28 15:15:07.000,-31.360000610352,
2023/06/28 15:15:10.000,-32.120002746582,
2023/06/28 15:15:12.000,-31.520000457764,
2023/06/28 15:15:20.000,-31.159999847412,
2023/06/28 15:15:27.000,-30.670000076294,
2023/06/28 15:15:33.000,-31.010000228882,
2023/06/28 15:15:38.000,-30.64999961853,
2023/06/28 15:15:44.000,-30.310001373291,
2023/06/28 15:15:47.000,-30.640001296997,
2023/06/28 15:15:48.000,-30.14999961853,
2023/06/28 15:15:51.000,-30.550001144409,
2023/06/28 15:16:12.000,-30.89999961853,
2023/06/28 15:16:16.000,-30.450000762939,
2023/06/28 15:16:20.000,-30.040000915527,
2023/06/28 15:16:21.000,-30.440000534058,
2023/06/28 15:16:23.000,-30.960000991821,
2023/06/28 15:16:25.000,-31.440000534058,
2023/06/28 15:16:28.000,-31.079999923706,
2023/06/28 15:16:30.000,-31.640001296997,
2023/06/28 15:16:36.000,-30.960000991821,
2023/06/28 15:16:42.000,-30.470001220703,
2023/06/28 15:16:50.000,-31.090000152588,
2023/06/28 15:16:59.000,-31.550001144409,
2023/06/28 15:17:01.000,-31.090000152588,
2023/06/28 15:17:04.000,-30.569999694824,
2023/06/28 15:17:17.000,-30.239999771118,
2023/06/28 15:17:23.000,-29.860000610352,
2023/06/28 15:17:25.000,-30.220001220703,
2023/06/28 15:17:29.000,-30.610000610352,
2023/06/28 15:17:33.000,-30.14999961853,
2023/06/28 15:17:35.000,-30.470001220703,
2023/06/28 15:17:51.000,-30.170000076294,
2023/06/28 15:18:05.000,-30.60000038147,
2023/06/28 15:18:10.000,-30.290000915527,
2023/06/28 15:18:20.000,-30.659999847412,
2023/06/28 15:18:38.000,-30.319999694824,
2023/06/28 15:18:41.000,-30.690000534058,
2023/06/28 15:18:49.000,-30.290000915527,
2023/06/28 15:19:19.000,-30.860000610352,
2023/06/28 15:19:22.000,-31.239999771118,
2023/06/28 15:19:25.000,-30.670000076294,
2023/06/28 15:19:25.730,-30.989999771118,
2023/06/28 15:19:28.000,-31.460000991821,
2023/06/28 15:19:39.000,-31.120000839233,
2023/06/28 15:19:43.000,-31.530000686646,
2023/06/28 15:19:46.000,-31.890001296997,
2023/06/28 15:19:54.000,-31.5,
2023/06/28 15:20:02.000,-31.890001296997,
2023/06/28 15:20:04.000,-31.579999923706,
2023/06/28 15:20:10.000,-31.880001068115,
2023/06/28 15:20:15.000,-31.530000686646,
2023/06/28 15:20:26.000,-31.180000305176,
2023/06/28 15:20:41.000,-30.75,
2023/06/28 15:21:08.000,-30.300001144409,
2023/06/28 15:21:19.000,-30.620000839233,
2023/06/28 15:21:21.000,-30.280000686646,
2023/06/28 15:21:24.000,-30.739999771118,
2023/06/28 15:22:00.000,-31.390001296997,
2023/06/28 15:22:02.000,-31.079999923706,
2023/06/28 15:22:09.000,-30.760000228882,
2023/06/28 15:22:11.000,-30.270000457764,
2023/06/28 15:22:12.000,-30.610000610352,
2023/06/28 15:22:19.000,-30.920000076294,
2023/06/28 15:22:20.000,-30.530000686646,
2023/06/28 15:22:21.000,-30.909999847412,
2023/06/28 15:22:29.000,-30.35000038147,
2023/06/28 15:22:38.000,-30.85000038147,
2023/06/28 15:22:42.000,-30.479999542236,
2023/06/28 15:22:43.000,-30.790000915527,
2023/06/28 15:23:01.000,-31.409999847412,
2023/06/28 15:23:02.000,-30.819999694824,
2023/06/28 15:23:05.000,-31.180000305176,
2023/06/28 15:23:08.000,-30.790000915527,
2023/06/28 15:23:14.000,-31.380001068115,
2023/06/28 15:23:23.000,-31.720001220703,
2023/06/28 15:23:43.000,-31.360000610352,
2023/06/28 15:23:46.000,-31.840000152588,
2023/06/28 15:23:49.000,-31.409999847412,
2023/06/28 15:23:50.000,-31.809999465942,
2023/06/28 15:23:54.000,-31.409999847412,
2023/06/28 15:24:08.000,-31.079999923706,
2023/06/28 15:24:14.000,-30.550001144409,
2023/06/28 15:24:32.000,-31.140001296997,
2023/06/28 15:24:36.000,-31.470001220703,
2023/06/28 15:24:46.000,-30.819999694824,
2023/06/28 15:24:48.000,-31.220001220703,
2023/06/28 15:24:53.000,-30.819999694824,
2023/06/28 15:25:06.000,-30.489999771118,
2023/06/28 15:25:10.000,-30.920000076294,
2023/06/28 15:25:14.000,-31.5,
2023/06/28 15:25:33.000,-30.979999542236,
2023/06/28 15:25:34.000,-31.329999923706,
2023/06/28 15:25:43.000,-30.690000534058,
2023/06/28 15:25:45.000,-31.030000686646,
2023/06/28 15:25:49.000,-31.430000305176,
2023/06/28 15:25:57.000,-31.10000038147,
2023/06/28 15:25:59.000,-30.75,
2023/06/28 15:26:01.000,-31.210000991821,
2023/06/28 15:26:02.000,-30.819999694824,
2023/06/28 15:26:06.000,-31.210000991821,
2023/06/28 15:26:08.000,-30.870000839233,
2023/06/28 15:26:14.000,-30.569999694824,
2023/06/28 15:26:17.000,-30.880001068115,
2023/06/28 15:26:22.000,-30.5,
2023/06/28 15:26:36.000,-30.880001068115,
2023/06/28 15:26:37.000,-30.319999694824,
2023/06/28 15:26:44.000,-30.810001373291,
2023/06/28 15:26:46.000,-30.370000839233,
2023/06/28 15:26:47.000,-30.770000457764,
2023/06/28 15:26:50.000,-30.14999961853,
2023/06/28 15:26:51.000,-30.489999771118,
2023/06/28 15:26:59.000,-30.989999771118,
2023/06/28 15:27:00.000,-31.380001068115,
2023/06/28 15:27:08.000,-31.069999694824,
2023/06/28 15:27:12.000,-30.75,
2023/06/28 15:27:16.000,-31.050001144409,
2023/06/28 15:27:23.000,-31.390001296997,
2023/06/28 15:27:32.000,-31.770000457764,
2023/06/28 15:27:40.000,-32.120002746582,
2023/06/28 15:27:55.000,-31.64999961853,
2023/06/28 15:27:56.000,-32.029998779297,
2023/06/28 15:28:05.000,-31.530000686646,
2023/06/28 15:28:13.000,-31.010000228882,
2023/06/28 15:28:18.000,-30.489999771118,
2023/06/28 15:28:34.000,-30.829999923706,
2023/06/28 15:28:59.000,-30.520000457764,
2023/06/28 15:29:10.000,-30.860000610352,
2023/06/28 15:29:11.000,-30.540000915527,
2023/06/28 15:29:17.000,-30.960000991821,
2023/06/28 15:29:18.000,-30.569999694824,
2023/06/28 15:29:46.000,-30.960000991821,
2023/06/28 15:29:58.000,-30.510000228882,
2023/06/28 15:29:58.750,-31.110000610352,
2023/06/28 15:30:00.000,-30.659999847412,
2023/06/28 15:30:02.000,-30.270000457764,
2023/06/28 15:30:03.000,-30.870000839233,
2023/06/28 15:30:05.000,-30.540000915527,
2023/06/28 15:30:06.000,-30.960000991821,
2023/06/28 15:30:15.000,-30.610000610352,
2023/06/28 15:30:49.000,-31.120000839233,
2023/06/28 15:30:52.000,-30.670000076294,
2023/06/28 15:30:54.000,-31.159999847412,
2023/06/28 15:30:58.000,-31.610000610352,
2023/06/28 15:31:08.000,-32.209999084473,
2023/06/28 15:31:11.000,-31.690000534058,
2023/06/28 15:31:14.000,-32.029998779297,
2023/06/28 15:31:34.000,-31.610000610352,
2023/06/28 15:31:35.000,-31.979999542236,
2023/06/28 15:31:44.000,-32.300003051758,
2023/06/28 15:31:47.000,-31.85000038147,
2023/06/28 15:32:00.000,-32.190002441406,
2023/06/28 15:32:09.000,-31.729999542236,
2023/06/28 15:32:24.000,-31.380001068115,
2023/06/28 15:32:33.000,-30.979999542236,
2023/06/28 15:32:48.000,-31.409999847412,
2023/06/28 15:32:50.000,-30.950000762939,
2023/06/28 15:32:58.000,-30.60000038147,
2023/06/28 15:32:59.000,-30.920000076294,
2023/06/28 15:33:01.000,-30.530000686646,
2023/06/28 15:33:03.000,-30.880001068115,
2023/06/28 15:33:17.000,-30.569999694824,
2023/06/28 15:33:30.000,-31.010000228882,
2023/06/28 15:33:49.000,-30.479999542236,
2023/06/28 15:33:58.000,-30.790000915527,
2023/06/28 15:34:08.000,-30.479999542236,
2023/06/28 15:34:13.000,-31.010000228882,
2023/06/28 15:34:18.000,-30.560001373291,
2023/06/28 15:34:35.000,-31.020000457764,
2023/06/28 15:34:40.000,-30.5,
2023/06/28 15:34:42.000,-31.130001068115,
2023/06/28 15:34:47.000,-30.670000076294,
2023/06/28 15:34:52.000,-31.110000610352,
2023/06/28 15:35:01.000,-30.700000762939,
2023/06/28 15:35:01.610,-31.050001144409,
2023/06/28 15:35:03.000,-30.690000534058,
2023/06/28 15:35:15.000,-31.020000457764,
2023/06/28 15:35:17.000,-30.700000762939,
2023/06/28 15:35:22.000,-31.079999923706,
2023/06/28 15:35:31.000,-30.569999694824,
2023/06/28 15:35:45.000,-31.239999771118,
2023/06/28 15:35:46.000,-30.780000686646,
2023/06/28 15:35:57.000,-30.35000038147,
2023/06/28 15:35:59.000,-30.960000991821,
2023/06/28 15:36:01.000,-31.300001144409,
2023/06/28 15:36:07.000,-30.870000839233,
2023/06/28 15:36:08.000,-30.530000686646,
2023/06/28 15:36:09.000,-31.200000762939,
2023/06/28 15:36:12.000,-31.550001144409,
2023/06/28 15:36:21.000,-32.01000213623,
2023/06/28 15:36:30.000,-31.550001144409,
2023/06/28 15:36:43.000,-31.200000762939,
2023/06/28 15:36:47.000,-30.85000038147,
2023/06/28 15:36:51.000,-30.479999542236,
2023/06/28 15:36:53.000,-30.85000038147,
2023/06/28 15:37:09.000,-30.530000686646,
2023/06/28 15:37:14.000,-30.85000038147,
2023/06/28 15:37:16.000,-30.510000228882,
2023/06/28 15:37:18.000,-31.010000228882,
2023/06/28 15:37:24.000,-30.670000076294,
2023/06/28 15:37:26.000,-31.079999923706,
2023/06/28 15:37:40.000,-30.670000076294,
2023/06/28 15:37:53.000,-30.360000610352,
2023/06/28 15:37:55.000,-30.810001373291,
2023/06/28 15:37:59.000,-30.229999542236,
2023/06/28 15:38:01.000,-30.790000915527,
2023/06/28 15:38:10.000,-30.440000534058,
2023/06/28 15:38:12.000,-30.960000991821,
2023/06/28 15:38:16.000,-30.510000228882,
2023/06/28 15:38:20.000,-30.829999923706,
2023/06/28 15:38:29.000,-30.520000457764,
2023/06/28 15:38:33.000,-30.210000991821,
2023/06/28 15:38:35.000,-30.860000610352,
2023/06/28 15:38:37.000,-31.220001220703,
2023/06/28 15:38:38.000,-31.659999847412,
2023/06/28 15:38:58.000,-31.229999542236,
2023/06/28 15:39:03.000,-31.60000038147,
2023/06/28 15:39:17.000,-31.260000228882,
2023/06/28 15:39:29.000,-31.829999923706,
2023/06/28 15:39:51.000,-31.309999465942,
2023/06/28 15:40:00.000,-31.610000610352,
2023/06/28 15:40:01.000,-31.960000991821,
2023/06/28 15:40:21.000,-31.64999961853,
2023/06/28 15:40:26.000,-31.340000152588,
2023/06/28 15:40:29.000,-30.950000762939,
2023/06/28 15:41:00.000,-31.300001144409,
2023/06/28 15:41:02.000,-30.909999847412,
2023/06/28 15:41:08.000,-30.60000038147,
2023/06/28 15:41:32.000,-30.970001220703,
2023/06/28 15:41:40.000,-30.530000686646,
2023/06/28 15:41:41.000,-30.970001220703,
2023/06/28 15:41:43.000,-30.60000038147,
2023/06/28 15:42:22.000,-30.960000991821,
2023/06/28 15:42:24.000,-31.270000457764,
2023/06/28 15:42:28.000,-30.909999847412,
2023/06/28 15:42:36.000,-30.579999923706,
2023/06/28 15:42:39.000,-30.950000762939,
2023/06/28 15:42:48.000,-30.60000038147,
2023/06/28 15:42:59.000,-30.069999694824,
2023/06/28 15:43:01.000,-30.530000686646,
2023/06/28 15:43:13.000,-30.870000839233,
2023/06/28 15:43:24.000,-30.510000228882,
2023/06/28 15:43:25.000,-30.890001296997,
2023/06/28 15:43:31.000,-31.319999694824,
2023/06/28 15:43:40.000,-30.860000610352,
2023/06/28 15:43:51.000,-30.420000076294,
2023/06/28 15:44:07.000,-30.810001373291,
2023/06/28 15:44:15.000,-31.180000305176,
2023/06/28 15:44:20.000,-30.829999923706,
2023/06/28 15:44:39.000,-31.220001220703,
2023/06/28 15:44:41.000,-30.870000839233,
2023/06/28 15:45:24.000,-31.280000686646,
2023/06/28 15:45:31.000,-30.950000762939,
2023/06/28 15:45:32.000,-31.430000305176,
2023/06/28 15:45:37.000,-31.090000152588,
2023/06/28 15:45:43.000,-30.760000228882,
2023/06/28 15:45:53.000,-31.079999923706,
2023/06/28 15:45:55.000,-30.690000534058,
2023/06/28 15:46:01.000,-31.10000038147,
2023/06/28 15:46:03.000,-30.780000686646,
2023/06/28 15:46:04.000,-31.140001296997,
2023/06/28 15:46:11.000,-30.770000457764,
2023/06/28 15:46:20.000,-31.190000534058,
2023/06/28 15:46:27.000,-31.510000228882,
2023/06/28 15:46:46.000,-31.200000762939,
2023/06/28 15:46:51.000,-31.630001068115,
2023/06/28 15:47:01.000,-31.329999923706,
2023/06/28 15:47:02.000,-31.659999847412,
2023/06/28 15:47:03.000,-31.319999694824,
2023/06/28 15:47:13.000,-30.940000534058,
2023/06/28 15:47:15.000,-31.25,
2023/06/28 15:47:16.000,-30.870000839233,
2023/06/28 15:47:24.000,-31.280000686646,
2023/06/28 15:47:31.000,-30.670000076294,
2023/06/28 15:47:34.000,-31.060001373291,
2023/06/28 15:47:42.000,-30.75,
2023/06/28 15:47:52.000,-31.10000038147,
2023/06/28 15:47:58.000,-30.780000686646,
2023/06/28 15:48:18.000,-31.180000305176,
2023/06/28 15:48:23.000,-30.60000038147,
2023/06/28 15:48:25.000,-30.930000305176,
2023/06/28 15:48:54.000,-31.290000915527,
2023/06/28 15:49:02.000,-30.940000534058,
2023/06/28 15:49:06.000,-31.319999694824,
2023/06/28 15:49:08.000,-31.630001068115,
2023/06/28 15:49:18.000,-31.210000991821,
2023/06/28 15:49:30.000,-30.710000991821,
2023/06/28 15:49:37.000,-31.170000076294,
2023/06/28 15:49:40.000,-30.670000076294,
2023/06/28 15:49:55.000,-31.130001068115,
2023/06/28 15:49:59.000,-30.5,
2023/06/28 15:50:04.000,-31.140001296997,
2023/06/28 15:50:12.000,-30.739999771118,
2023/06/28 15:50:46.000,-31.200000762939,
2023/06/28 15:50:49.000,-30.760000228882,
2023/06/28 15:51:09.000,-30.450000762939,
2023/06/28 15:51:11.000,-30.880001068115,
2023/06/28 15:51:25.000,-31.210000991821,
2023/06/28 15:51:30.000,-30.860000610352,
2023/06/28 15:52:08.000,-31.200000762939,
2023/06/28 15:52:10.000,-30.75,
2023/06/28 15:52:35.000,-31.420000076294,
2023/06/28 15:52:47.000,-30.950000762939,
2023/06/28 15:53:03.000,-31.35000038147,
2023/06/28 15:53:06.000,-31.720001220703,
2023/06/28 15:53:17.000,-31.340000152588,
2023/06/28 15:53:27.000,-30.800001144409,
2023/06/28 15:53:32.000,-31.170000076294,
2023/06/28 15:53:35.000,-31.630001068115,
2023/06/28 15:53:36.000,-31.290000915527,
2023/06/28 15:53:42.000,-30.89999961853,
2023/06/28 15:53:44.000,-31.239999771118,
2023/06/28 15:53:51.000,-30.870000839233,
2023/06/28 15:53:53.000,-31.210000991821,
2023/06/28 15:54:00.000,-30.880001068115,
2023/06/28 15:54:10.000,-31.190000534058,
2023/06/28 15:54:18.000,-30.700000762939,
2023/06/28 15:54:38.000,-31.060001373291,
2023/06/28 15:54:45.000,-30.690000534058,
2023/06/28 15:54:45.920,-31.060001373291,
2023/06/28 15:54:57.000,-30.489999771118,
2023/06/28 15:55:01.000,-30.960000991821,
2023/06/28 15:55:02.000,-30.520000457764,
2023/06/28 15:55:16.000,-30.829999923706,
2023/06/28 15:55:22.000,-30.319999694824,
2023/06/28 15:55:27.000,-30.890001296997,
2023/06/28 15:55:32.000,-30.479999542236,
2023/06/28 15:55:38.000,-30.810001373291,
2023/06/28 15:55:46.000,-31.200000762939,
2023/06/28 15:55:49.000,-30.860000610352,
2023/06/28 15:55:51.000,-31.170000076294,
2023/06/28 15:55:57.000,-30.680000305176,
2023/06/28 15:55:59.000,-31,
2023/06/28 15:56:25.000,-30.520000457764,
2023/06/28 15:56:29.000,-31.110000610352,
2023/06/28 15:56:43.000,-31.670000076294,
2023/06/28 15:56:46.000,-32.01000213623,
2023/06/28 15:56:59.000,-31.700000762939,
2023/06/28 15:57:01.000,-32.190002441406,
2023/06/28 15:57:16.000,-31.829999923706,
2023/06/28 15:57:17.000,-32.190002441406,
2023/06/28 15:57:46.000,-31.890001296997,
2023/06/28 15:57:52.000,-32.370002746582,
2023/06/28 15:57:54.000,-32.029998779297,
2023/06/28 15:58:17.000,-31.720001220703,
2023/06/28 15:58:22.000,-31.260000228882,
2023/06/28 15:58:32.000,-30.819999694824,
2023/06/28 15:58:45.000,-31.180000305176,
2023/06/28 15:58:53.000,-30.760000228882,
2023/06/28 15:58:58.000,-30.440000534058,
2023/06/28 15:59:08.000,-30.810001373291,
2023/06/28 15:59:10.000,-30.35000038147,
2023/06/28 15:59:12.000,-30.770000457764,
2023/06/28 15:59:16.000,-30.440000534058,
2023/06/28 15:59:18.000,-30.790000915527,
2023/06/28 15:59:30.000,-31.140001296997,
2023/06/28 15:59:32.000,-30.700000762939,
2023/06/28 15:59:53.000,-31.10000038147,
2023/06/28 15:59:56.000,-31.430000305176,
2023/06/28 16:00:00.000,-31.780000686646,
2023/06/28 16:00:12.000,-31.340000152588,
2023/06/28 16:00:21.000,-30.710000991821,
2023/06/28 16:00:22.000,-30.319999694824,
2023/06/28 16:00:23.000,-30.840000152588,
2023/06/28 16:00:40.000,-31.25,
2023/06/28 16:00:42.000,-31.60000038147,
2023/06/28 16:00:50.000,-31.290000915527,
2023/06/28 16:01:03.000,-31.760000228882,
2023/06/28 16:01:17.000,-31.319999694824,
2023/06/28 16:01:35.000,-30.960000991821,
2023/06/28 16:01:41.000,-30.569999694824,
2023/06/28 16:01:47.000,-30.89999961853,
2023/06/28 16:01:50.000,-30.530000686646,
2023/06/28 16:02:07.000,-30.930000305176,
2023/06/28 16:02:09.000,-31.290000915527,
2023/06/28 16:02:11.000,-30.700000762939,
2023/06/28 16:02:23.000,-31.190000534058,
2023/06/28 16:02:24.000,-30.85000038147,
2023/06/28 16:02:46.000,-31.180000305176,
2023/06/28 16:02:47.000,-30.819999694824,
2023/06/28 16:02:59.000,-30.360000610352,
2023/06/28 16:03:01.000,-30.940000534058,
2023/06/28 16:03:03.000,-30.550001144409,
2023/06/28 16:03:07.000,-30.880001068115,
2023/06/28 16:03:11.000,-30.569999694824,
2023/06/28 16:03:16.000,-30.970001220703,
2023/06/28 16:03:25.000,-30.620000839233,
2023/06/28 16:03:40.000,-31.020000457764,
2023/06/28 16:03:52.000,-30.659999847412,
2023/06/28 16:04:09.000,-31.060001373291,
2023/06/28 16:04:13.000,-30.659999847412,
2023/06/28 16:04:15.000,-31.030000686646,
2023/06/28 16:04:17.000,-30.700000762939,
2023/06/28 16:04:18.000,-31.090000152588,
2023/06/28 16:04:24.000,-31.39999961853,
2023/06/28 16:04:29.000,-30.960000991821,
2023/06/28 16:04:35.000,-30.60000038147,
2023/06/28 16:04:36.000,-30.950000762939,
2023/06/28 16:04:44.000,-31.280000686646,
2023/06/28 16:04:45.000,-30.979999542236,
2023/06/28 16:05:05.000,-30.579999923706,
2023/06/28 16:05:09.000,-30.970001220703,
2023/06/28 16:05:11.000,-31.340000152588,
2023/06/28 16:05:13.000,-31.640001296997,
2023/06/28 16:05:14.000,-31.290000915527,
2023/06/28 16:05:19.000,-31.710000991821,
2023/06/28 16:05:35.000,-31.39999961853,
2023/06/28 16:05:43.000,-31.069999694824,
2023/06/28 16:06:01.000,-30.739999771118,
2023/06/28 16:06:05.000,-31.200000762939,
2023/06/28 16:06:16.000,-30.690000534058,
2023/06/28 16:06:22.000,-31.010000228882,
2023/06/28 16:06:29.000,-30.620000839233,
2023/06/28 16:06:31.000,-30.970001220703,
2023/06/28 16:06:41.000,-30.610000610352,
2023/06/28 16:06:48.000,-30.950000762939,
2023/06/28 16:06:56.000,-30.64999961853,
2023/06/28 16:07:12.000,-31.030000686646,
2023/06/28 16:07:17.000,-30.640001296997,
2023/06/28 16:07:21.000,-31.050001144409,
2023/06/28 16:07:22.000,-30.680000305176,
2023/06/28 16:07:24.000,-31.010000228882,
2023/06/28 16:07:28.000,-30.690000534058,
2023/06/28 16:07:47.000,-31.020000457764,
2023/06/28 16:07:54.000,-30.479999542236,
2023/06/28 16:08:18.000,-30.800001144409,
2023/06/28 16:08:32.000,-31.409999847412,
2023/06/28 16:08:41.000,-31.770000457764,
2023/06/28 16:08:57.000,-31.420000076294,
2023/06/28 16:09:04.000,-30.960000991821,
2023/06/28 16:09:18.000,-31.409999847412,
2023/06/28 16:09:21.000,-31.050001144409,
2023/06/28 16:09:24.000,-31.390001296997,
2023/06/28 16:09:25.000,-30.739999771118,
2023/06/28 16:09:26.000,-31.050001144409,
2023/06/28 16:09:43.000,-30.729999542236,
2023/06/28 16:10:16.000,-31.280000686646,
2023/06/28 16:10:16.890,-31.610000610352,
2023/06/28 16:10:31.000,-31.239999771118,
2023/06/28 16:10:37.000,-30.930000305176,
2023/06/28 16:11:02.000,-31.5,
2023/06/28 16:11:09.000,-31.85000038147,
2023/06/28 16:11:33.000,-31.420000076294,
2023/06/28 16:11:42.000,-31.060001373291,
2023/06/28 16:11:43.000,-31.390001296997,
2023/06/28 16:11:44.000,-31.020000457764,
2023/06/28 16:11:51.000,-30.64999961853,
2023/06/28 16:12:00.000,-31.020000457764,
2023/06/28 16:12:07.000,-30.64999961853,
2023/06/28 16:12:16.000,-30.319999694824,
2023/06/28 16:12:19.000,-30.700000762939,
2023/06/28 16:12:31.000,-31.090000152588,
2023/06/28 16:12:32.000,-30.770000457764,
2023/06/28 16:12:38.000,-31.110000610352,
2023/06/28 16:12:40.000,-31.450000762939,
2023/06/28 16:12:41.000,-31.10000038147,
2023/06/28 16:12:57.000,-30.75,
2023/06/28 16:12:58.000,-31.170000076294,
2023/06/28 16:13:05.000,-31.550001144409,
2023/06/28 16:13:19.000,-31.239999771118,
2023/06/28 16:13:28.000,-30.819999694824,
2023/06/28 16:13:30.000,-31.200000762939,
2023/06/28 16:13:34.000,-30.829999923706,
2023/06/28 16:13:49.000,-31.200000762939,
2023/06/28 16:13:53.000,-31.780000686646,
2023/06/28 16:13:58.000,-32.330001831055,
2023/06/28 16:14:09.000,-32.01000213623,
2023/06/28 16:14:45.000,-31.710000991821,
2023/06/28 16:14:55.000,-31.130001068115,
2023/06/28 16:14:59.000,-30.760000228882,
2023/06/28 16:15:11.000,-31.280000686646,
2023/06/28 16:15:17.000,-30.940000534058,
2023/06/28 16:15:31.000,-30.590000152588,
2023/06/28 16:15:40.000,-30.960000991821,
2023/06/28 16:15:45.000,-30.64999961853,
2023/06/28 16:15:56.000,-31.020000457764,
2023/06/28 16:15:57.000,-30.700000762939,
2023/06/28 16:16:06.000,-31.270000457764,
2023/06/28 16:16:09.000,-31.690000534058,
2023/06/28 16:16:28.000,-31.210000991821,
2023/06/28 16:16:32.000,-30.89999961853,
2023/06/28 16:16:39.000,-31.329999923706,
2023/06/28 16:16:41.000,-30.960000991821,
2023/06/28 16:16:47.000,-30.620000839233,
2023/06/28 16:16:58.000,-30.960000991821,
2023/06/28 16:16:59.000,-31.300001144409,
2023/06/28 16:17:01.000,-31.610000610352,
2023/06/28 16:17:05.000,-31.960000991821,
2023/06/28 16:17:15.000,-32.309997558594,
2023/06/28 16:17:24.000,-31.979999542236,
2023/06/28 16:17:38.000,-32.330001831055,
2023/06/28 16:17:43.000,-31.960000991821,
2023/06/28 16:17:44.000,-32.319999694824,
2023/06/28 16:17:49.000,-31.950000762939,
2023/06/28 16:18:03.000,-31.559999465942,
2023/06/28 16:18:05.000,-31.920000076294,
2023/06/28 16:18:06.000,-31.479999542236,
2023/06/28 16:18:20.000,-31.840000152588,
2023/06/28 16:18:21.000,-31.479999542236,
2023/06/28 16:18:25.000,-31.130001068115,
2023/06/28 16:18:27.000,-31.569999694824,
2023/06/28 16:18:29.000,-31.239999771118,
2023/06/28 16:18:30.000,-31.680000305176,
2023/06/28 16:18:42.000,-31.280000686646,
2023/06/28 16:18:45.000,-31.640001296997,
2023/06/28 16:18:47.000,-31.950000762939,
2023/06/28 16:18:54.000,-31.540000915527,
2023/06/28 16:18:56.000,-31.200000762939,
2023/06/28 16:19:05.000,-31.800001144409,
2023/06/28 16:19:08.000,-32.169998168945,
2023/06/28 16:19:23.000,-31.819999694824,
2023/06/28 16:19:28.000,-31.479999542236,
2023/06/28 16:19:45.000,-31.130001068115,
2023/06/28 16:19:55.000,-31.510000228882,
2023/06/28 16:19:57.000,-30.979999542236,
2023/06/28 16:20:05.000,-31.300001144409,
2023/06/28 16:20:10.000,-30.950000762939,
2023/06/28 16:20:35.000,-31.340000152588,
2023/06/28 16:20:37.000,-31.739999771118,
2023/06/28 16:20:47.000,-31.25,
2023/06/28 16:20:56.000,-30.819999694824,
2023/06/28 16:20:59.000,-31.220001220703,
2023/06/28 16:21:01.000,-30.780000686646,
2023/06/28 16:21:04.000,-31.10000038147,
2023/06/28 16:21:11.000,-30.790000915527,
2023/06/28 16:21:35.000,-31.170000076294,
2023/06/28 16:21:41.000,-30.729999542236,
2023/06/28 16:21:43.000,-31.340000152588,
2023/06/28 16:21:45.000,-30.989999771118,
2023/06/28 16:21:50.000,-31.290000915527,
2023/06/28 16:21:54.000,-30.920000076294,
2023/06/28 16:22:06.000,-31.340000152588,
2023/06/28 16:22:07.000,-31.020000457764,
2023/06/28 16:22:15.000,-30.690000534058,
2023/06/28 16:22:24.000,-31.010000228882,
2023/06/28 16:22:31.000,-30.659999847412,
2023/06/28 16:22:44.000,-31.130001068115,
2023/06/28 16:22:47.000,-31.890001296997,
2023/06/28 16:22:56.000,-32.309997558594,
2023/06/28 16:22:59.000,-31.829999923706,
2023/06/28 16:23:03.000,-31.420000076294,
2023/06/28 16:23:08.000,-31.10000038147,
2023/06/28 16:23:12.000,-31.420000076294,
2023/06/28 16:23:18.000,-31.10000038147,
2023/06/28 16:23:56.000,-30.780000686646,
2023/06/28 16:23:58.000,-31.300001144409,
2023/06/28 16:24:09.000,-30.909999847412,
2023/06/28 16:24:21.000,-31.559999465942,
2023/06/28 16:24:21.760,-31.890001296997,
2023/06/28 16:24:43.000,-31.450000762939,
2023/06/28 16:24:50.000,-31.040000915527,
2023/06/28 16:24:57.000,-31.390001296997,
2023/06/28 16:24:59.000,-31.050001144409,
2023/06/28 16:25:08.000,-31.430000305176,
2023/06/28 16:25:15.000,-31.069999694824,
2023/06/28 16:25:23.000,-31.520000457764,
2023/06/28 16:25:36.000,-31.090000152588,
2023/06/28 16:25:45.000,-30.75,
2023/06/28 16:25:57.000,-31.35000038147,
2023/06/28 16:26:00.000,-31.809999465942,
2023/06/28 16:26:06.000,-32.180000305176,
2023/06/28 16:26:38.000,-31.620000839233,
2023/06/28 16:26:40.000,-31.960000991821,
2023/06/28 16:26:41.000,-31.340000152588,
2023/06/28 16:26:50.000,-31.020000457764,
2023/06/28 16:27:06.000,-30.659999847412,
2023/06/28 16:27:12.000,-31.159999847412,
2023/06/28 16:27:23.000,-31.640001296997,
2023/06/28 16:27:27.000,-31.319999694824,
2023/06/28 16:27:30.000,-31.640001296997,
2023/06/28 16:27:32.000,-31.069999694824,
2023/06/28 16:27:41.000,-31.420000076294,
2023/06/28 16:27:57.000,-31.780000686646,
2023/06/28 16:28:05.000,-32.139999389648,
2023/06/28 16:28:05.850,-31.489999771118,
2023/06/28 16:28:12.000,-31.950000762939,
2023/06/28 16:28:14.000,-31.360000610352,
2023/06/28 16:28:29.000,-30.940000534058,
2023/06/28 16:29:02.000,-31.270000457764,
2023/06/28 16:29:07.000,-30.870000839233,
2023/06/28 16:29:24.000,-30.520000457764,
2023/06/28 16:29:39.000,-30.950000762939,
2023/06/28 16:30:01.000,-30.520000457764,
2023/06/28 16:30:02.000,-30.870000839233,
2023/06/28 16:30:11.000,-30.540000915527,
2023/06/28 16:30:25.000,-31.140001296997,
2023/06/28 16:30:27.000,-31.470001220703,
2023/06/28 16:30:32.000,-32.080001831055,
2023/06/28 16:30:48.000,-32.419998168945,
2023/06/28 16:30:50.000,-32.059997558594,
2023/06/28 16:31:13.000,-31.479999542236,
2023/06/28 16:31:15.000,-31.860000610352,
2023/06/28 16:31:35.000,-32.380001068115,
2023/06/28 16:31:35.930,-32.029998779297,
2023/06/28 16:31:59.000,-32.419998168945,
2023/06/28 16:32:01.000,-32.029998779297,
2023/06/28 16:32:15.000,-31.640001296997,
2023/06/28 16:32:24.000,-32.120002746582,
2023/06/28 16:32:25.000,-31.510000228882,
2023/06/28 16:32:32.000,-31.159999847412,
2023/06/28 16:32:38.000,-30.760000228882,
2023/06/28 16:32:42.000,-31.060001373291,
2023/06/28 16:32:43.000,-31.390001296997,
2023/06/28 16:32:45.000,-30.760000228882,
2023/06/28 16:32:48.000,-31.060001373291,
2023/06/28 16:32:54.000,-31.5,
2023/06/28 16:32:56.000,-31.14999961853,
2023/06/28 16:33:08.000,-31.620000839233,
2023/06/28 16:33:11.000,-32.080001831055,
2023/06/28 16:33:17.000,-31.770000457764,
2023/06/28 16:33:19.000,-31.040000915527,
2023/06/28 16:33:23.000,-31.360000610352,
2023/06/28 16:33:45.000,-30.800001144409,
2023/06/28 16:33:46.000,-31.300001144409,
2023/06/28 16:33:48.000,-30.970001220703,
2023/06/28 16:33:56.000,-31.340000152588,
2023/06/28 16:34:03.000,-31.030000686646,
2023/06/28 16:34:13.000,-30.700000762939,
2023/06/28 16:34:19.000,-31.14999961853,
2023/06/28 16:34:21.000,-30.670000076294,
2023/06/28 16:34:22.000,-30.970001220703,
2023/06/28 16:34:36.000,-30.520000457764,
2023/06/28 16:34:38.000,-30.970001220703,
2023/06/28 16:34:40.000,-30.489999771118,
2023/06/28 16:34:44.000,-31,
2023/06/28 16:35:01.000,-30.5,
2023/06/28 16:35:12.000,-30.960000991821,
2023/06/28 16:35:15.000,-30.5,
2023/06/28 16:35:19.000,-30.940000534058,
2023/06/28 16:35:47.000,-31.540000915527,
2023/06/28 16:35:54.000,-31.890001296997,
2023/06/28 16:36:08.000,-31.530000686646,
2023/06/28 16:36:18.000,-30.950000762939,
2023/06/28 16:36:22.000,-30.64999961853,
2023/06/28 16:36:28.000,-31.010000228882,
2023/06/28 16:36:30.000,-30.540000915527,
2023/06/28 16:36:31.000,-30.920000076294,
2023/06/28 16:36:33.000,-31.450000762939,
2023/06/28 16:36:49.000,-31.120000839233,
2023/06/28 16:36:57.000,-31.610000610352,
2023/06/28 16:37:09.000,-31.069999694824,
2023/06/28 16:37:18.000,-30.760000228882,
2023/06/28 16:37:28.000,-31.140001296997,
2023/06/28 16:37:32.000,-30.680000305176,
2023/06/28 16:37:38.000,-31.010000228882,
2023/06/28 16:37:48.000,-31.340000152588,
2023/06/28 16:38:05.000,-30.950000762939,
2023/06/28 16:38:15.000,-31.420000076294,
2023/06/28 16:38:22.000,-31.069999694824,
2023/06/28 16:38:45.000,-30.610000610352,
2023/06/28 16:38:53.000,-30.970001220703,
2023/06/28 16:39:03.000,-30.620000839233,
2023/06/28 16:39:06.000,-30.950000762939,
2023/06/28 16:39:09.000,-30.64999961853,
2023/06/28 16:39:16.000,-31.010000228882,
2023/06/28 16:39:19.000,-31.370000839233,
2023/06/28 16:39:32.000,-31.800001144409,
2023/06/28 16:39:45.000,-31.450000762939,
2023/06/28 16:39:47.000,-31.860000610352,
2023/06/28 16:39:51.000,-31.460000991821,
2023/06/28 16:39:54.000,-31.770000457764,
2023/06/28 16:39:59.000,-31.450000762939,
2023/06/28 16:39:59.980,-30.950000762939,
2023/06/28 16:40:02.000,-31.300001144409,
2023/06/28 16:40:11.000,-31.800001144409,
2023/06/28 16:40:32.000,-32.120002746582,
2023/06/28 16:40:35.000,-31.770000457764,
2023/06/28 16:40:50.000,-31.460000991821,
2023/06/28 16:40:52.000,-31.050001144409,
2023/06/28 16:41:19.000,-31.579999923706,
2023/06/28 16:41:20.000,-31.229999542236,
2023/06/28 16:41:22.000,-30.85000038147,
2023/06/28 16:41:25.000,-31.180000305176,
2023/06/28 16:41:30.000,-31.760000228882,
2023/06/28 16:41:35.000,-31.239999771118,
2023/06/28 16:41:40.000,-31.85000038147,
2023/06/28 16:41:51.000,-31.520000457764,
2023/06/28 16:41:52.000,-31.85000038147,
2023/06/28 16:42:04.000,-32.279998779297,
2023/06/28 16:42:05.000,-31.930000305176,
2023/06/28 16:42:05.690,-32.440002441406,
2023/06/28 16:42:11.000,-31.940000534058,
2023/06/28 16:42:18.000,-32.330001831055,
2023/06/28 16:42:26.000,-31.760000228882,
2023/06/28 16:42:37.000,-31.440000534058,
2023/06/28 16:42:40.000,-31.069999694824,
2023/06/28 16:42:42.000,-31.390001296997,
2023/06/28 16:42:48.000,-31.720001220703,
2023/06/28 16:42:56.000,-31.39999961853,
2023/06/28 16:43:02.000,-30.989999771118,
2023/06/28 16:43:16.000,-31.35000038147,
2023/06/28 16:43:22.000,-31.819999694824,
2023/06/28 16:43:24.000,-31.420000076294,
2023/06/28 16:43:32.000,-31.090000152588,
2023/06/28 16:43:36.000,-31.520000457764,
2023/06/28 16:43:39.000,-31.030000686646,
2023/06/28 16:44:01.000,-30.569999694824,
2023/06/28 16:44:03.000,-30.890001296997,
2023/06/28 16:44:15.000,-30.35000038147,
2023/06/28 16:44:16.000,-30.810001373291,
2023/06/28 16:44:22.000,-31.190000534058,
2023/06/28 16:44:24.000,-30.860000610352,
2023/06/28 16:44:42.000,-30.530000686646,
2023/06/28 16:44:50.000,-30.950000762939,
2023/06/28 16:45:24.000,-31.290000915527,
2023/06/28 16:45:26.000,-30.989999771118,
2023/06/28 16:45:43.000,-30.610000610352,
2023/06/28 16:45:57.000,-30.930000305176,
2023/06/28 16:46:53.000,-30.610000610352,
2023/06/28 16:46:54.000,-30.940000534058,
2023/06/28 16:47:15.000,-31.260000228882,
2023/06/28 16:47:17.000,-31.610000610352,
2023/06/28 16:47:28.000,-31.190000534058,
2023/06/28 16:47:33.000,-30.840000152588,
2023/06/28 16:47:43.000,-31.220001220703,
2023/06/28 16:47:45.000,-30.819999694824,
2023/06/28 16:47:53.000,-31.270000457764,
2023/06/28 16:47:57.000,-30.950000762939,
2023/06/28 16:48:10.000,-31.489999771118,
2023/06/28 16:48:21.000,-31.880001068115,
2023/06/28 16:48:41.000,-31.360000610352,
2023/06/28 16:48:49.000,-31.040000915527,
2023/06/28 16:49:00.000,-31.370000839233,
2023/06/28 16:49:16.000,-31.010000228882,
2023/06/28 16:49:21.000,-31.590000152588,
2023/06/28 16:49:32.000,-31.120000839233,
2023/06/28 16:49:39.000,-30.739999771118,
2023/06/28 16:49:41.000,-31.10000038147,
2023/06/28 16:49:49.000,-30.739999771118,
2023/06/28 16:49:51.000,-31.050001144409,
2023/06/28 16:49:57.000,-30.670000076294,
2023/06/28 16:50:08.000,-30.970001220703,
2023/06/28 16:50:15.000,-31.290000915527,
2023/06/28 16:50:17.000,-31.630001068115,
2023/06/28 16:50:19.000,-31.970001220703,
2023/06/28 16:50:46.000,-31.409999847412,
2023/06/28 16:50:50.000,-31.770000457764,
2023/06/28 16:50:52.000,-31.39999961853,
2023/06/28 16:50:57.000,-31.010000228882,
2023/06/28 16:51:29.000,-30.64999961853,
2023/06/28 16:51:31.000,-30.950000762939,
2023/06/28 16:51:33.000,-30.60000038147,
2023/06/28 16:51:51.000,-31.010000228882,
2023/06/28 16:52:23.000,-31.409999847412,
2023/06/28 16:52:31.000,-31.030000686646,
2023/06/28 16:52:40.000,-30.700000762939,
2023/06/28 16:52:55.000,-31.060001373291,
2023/06/28 16:53:02.000,-30.760000228882,
2023/06/28 16:53:08.000,-31.069999694824,
2023/06/28 16:53:11.000,-31.489999771118,
2023/06/28 16:53:15.000,-31.940000534058,
2023/06/28 16:53:36.000,-31.409999847412,
2023/06/28 16:53:43.000,-31.75,
2023/06/28 16:53:56.000,-31.360000610352,
2023/06/28 16:54:10.000,-30.870000839233,
2023/06/28 16:54:12.000,-31.25,
2023/06/28 16:54:18.000,-30.700000762939,
2023/06/28 16:54:47.000,-31.010000228882,
2023/06/28 16:54:52.000,-30.64999961853,
2023/06/28 16:54:53.000,-31.060001373291,
2023/06/28 16:55:05.000,-30.60000038147,
2023/06/28 16:55:07.000,-30.970001220703,
2023/06/28 16:55:22.000,-30.670000076294,
2023/06/28 16:55:28.000,-31,
2023/06/28 16:55:45.000,-30.680000305176,
2023/06/28 16:55:50.000,-31,
2023/06/28 16:55:57.000,-30.620000839233,
2023/06/28 16:56:01.000,-31.200000762939,
2023/06/28 16:56:04.000,-30.770000457764,
2023/06/28 16:56:09.000,-31.280000686646,
2023/06/28 16:56:11.000,-31.680000305176,
2023/06/28 16:56:15.000,-32.01000213623,
2023/06/28 16:56:35.000,-31.690000534058,
2023/06/28 16:56:42.000,-32.370002746582,
2023/06/28 16:56:44.000,-32.069999694824,
2023/06/28 16:57:02.000,-31.760000228882,
2023/06/28 16:57:06.000,-31.390001296997,
2023/06/28 16:57:15.000,-31.720001220703,
2023/06/28 16:57:21.000,-32.110000610352,
2023/06/28 16:57:25.000,-31.75,
2023/06/28 16:57:36.000,-31.319999694824,
2023/06/28 16:57:44.000,-30.979999542236,
2023/06/28 16:57:53.000,-30.640001296997,
2023/06/28 16:58:04.000,-30.970001220703,
2023/06/28 16:58:11.000,-30.659999847412,
2023/06/28 16:58:13.000,-31.010000228882,
2023/06/28 16:58:20.000,-30.64999961853,
2023/06/28 16:58:25.000,-31.35000038147,
2023/06/28 16:58:27.000,-31.680000305176,
2023/06/28 16:58:31.000,-31.989999771118,
2023/06/28 16:58:51.000,-32.330001831055,
2023/06/28 16:59:14.000,-31.979999542236,
2023/06/28 16:59:23.000,-31.530000686646,
2023/06/28 16:59:35.000,-31.180000305176,
2023/06/28 16:59:39.000,-31.550001144409,
2023/06/28 16:59:41.000,-31.170000076294,
2023/06/28 17:00:09.000,-31.540000915527,
2023/06/28 17:00:25.000,-31.159999847412,
2023/06/28 17:00:39.000,-31.780000686646,
2023/06/28 17:00:47.000,-32.099998474121,
2023/06/28 17:00:55.000,-31.729999542236,
2023/06/28 17:01:11.000,-31.35000038147,
2023/06/28 17:01:15.000,-30.870000839233,
2023/06/28 17:01:19.000,-31.180000305176,
2023/06/28 17:01:31.000,-31.630001068115,
2023/06/28 17:01:37.000,-31.989999771118,
2023/06/28 17:01:37.910,-31.610000610352,
2023/06/28 17:01:48.000,-31.010000228882,
2023/06/28 17:02:00.000,-31.579999923706,
2023/06/28 17:02:01.000,-31.239999771118,
2023/06/28 17:02:11.000,-31.630001068115,
2023/06/28 17:02:19.000,-32.110000610352,
2023/06/28 17:02:29.000,-31.60000038147,
2023/06/28 17:02:34.000,-31.229999542236,
2023/06/28 17:02:36.000,-31.550001144409,
2023/06/28 17:02:45.000,-31.10000038147,
2023/06/28 17:03:16.000,-31.630001068115,
2023/06/28 17:03:21.000,-31.110000610352,
2023/06/28 17:03:37.000,-31.630001068115,
2023/06/28 17:03:48.000,-31.25,
2023/06/28 17:03:55.000,-31.630001068115,
2023/06/28 17:03:58.000,-31.290000915527,
2023/06/28 17:04:26.000,-30.960000991821,
2023/06/28 17:04:44.000,-31.390001296997,
2023/06/28 17:04:53.000,-31.069999694824,
2023/06/28 17:05:06.000,-31.390001296997,
2023/06/28 17:05:08.000,-31.030000686646,
2023/06/28 17:05:17.000,-31.380001068115,
2023/06/28 17:05:33.000,-31.040000915527,
2023/06/28 17:05:55.000,-31.390001296997,
2023/06/28 17:05:56.000,-31.010000228882,
2023/06/28 17:06:08.000,-31.390001296997,
2023/06/28 17:06:19.000,-30.870000839233,
2023/06/28 17:06:27.000,-31.239999771118,
2023/06/28 17:06:36.000,-30.860000610352,
2023/06/28 17:06:38.000,-31.239999771118,
2023/06/28 17:06:40.000,-30.920000076294,
2023/06/28 17:07:37.000,-31.220001220703,
2023/06/28 17:07:50.000,-30.860000610352,
2023/06/28 17:07:57.000,-31.290000915527,
2023/06/28 17:07:58.000,-30.930000305176,
2023/06/28 17:08:12.000,-31.260000228882,
2023/06/28 17:08:18.000,-30.940000534058,
2023/06/28 17:08:28.000,-31.260000228882,
2023/06/28 17:08:37.000,-31.630001068115,
2023/06/28 17:08:48.000,-31.280000686646,
2023/06/28 17:09:06.000,-30.860000610352,
2023/06/28 17:09:15.000,-31.210000991821,
2023/06/28 17:09:17.000,-30.909999847412,
2023/06/28 17:09:41.000,-31.390001296997,
2023/06/28 17:09:42.000,-31.079999923706,
2023/06/28 17:09:59.000,-30.720001220703,
2023/06/28 17:10:00.000,-31.300001144409,
2023/06/28 17:10:06.000,-30.930000305176,
2023/06/28 17:10:33.000,-31.300001144409,
2023/06/28 17:10:36.000,-31.790000915527,
2023/06/28 17:10:43.000,-32.279998779297,
2023/06/28 17:10:57.000,-32.610000610352,
2023/06/28 17:11:01.000,-32.23999786377,
2023/06/28 17:11:03.000,-32.650001525879,
2023/06/28 17:11:16.000,-32.309997558594,
2023/06/28 17:11:40.000,-31.860000610352,
2023/06/28 17:11:45.000,-32.220001220703,
2023/06/28 17:12:03.000,-32.599998474121,
2023/06/28 17:12:04.000,-32.26000213623,
2023/06/28 17:12:10.000,-31.950000762939,
2023/06/28 17:12:17.000,-31.569999694824,
2023/06/28 17:12:35.000,-31.909999847412,
2023/06/28 17:12:55.000,-31.309999465942,
2023/06/28 17:13:02.000,-30.930000305176,
2023/06/28 17:13:04.000,-31.390001296997,
2023/06/28 17:13:06.000,-31.720001220703,
2023/06/28 17:13:19.000,-31.35000038147,
2023/06/28 17:13:36.000,-31.760000228882,
2023/06/28 17:13:39.000,-32.120002746582,
2023/06/28 17:13:57.000,-32.45000076294,
2023/06/28 17:13:59.000,-32.069999694824,
2023/06/28 17:14:09.000,-32.440002441406,
2023/06/28 17:14:11.000,-32.080001831055,
2023/06/28 17:14:14.000,-32.389999389648,
2023/06/28 17:14:35.000,-32.01000213623,
2023/06/28 17:14:52.000,-31.710000991821,
2023/06/28 17:14:56.000,-31.14999961853,
2023/06/28 17:15:29.000,-30.819999694824,
2023/06/28 17:15:33.000,-31.170000076294,
2023/06/28 17:15:49.000,-30.819999694824,
2023/06/28 17:15:51.000,-31.180000305176,
2023/06/28 17:16:06.000,-30.729999542236,
2023/06/28 17:16:13.000,-31.220001220703,
2023/06/28 17:16:18.000,-30.710000991821,
2023/06/28 17:16:20.000,-31.370000839233,
2023/06/28 17:16:28.000,-31.760000228882,
2023/06/28 17:16:42.000,-31.309999465942,
2023/06/28 17:16:50.000,-30.970001220703,
2023/06/28 17:16:53.000,-31.620000839233,
2023/06/28 17:17:05.000,-31.210000991821,
2023/06/28 17:17:16.000,-30.89999961853,
2023/06/28 17:17:23.000,-31.309999465942,
2023/06/28 17:17:29.000,-30.870000839233,
2023/06/28 17:18:00.000,-30.569999694824,
2023/06/28 17:18:09.000,-30.930000305176,
2023/06/28 17:18:10.000,-31.470001220703,
2023/06/28 17:18:17.000,-32.209999084473,
2023/06/28 17:18:20.000,-31.780000686646,
2023/06/28 17:18:47.000,-32.099998474121,
2023/06/28 17:18:51.000,-31.739999771118,
2023/06/28 17:19:01.000,-31.120000839233,
2023/06/28 17:19:04.000,-31.470001220703,
2023/06/28 17:19:10.000,-32.040000915527,
2023/06/28 17:19:19.000,-31.590000152588,
2023/06/28 17:19:30.000,-30.989999771118,
2023/06/28 17:20:00.000,-31.290000915527,
2023/06/28 17:20:03.000,-30.960000991821,
2023/06/28 17:20:10.000,-30.590000152588,
2023/06/28 17:20:25.000,-30.940000534058,
2023/06/28 17:20:29.000,-31.309999465942,
2023/06/28 17:20:47.000,-30.89999961853,
2023/06/28 17:21:12.000,-31.239999771118,
2023/06/28 17:21:22.000,-30.770000457764,
2023/06/28 17:21:25.000,-31.079999923706,
2023/06/28 17:22:04.000,-31.620000839233,
2023/06/28 17:22:06.000,-31.970001220703,
2023/06/28 17:22:31.000,-31.579999923706,
2023/06/28 17:22:37.000,-32,
2023/06/28 17:22:47.000,-32.300003051758,
2023/06/28 17:23:08.000,-31.940000534058,
2023/06/28 17:23:13.000,-31.610000610352,
2023/06/28 17:23:22.000,-31.180000305176,
2023/06/28 17:23:32.000,-30.790000915527,
2023/06/28 17:23:58.000,-31.280000686646,
2023/06/28 17:24:00.000,-31.60000038147,
2023/06/28 17:24:12.000,-31.229999542236,
2023/06/28 17:24:20.000,-30.729999542236,
2023/06/28 17:24:28.000,-31.130001068115,
2023/06/28 17:24:43.000,-30.670000076294,
2023/06/28 17:24:49.000,-31.010000228882,
2023/06/28 17:24:52.000,-31.35000038147,
2023/06/28 17:24:54.000,-31.670000076294,
2023/06/28 17:25:07.000,-32.01000213623,
2023/06/28 17:25:13.000,-31.610000610352,
2023/06/28 17:25:19.000,-31.960000991821,
2023/06/28 17:25:40.000,-31.530000686646,
2023/06/28 17:25:43.000,-31.14999961853,
2023/06/28 17:26:15.000,-30.770000457764,
2023/06/28 17:26:51.000,-31.110000610352,
2023/06/28 17:27:40.000,-30.800001144409,
2023/06/28 17:27:42.000,-31.180000305176,
2023/06/28 17:28:05.000,-31.620000839233,
2023/06/28 17:28:09.000,-31.960000991821,
2023/06/28 17:28:16.000,-32.300003051758,
2023/06/28 17:28:57.000,-32,
2023/06/28 17:29:08.000,-31.659999847412,
2023/06/28 17:29:19.000,-31.340000152588,
2023/06/28 17:29:31.000,-31.700000762939,
2023/06/28 17:29:38.000,-31.260000228882,
2023/06/28 17:30:28.000,-30.829999923706,
2023/06/28 17:30:35.000,-31.130001068115,
2023/06/28 17:30:46.000,-31.450000762939,
2023/06/28 17:30:52.000,-31.010000228882,
2023/06/28 17:31:05.000,-31.390001296997,
2023/06/28 17:31:21.000,-31.050001144409,
2023/06/28 17:31:28.000,-31.380001068115,
2023/06/28 17:31:47.000,-31.860000610352,
2023/06/28 17:31:59.000,-31.489999771118,
2023/06/28 17:32:09.000,-31.10000038147,
2023/06/28 17:32:36.000,-30.75,
2023/06/28 17:32:42.000,-31.110000610352,
2023/06/28 17:33:29.000,-31.5,
2023/06/28 17:33:47.000,-31.870000839233,
2023/06/28 17:33:49.000,-31.559999465942,
2023/06/28 17:34:03.000,-31.920000076294,
2023/06/28 17:34:09.000,-32.319999694824,
2023/06/28 17:34:58.000,-31.979999542236,
2023/06/28 17:35:07.000,-31.590000152588,
2023/06/28 17:35:18.000,-31.130001068115,
2023/06/28 17:35:57.000,-31.530000686646,
2023/06/28 17:35:59.000,-31.159999847412,
2023/06/28 17:36:08.000,-30.829999923706,
2023/06/28 17:36:18.000,-31.159999847412,
2023/06/28 17:36:38.000,-31.640001296997,
2023/06/28 17:36:42.000,-31.960000991821,
2023/06/28 17:36:50.000,-32.300003051758,
2023/06/28 17:37:21.000,-31.989999771118,
2023/06/28 17:37:46.000,-31.64999961853,
2023/06/28 17:37:56.000,-31.309999465942,
2023/06/28 17:38:09.000,-30.89999961853,
2023/06/28 17:38:13.000,-31.200000762939,
2023/06/28 17:38:22.000,-31.579999923706,
2023/06/28 17:38:33.000,-31.25,
2023/06/28 17:38:47.000,-30.909999847412,
2023/06/28 17:38:55.000,-31.360000610352,
2023/06/28 17:38:58.000,-31.720001220703,
2023/06/28 17:39:03.000,-32.050003051758,
2023/06/28 17:39:10.000,-31.579999923706,
2023/06/28 17:39:16.000,-31.229999542236,
2023/06/28 17:39:30.000,-30.920000076294,
2023/06/28 17:39:36.000,-31.239999771118,
2023/06/28 17:39:41.000,-31.670000076294,
2023/06/28 17:39:47.000,-31.120000839233,
2023/06/28 17:39:55.000,-31.659999847412,
2023/06/28 17:39:56.000,-31.989999771118,
2023/06/28 17:40:05.000,-31.670000076294,
2023/06/28 17:40:10.000,-31.360000610352,
2023/06/28 17:40:16.000,-30.89999961853,
2023/06/28 17:40:30.000,-31.220001220703,
2023/06/28 17:40:39.000,-30.920000076294,
2023/06/28 17:40:55.000,-30.610000610352,
2023/06/28 17:41:05.000,-30.950000762939,
2023/06/28 17:41:15.000,-31.260000228882,
2023/06/28 17:41:17.000,-31.579999923706,
2023/06/28 17:41:28.000,-31.220001220703,
2023/06/28 17:41:42.000,-30.870000839233,
2023/06/28 17:42:07.000,-31.550001144409,
2023/06/28 17:42:14.000,-32.01000213623,
2023/06/28 17:42:40.000,-31.559999465942,
2023/06/28 17:42:46.000,-30.989999771118,
2023/06/28 17:42:53.000,-31.300001144409,
2023/06/28 17:42:55.000,-31.720001220703,
2023/06/28 17:43:02.000,-32.050003051758,
2023/06/28 17:43:29.000,-31.729999542236,
2023/06/28 17:43:38.000,-31.260000228882,
2023/06/28 17:43:48.000,-30.860000610352,
2023/06/28 17:43:54.000,-31.280000686646,
2023/06/28 17:44:18.000,-31.630001068115,
2023/06/28 17:44:20.000,-31.970001220703,
2023/06/28 17:44:24.000,-31.620000839233,
2023/06/28 17:44:29.000,-31.190000534058,
2023/06/28 17:44:37.000,-30.829999923706,
2023/06/28 17:44:44.000,-31.159999847412,
2023/06/28 17:45:04.000,-30.819999694824,
2023/06/28 17:45:14.000,-31.190000534058,
2023/06/28 17:45:48.000,-30.760000228882,
2023/06/28 17:45:53.000,-31.120000839233,
2023/06/28 17:46:52.000,-30.819999694824,
2023/06/28 17:47:22.000,-31.159999847412,
2023/06/28 17:47:42.000,-31.780000686646,
2023/06/28 17:48:01.000,-31.329999923706,
2023/06/28 17:48:21.000,-31.739999771118,
2023/06/28 17:48:30.000,-31.430000305176,
2023/06/28 17:48:40.000,-31.960000991821,
2023/06/28 17:49:07.000,-31.510000228882,
2023/06/28 17:49:22.000,-31.14999961853,
2023/06/28 17:49:30.000,-31.5,
2023/06/28 17:49:48.000,-31.140001296997,
2023/06/28 17:50:19.000,-31.489999771118,
2023/06/28 17:50:47.000,-31.790000915527,
2023/06/28 17:50:52.000,-32.120002746582,
2023/06/28 17:52:30.000,-31.819999694824,
2023/06/28 17:52:34.000,-31.489999771118,
2023/06/28 17:52:46.000,-31.159999847412,
2023/06/28 17:53:08.000,-31.630001068115,
2023/06/28 17:53:27.000,-31.229999542236,
