Year/Month/Day Hour:Minute:Second.Millisecond,cms_mtdtf_dcs_1:MTRS/MTD_TIF_33/Chip_0/Channel_0.actual.value,cms_mtdtf_dcs_1:MTRS/MTD_TIF_33/Chip_0/Channel_2.actual.value,cms_mtdtf_dcs_1:MTRS/MTD_TIF_33/Chip_1/Channel_4.actual.value,cms_mtdtf_dcs_1:MTRS/MTD_TIF_33/Chip_1/Channel_5.actual.value,cms_mtdtf_dcs_1:MTRS/MTD_TIF_33/Chip_2/Channel_2.actual.value,cms_mtdtf_dcs_1:MTRS/MTD_TIF_33/Chip_3/Channel_3.actual.value,cms_mtdtf_dcs_1:MTRS/MTD_TIF_33/Chip_3/Channel_4.actual.value,cms_mtdtf_dcs_1:MTRS/MTD_TIF_33/Chip_3/Channel_5.actual.value,
Year/Month/Day Hour:Minute:Second.Millisecond,cms_mtdtf_dcs_1:MTRS/MTD_TIF_33/Chip_0/Channel_0,cms_mtdtf_dcs_1:MTRS/MTD_TIF_33/Chip_0/Channel_2,cms_mtdtf_dcs_1:MTRS/MTD_TIF_33/Chip_1/Channel_4,cms_mtdtf_dcs_1:MTRS/MTD_TIF_33/Chip_1/Channel_5,cms_mtdtf_dcs_1:MTRS/MTD_TIF_33/Chip_2/Channel_2,cms_mtdtf_dcs_1:MTRS/MTD_TIF_33/Chip_3/Channel_3,cms_mtdtf_dcs_1:MTRS/MTD_TIF_33/Chip_3/Channel_4,cms_mtdtf_dcs_1:MTRS/MTD_TIF_33/Chip_3/Channel_5,
2023/08/02 10:31:31.000,-33.3759765625,-34.1318359375,-33.3017578125,,-34.5234375,-34.6123046875,-33.572265625,-33.384765625,
2023/08/02 10:31:49.000,-33.302734375,-34.0986328125,-33.232421875,,-34.4833984375,-34.552734375,-33.48828125,-33.318359375,
2023/08/02 10:32:41.000,-33.3486328125,-34.1064453125,-33.2734375,,-34.484375,-34.583984375,-33.52734375,-33.3349609375,
2023/08/02 10:33:13.000,-33.5322265625,-34.2939453125,-33.3623046875,,-34.6748046875,-34.7890625,-33.7451171875,-33.5263671875,
2023/08/02 10:33:21.000,-33.591796875,-34.361328125,-33.4189453125,,-34.7373046875,-34.8359375,-33.8203125,-33.5908203125,
2023/08/02 10:33:35.000,-33.73046875,-34.4921875,-33.6572265625,,-34.8603515625,-34.9892578125,-33.9521484375,-33.7412109375,
2023/08/02 10:33:45.000,-33.78125,-34.568359375,-33.7763671875,,-34.9375,-35.0830078125,-34.05078125,-33.80078125,
2023/08/02 10:34:25.000,-33.896484375,-34.6689453125,-33.7431640625,,-35.0576171875,-35.16015625,-34.1494140625,-33.9150390625,
2023/08/02 10:34:35.000,-33.884765625,-34.6611328125,-33.7529296875,,-35.05078125,-35.1396484375,-34.12109375,-33.8759765625,
2023/08/02 10:34:43.000,-33.8544921875,-34.640625,-33.7587890625,,-35.0390625,-35.1103515625,-34.111328125,-33.8779296875,
2023/08/02 10:35:11.000,-33.767578125,-34.5439453125,-33.642578125,,-34.9716796875,-35.060546875,-34.0341796875,-33.775390625,
2023/08/02 10:35:25.000,-33.6904296875,-34.46875,-33.6435546875,,-34.8681640625,-34.990234375,-33.9306640625,-33.734375,
2023/08/02 10:35:45.000,-33.5732421875,-34.361328125,-33.5244140625,,-34.7568359375,-34.8466796875,-33.78125,-33.595703125,
2023/08/02 10:35:53.000,-33.5322265625,-34.3212890625,-33.4697265625,,-34.71484375,-34.7880859375,-33.73046875,-33.5224609375,
2023/08/02 10:36:11.000,-33.470703125,-34.224609375,-33.4853515625,,-34.634765625,-34.7138671875,-33.6513671875,-33.46484375,
2023/08/02 10:36:21.000,-33.4248046875,-34.22265625,-33.322265625,,-34.619140625,-34.6845703125,-33.6064453125,-33.4326171875,
2023/08/02 10:36:28.000,-33.396484375,-34.1748046875,-33.345703125,,-34.5634765625,-34.640625,-33.56640625,-33.3916015625,
2023/08/02 10:36:41.000,-33.3603515625,-34.1220703125,-33.3037109375,,-34.529296875,-34.6318359375,-33.544921875,-33.359375,
2023/08/02 10:36:48.000,-33.34765625,-34.1103515625,-33.21484375,,-34.494140625,-34.5751953125,-33.51953125,-33.345703125,
2023/08/02 10:36:55.000,-33.34375,-34.095703125,-33.1328125,,-34.4921875,-34.5654296875,-33.5244140625,-33.31640625,
2023/08/02 10:37:55.000,-33.56640625,-34.3212890625,-33.4658203125,,-34.7001953125,-34.8232421875,-33.787109375,-33.5546875,
2023/08/02 10:38:01.000,-33.576171875,-34.34375,-33.423828125,,-34.724609375,-34.837890625,-33.783203125,-33.55078125,
2023/08/02 10:38:13.000,-33.5810546875,-34.361328125,-33.4873046875,,-34.7392578125,-34.8310546875,-33.7958984375,-33.57421875,
2023/08/02 10:38:33.000,-33.5439453125,-34.2939453125,-33.4013671875,,-34.646484375,-34.78125,-33.7578125,-33.541015625,
2023/08/02 10:38:51.000,-33.4794921875,-34.1796875,-33.36328125,,-34.46484375,-34.6826171875,-33.708984375,-33.478515625,
2023/08/02 10:39:03.000,-33.3388671875,-34.0927734375,-33.201171875,,-34.3291015625,-34.572265625,-33.5869140625,-33.3447265625,
2023/08/02 10:39:18.000,-33.2060546875,-33.943359375,-33.1201171875,,-34.1630859375,-34.4453125,-33.478515625,-33.2041015625,
2023/08/02 10:39:31.000,-33.1142578125,-33.845703125,-33.0341796875,,-34.0400390625,-34.37109375,-33.4052734375,-33.138671875,
2023/08/02 10:39:43.000,-33.0234375,-33.7548828125,-32.8193359375,,-33.9423828125,-34.236328125,-33.267578125,-33.009765625,
2023/08/02 10:39:58.000,-32.9208984375,-33.66015625,-32.8017578125,,-33.841796875,-34.142578125,-33.17578125,-32.888671875,
2023/08/02 10:40:06.000,-32.8759765625,-33.6005859375,-32.8134765625,,-33.7802734375,-34.1005859375,-33.1279296875,-32.853515625,
2023/08/02 10:40:13.000,-32.83203125,-33.5478515625,-32.68359375,,-33.7119140625,-34.0400390625,-33.09375,-32.7978515625,
2023/08/02 10:40:23.000,-32.7861328125,-33.5009765625,-32.697265625,,-33.642578125,-34.00390625,-33.072265625,-32.7626953125,
2023/08/02 10:40:31.000,-32.7744140625,-33.482421875,-32.705078125,,-33.6103515625,-33.9775390625,-33.0576171875,-32.7451171875,
2023/08/02 10:40:38.000,-32.75390625,-33.4599609375,-32.6982421875,,-33.58984375,-33.970703125,-33.0537109375,-32.7373046875,
2023/08/02 10:41:04.000,-32.8115234375,-33.517578125,-32.693359375,,-33.615234375,-34.0234375,-33.109375,-32.771484375,
2023/08/02 10:41:05.000,-32.8291015625,-33.5263671875,-32.7041015625,,,,-33.134765625,-32.7861328125,
2023/08/02 10:41:10.000,-32.82421875,-33.5498046875,-32.72265625,,-33.642578125,-34.046875,-33.1513671875,-32.7919921875,
2023/08/02 10:41:11.000,-32.8427734375,,,,,,,-32.8095703125,
2023/08/02 10:41:18.000,-32.86328125,-33.572265625,-32.67578125,,-33.6669921875,-34.0712890625,-33.1953125,-32.826171875,
2023/08/02 10:41:41.000,-32.9189453125,-33.6298828125,-32.72265625,,-33.7177734375,-34.138671875,-33.2255859375,-32.8818359375,
2023/08/02 10:41:42.000,-32.9169921875,-33.6328125,,,-33.73046875,,,-32.875,
2023/08/02 10:41:43.000,-32.91796875,,-32.728515625,,,,-33.2294921875,-32.8759765625,
2023/08/02 10:41:55.000,-32.8974609375,-33.615234375,-32.7373046875,,-33.701171875,-34.1123046875,-33.2021484375,-32.83984375,
2023/08/02 10:42:21.000,-32.7626953125,-33.490234375,-32.5078125,,-33.5869140625,-33.9638671875,-33.064453125,-32.70703125,
2023/08/02 10:42:28.000,-32.7216796875,-33.4453125,-32.4912109375,,-33.5576171875,-33.9287109375,-33.025390625,-32.67578125,
2023/08/02 10:42:33.000,-32.681640625,-33.44140625,-32.458984375,,-33.5400390625,,-33.00390625,-32.62890625,
2023/08/02 10:42:45.000,-32.615234375,-33.3486328125,-32.466796875,,-33.4482421875,-33.837890625,-32.9033203125,-32.560546875,
2023/08/02 10:43:15.000,-32.3701171875,-33.080078125,-32.2529296875,,-33.1787109375,-33.5859375,-32.66796875,-32.302734375,
2023/08/02 10:43:45.000,-32.0810546875,-32.7919921875,-31.8251953125,,-32.8603515625,-33.255859375,-32.36328125,-31.9921875,
2023/08/02 10:43:51.000,-32.060546875,-32.7646484375,-31.8515625,,-32.8486328125,-33.24609375,-32.3603515625,-31.978515625,
2023/08/02 10:43:51.364,,,,,-32.8212890625,,,,
2023/08/02 10:43:58.000,-32.0302734375,-32.7529296875,-31.798828125,,-32.802734375,-33.181640625,-32.3544921875,-31.955078125,
2023/08/02 10:44:05.000,-32.0205078125,-32.7353515625,-31.8427734375,,-32.7822265625,-33.1806640625,-32.3271484375,-31.931640625,
2023/08/02 10:44:13.000,,-32.7275390625,-31.8447265625,,-32.779296875,-33.2060546875,,-31.927734375,
2023/08/02 10:44:49.000,-32.1650390625,-32.875,-31.84375,,-32.9111328125,-33.2900390625,-32.458984375,-32.0517578125,
2023/08/02 10:44:58.000,-32.2138671875,-32.9267578125,-31.9755859375,,-32.96484375,-33.416015625,-32.57421875,-32.119140625,
2023/08/02 10:45:10.000,-32.2626953125,-33,-32.0517578125,,-32.9716796875,-33.4111328125,-32.625,-32.20703125,
2023/08/02 10:45:33.000,-32.3349609375,-33.06640625,-32.0478515625,,-33.1044921875,-33.5400390625,-32.7529296875,-32.28125,
2023/08/02 10:45:45.000,-32.3564453125,-33.0810546875,-32.1279296875,,-33.1171875,-33.57421875,-32.732421875,-32.2841796875,
2023/08/02 10:45:59.000,-32.330078125,-33.0537109375,-32.1875,,-33.0986328125,-33.5390625,-32.703125,-32.2724609375,
2023/08/02 10:46:21.000,-32.2607421875,-32.98828125,-31.9501953125,,-33.02734375,-33.4375,-32.6123046875,-32.154296875,
2023/08/02 10:46:23.000,-32.2431640625,-32.9775390625,-31.9833984375,,-33.01953125,-33.4345703125,-32.6015625,-32.158203125,
2023/08/02 10:46:43.000,-32.1279296875,-32.8662109375,-31.8984375,,-32.908203125,-33.3203125,-32.4541015625,-32.0380859375,
2023/08/02 10:47:03.000,-32.029296875,-32.7734375,-31.775390625,,-32.8134765625,-33.2177734375,-32.3720703125,-31.9638671875,
2023/08/02 10:47:45.000,-31.958984375,-32.6953125,-31.69140625,,-32.73046875,-33.134765625,-32.3095703125,-31.857421875,
2023/08/02 10:48:01.000,-32.005859375,-32.7119140625,-31.7236328125,,-32.74609375,-33.171875,-32.3427734375,-31.8759765625,
2023/08/02 10:48:11.000,-32.025390625,-32.744140625,-31.6865234375,,-32.7783203125,-33.2060546875,-32.3447265625,-31.912109375,
2023/08/02 10:48:21.000,-32.0751953125,-32.7626953125,-31.8681640625,,-32.8046875,-33.2412109375,-32.4189453125,-31.9609375,
2023/08/02 10:48:31.000,-32.119140625,-32.86328125,-31.7841796875,,-32.880859375,-33.3232421875,-32.4990234375,-31.982421875,
2023/08/02 10:48:41.000,-32.1767578125,-32.921875,-31.888671875,,-32.9501953125,-33.390625,-32.564453125,-32.06640625,
2023/08/02 10:48:47.000,-32.2490234375,-32.9833984375,-31.97265625,,-32.9931640625,-33.4453125,-32.625,-32.1513671875,
2023/08/02 10:48:56.000,-32.3193359375,-33.0556640625,-32.1025390625,,-33.07421875,-33.5439453125,-32.7119140625,-32.2255859375,
2023/08/02 10:49:13.000,-32.4716796875,-33.20703125,-32.3095703125,,-33.2236328125,-33.7041015625,-32.84765625,-32.373046875,
2023/08/02 10:49:28.000,-32.4609375,-33.2060546875,-32.2099609375,,-33.208984375,-33.693359375,-32.8896484375,-32.421875,
2023/08/02 10:49:36.000,-32.4755859375,-33.2109375,-32.1630859375,,-33.21875,-33.68359375,-32.9091796875,-32.40625,
2023/08/02 10:49:37.000,-32.4775390625,,,,-33.212890625,-33.6640625,-32.9267578125,-32.4208984375,
2023/08/02 10:49:50.000,-32.4892578125,-33.2529296875,-32.27734375,,-33.244140625,-33.7216796875,-32.935546875,-32.447265625,
2023/08/02 10:49:53.000,-32.49609375,-33.2626953125,-32.2353515625,,,-33.720703125,-32.9443359375,-32.4384765625,
2023/08/02 10:50:10.000,-32.4833984375,-33.24609375,-32.3056640625,,-33.2470703125,-33.7109375,-32.9462890625,-32.4345703125,
2023/08/02 10:50:13.000,-32.4794921875,-33.2470703125,-32.216796875,,-33.23828125,-33.701171875,-32.939453125,-32.42578125,
2023/08/02 10:50:47.000,-32.3232421875,-33.0927734375,-32.0751953125,,-33.09765625,-33.53515625,-32.7626953125,-32.2900390625,
2023/08/02 10:51:20.000,-32.0869140625,-32.86328125,-31.853515625,,-32.8623046875,-33.28515625,-32.544921875,-32.0283203125,
2023/08/02 10:51:23.000,-32.0751953125,-32.830078125,-31.8349609375,,-32.83984375,-33.2666015625,-32.5302734375,-32.029296875,
2023/08/02 10:51:45.000,-31.96875,-32.734375,-31.751953125,,-32.7314453125,-33.181640625,-32.4248046875,-31.9375,
2023/08/02 10:52:03.000,-31.9453125,-32.705078125,-31.6767578125,,-32.69921875,-33.12109375,-32.3955078125,-31.8984375,
2023/08/02 10:52:32.000,-32.05859375,-32.8115234375,-31.955078125,,-32.7919921875,-33.26171875,-32.5205078125,-31.9990234375,
2023/08/02 10:52:33.000,,-32.8154296875,-31.9140625,,-32.8046875,-33.2841796875,-32.5263671875,,
2023/08/02 10:52:55.000,-32.2138671875,-32.982421875,-31.9833984375,,-32.9296875,-33.408203125,-32.6787109375,-32.1474609375,
2023/08/02 10:53:44.000,-32.400390625,-33.18359375,-32.1708984375,,-33.1640625,-33.6298828125,-32.8896484375,-32.369140625,
2023/08/02 10:53:57.000,-32.3798828125,-33.1669921875,-32.189453125,,-33.1552734375,-33.6201171875,-32.87890625,-32.359375,
2023/08/02 10:54:35.000,-32.248046875,-33.0244140625,-32.044921875,,-33.013671875,-33.4521484375,-32.6904296875,-32.2021484375,
2023/08/02 10:54:43.000,-32.1953125,-32.9677734375,-32.083984375,,-32.9560546875,-33.4091796875,-32.6376953125,-32.140625,
2023/08/02 10:54:53.000,-32.1416015625,-32.9248046875,-31.97265625,,-32.908203125,-33.3779296875,-32.607421875,-32.1240234375,
2023/08/02 10:55:13.000,-32.0244140625,-32.8017578125,-31.8916015625,,-32.7900390625,-33.228515625,-32.4697265625,-31.9736328125,
2023/08/02 10:55:27.000,-31.9794921875,-32.7724609375,-31.875,,-32.765625,-33.2021484375,-32.4443359375,-31.9384765625,
2023/08/02 10:55:35.000,-31.9775390625,-32.75390625,-31.7294921875,,-32.740234375,-33.185546875,-32.4140625,-31.9267578125,
2023/08/02 10:56:01.000,-31.9873046875,,-31.7421875,,-32.7314453125,-33.205078125,-32.447265625,-31.919921875,
2023/08/02 10:56:11.000,-32.025390625,-32.7958984375,-31.7412109375,,-32.7763671875,-33.2421875,,-31.95703125,
2023/08/02 10:56:43.000,-32.228515625,-32.990234375,-31.9521484375,,-32.958984375,-33.4365234375,-32.703125,-32.1640625,
2023/08/02 10:57:33.000,-32.3544921875,-33.1484375,-32.0673828125,,-33.1259765625,-33.5830078125,-32.853515625,-32.3125,
2023/08/02 10:57:40.000,-32.359375,-33.13671875,-32.193359375,,-33.1298828125,-33.591796875,-32.8466796875,-32.302734375,
2023/08/02 10:57:47.000,-32.3427734375,-33.1201171875,-32.0673828125,,-33.1181640625,-33.572265625,-32.8369140625,-32.2939453125,
2023/08/02 10:58:01.000,-32.3037109375,-33.0791015625,-32.12109375,,-33.06640625,-33.515625,-32.7646484375,-32.248046875,
2023/08/02 10:58:11.000,-32.25,-33.0380859375,-32.056640625,,-33.0556640625,-33.51953125,-32.7490234375,-32.2119140625,
2023/08/02 10:58:25.000,-32.177734375,-32.9697265625,-31.857421875,,-32.958984375,-33.3955078125,-32.662109375,-32.150390625,
2023/08/02 10:58:37.000,-32.1181640625,-32.9072265625,-31.8916015625,,-32.8994140625,-33.353515625,-32.5966796875,-32.0859375,
2023/08/02 10:58:53.000,-32.0361328125,-32.8369140625,-31.79296875,,-32.8251953125,-33.259765625,-32.53125,-31.99609375,
2023/08/02 10:59:01.000,-32.01171875,-32.7998046875,-31.7431640625,,-32.78125,-33.232421875,-32.4931640625,-31.951171875,
2023/08/02 10:59:03.000,-32.0009765625,-32.779296875,-31.7841796875,,-32.77734375,-33.220703125,-32.4580078125,-31.9453125,
2023/08/02 10:59:13.000,-31.951171875,-32.728515625,-31.8359375,,-32.72265625,-33.1513671875,-32.412109375,-31.9091796875,
2023/08/02 10:59:30.000,-31.9150390625,-32.685546875,-31.5947265625,,-32.671875,-33.1083984375,-32.3828125,-31.8427734375,
2023/08/02 11:00:07.000,-31.9443359375,-32.7216796875,-31.7197265625,,-32.705078125,-33.173828125,-32.4443359375,-31.8818359375,
2023/08/02 11:00:23.000,-32.0546875,-32.8115234375,-31.7646484375,,-32.796875,-33.267578125,-32.533203125,-31.9970703125,
2023/08/02 11:00:31.000,-32.095703125,-32.8740234375,-31.80078125,,-32.85546875,-33.2666015625,-32.55078125,,
2023/08/02 11:00:37.000,-32.146484375,-32.9130859375,-31.814453125,,-32.89453125,-33.384765625,-32.642578125,-32.0791015625,
2023/08/02 11:00:54.000,-32.232421875,-33.009765625,-31.9912109375,,-33,-33.474609375,-32.75,-32.1845703125,
2023/08/02 11:00:55.000,-32.240234375,,-31.9873046875,,,-33.46484375,-32.7607421875,-32.189453125,
2023/08/02 11:01:12.000,-32.2763671875,-33.0556640625,-32.1005859375,,-33.0537109375,-33.4892578125,-32.814453125,-32.2529296875,
2023/08/02 11:01:20.000,-32.275390625,-33.0595703125,-32.158203125,,-33.0673828125,-33.5263671875,-32.8291015625,-32.2578125,
2023/08/02 11:01:25.000,-32.279296875,-33.060546875,-32.1640625,,-33.0625,-33.5361328125,-32.8095703125,-32.2431640625,
2023/08/02 11:01:57.000,-32.2001953125,-32.9970703125,-31.9921875,,-32.998046875,-33.439453125,-32.7041015625,-32.177734375,
2023/08/02 11:02:05.000,-32.1748046875,-32.96484375,-31.837890625,,-32.966796875,-33.3955078125,-32.6865234375,-32.1142578125,
2023/08/02 11:02:13.000,-32.1259765625,-32.92578125,-31.9052734375,,-32.9248046875,-33.3720703125,-32.6240234375,-32.09375,
2023/08/02 11:02:47.000,-31.9755859375,-32.75390625,-31.7099609375,,-32.744140625,-33.1904296875,-32.4423828125,-31.921875,
2023/08/02 11:03:03.000,-31.9169921875,-32.6953125,-31.681640625,,-32.6845703125,-33.1298828125,-32.3701171875,-31.8486328125,
2023/08/02 11:03:16.000,-31.8818359375,-32.68359375,-31.6494140625,,-32.6650390625,-33.107421875,-32.361328125,-31.8271484375,
2023/08/02 11:03:25.000,-31.904296875,-32.6767578125,-31.638671875,,-32.6669921875,-33.1201171875,-32.3583984375,-31.83984375,
2023/08/02 11:03:55.000,-31.9931640625,-32.763671875,-31.716796875,,-32.7353515625,-33.2021484375,-32.46484375,-31.91015625,
2023/08/02 11:04:04.000,-32.03515625,-32.818359375,-31.7705078125,,-32.7978515625,-33.2255859375,-32.4931640625,-31.9326171875,
2023/08/02 11:04:32.000,-32.2529296875,-33.0244140625,-32.009765625,,-33.0009765625,-33.4794921875,-32.7607421875,-32.2001953125,
2023/08/02 11:05:15.000,-32.32421875,-33.1123046875,-32.0439453125,,-33.1025390625,-33.56640625,-32.83203125,-32.271484375,
2023/08/02 11:05:21.000,-32.3095703125,-33.099609375,-32.0947265625,,-33.0966796875,-33.5634765625,-32.8193359375,-32.2685546875,
2023/08/02 11:05:30.000,-32.275390625,-33.07421875,-31.921875,,-33.07421875,-33.5400390625,-32.8115234375,-32.251953125,
2023/08/02 11:05:41.000,-32.2236328125,-33.025390625,-31.9921875,,-33.0224609375,-33.48046875,-32.732421875,-32.1884765625,
2023/08/02 11:05:47.000,-32.20703125,-33.00390625,-31.8564453125,,-32.9921875,-33.4228515625,-32.712890625,-32.16015625,
2023/08/02 11:06:01.000,-32.1181640625,-32.9169921875,-31.8115234375,,-32.91796875,-33.3603515625,-32.623046875,-32.0810546875,
2023/08/02 11:06:07.000,-32.0869140625,-32.8837890625,-31.8447265625,,-32.8857421875,-33.330078125,-32.5810546875,-32.0380859375,
2023/08/02 11:06:27.000,-31.9873046875,-32.794921875,-31.708984375,,-32.7841796875,-33.208984375,-32.4794921875,-31.947265625,
2023/08/02 11:06:41.000,-31.9423828125,-32.736328125,-31.78515625,,-32.72265625,-33.173828125,-32.4111328125,-31.8896484375,
2023/08/02 11:06:43.000,-31.9287109375,-32.732421875,,,-32.7177734375,-33.1650390625,,,
2023/08/02 11:06:53.000,-31.9150390625,-32.720703125,-31.7216796875,,-32.705078125,-33.16015625,-32.4013671875,-31.8759765625,
2023/08/02 11:07:00.000,-31.9140625,-32.712890625,-31.6953125,,-32.697265625,-33.1572265625,-32.396484375,-31.875,
2023/08/02 11:07:07.000,-31.919921875,-32.7080078125,-31.6201171875,,,-33.140625,-32.4150390625,-31.8818359375,
2023/08/02 11:07:31.000,-31.982421875,-32.7685546875,-31.783203125,,-32.7451171875,-33.2197265625,-32.4775390625,-31.92578125,
2023/08/02 11:07:37.000,-32.0009765625,-32.8017578125,-31.7978515625,,-32.7744140625,-33.2490234375,-32.474609375,-31.9287109375,
2023/08/02 11:07:45.000,-32.0615234375,-32.8486328125,-31.875,,-32.82421875,-33.294921875,-32.5419921875,-31.9921875,
2023/08/02 11:08:51.000,-32.3828125,-33.1943359375,-32.2197265625,,-33.1884765625,-33.65234375,-32.927734375,-32.373046875,
2023/08/02 11:09:22.000,-32.3271484375,-33.1513671875,-32.12890625,,-33.150390625,-33.60546875,-32.85546875,-32.2958984375,
2023/08/02 11:09:25.000,-32.3125,-33.1259765625,-32.1318359375,,-33.138671875,-33.5869140625,-32.853515625,-32.2998046875,
2023/08/02 11:09:55.000,-32.1591796875,-32.9541015625,-31.880859375,,-32.9716796875,-33.408203125,-32.65234375,-32.11328125,
2023/08/02 11:10:11.000,-32.060546875,-32.853515625,-31.8095703125,,-32.869140625,-33.3037109375,-32.544921875,-32.0078125,
2023/08/02 11:10:17.000,-32.029296875,-32.8232421875,-31.765625,,-32.8203125,-33.2548828125,-32.509765625,-31.9794921875,
2023/08/02 11:10:25.000,-32.0068359375,-32.783203125,-31.7607421875,,-32.7861328125,-33.220703125,-32.4755859375,-31.9521484375,
2023/08/02 11:10:40.000,-31.94140625,-32.7275390625,-31.7548828125,,-32.736328125,-33.185546875,-32.427734375,-31.890625,
2023/08/02 11:10:59.000,-31.9189453125,-32.7099609375,-31.642578125,,-32.705078125,-33.1494140625,-32.4052734375,-31.859375,
2023/08/02 11:11:25.000,-31.982421875,-32.7724609375,-31.66796875,,-32.7490234375,-33.20703125,-32.4765625,-31.9326171875,
2023/08/02 11:11:35.000,-32.03125,-32.8291015625,-31.76171875,,-32.783203125,-33.2509765625,-32.5205078125,-31.982421875,
2023/08/02 11:11:55.000,-32.1630859375,-32.9599609375,-31.896484375,,-32.951171875,-33.419921875,-32.6953125,-32.119140625,
2023/08/02 11:12:10.000,-32.228515625,-33.041015625,-31.9140625,,-33.0302734375,-33.50390625,-32.783203125,-32.201171875,
2023/08/02 11:12:22.000,-32.2822265625,-33.06640625,-32.0400390625,,-33.0322265625,-33.517578125,-32.79296875,-32.232421875,
2023/08/02 11:13:11.000,-32.1865234375,-32.990234375,-32.0546875,,-32.9873046875,-33.4638671875,-32.68359375,-32.1455078125,
2023/08/02 11:13:46.000,-31.998046875,-32.806640625,-31.7421875,,-32.796875,-33.23828125,-32.490234375,-31.955078125,
2023/08/02 11:13:53.000,-31.9501953125,-32.796875,-31.7587890625,,-32.7900390625,-33.1884765625,-32.4345703125,-31.91796875,
2023/08/02 11:13:55.000,-31.94140625,-32.75390625,-31.7275390625,,-32.744140625,-33.1689453125,-32.4296875,-31.9013671875,
2023/08/02 11:14:19.000,-31.537109375,-32.2294921875,-31.1787109375,,-32.18359375,-32.64453125,-32.0615234375,-31.591796875,
2023/08/02 11:14:27.000,-31.5390625,-32.31640625,-31.24609375,,-32.26171875,-32.7177734375,-32.0849609375,-31.533203125,
2023/08/02 11:14:39.000,-31.39453125,-32.1357421875,-31.2060546875,,-32.15625,-32.6376953125,-32.052734375,-31.3974609375,
2023/08/02 11:15:07.000,-31.275390625,-32.0673828125,-30.96875,,-31.97265625,-32.48046875,-31.978515625,-31.3017578125,
2023/08/02 11:15:15.000,-31.357421875,-32.1083984375,-31.2177734375,,-32.0126953125,-32.513671875,-32.025390625,-31.3837890625,
2023/08/02 11:15:51.000,-31.6357421875,-32.388671875,-31.365234375,,-32.294921875,-32.80078125,-32.302734375,-31.67578125,
2023/08/02 11:15:59.000,-31.6796875,-32.447265625,-31.4384765625,,-32.3095703125,-32.83203125,-32.3076171875,-31.708984375,
2023/08/02 11:16:17.000,-31.7041015625,-32.4794921875,-31.453125,,-32.3876953125,-32.8896484375,-32.3681640625,-31.74609375,
2023/08/02 11:16:25.000,-31.701171875,-32.494140625,-31.5,,-32.400390625,-32.8876953125,-32.3515625,-31.73828125,
2023/08/02 11:16:35.000,-31.6845703125,-32.4775390625,-31.5361328125,,-32.40234375,-32.8896484375,-32.365234375,-31.7294921875,
2023/08/02 11:16:56.000,-31.62109375,-32.400390625,-31.3896484375,,-32.3330078125,-32.81640625,-32.275390625,-31.658203125,
2023/08/02 11:17:09.000,-31.533203125,-32.337890625,-31.4345703125,,-32.267578125,-32.7255859375,-32.2421875,-31.6201171875,
2023/08/02 11:17:17.000,-31.4755859375,-32.2890625,-31.388671875,,-32.2353515625,-32.68359375,-32.1689453125,-31.552734375,
2023/08/02 11:17:23.000,-31.4443359375,,-31.3359375,,-32.2236328125,-32.6796875,-32.1279296875,-31.5419921875,
2023/08/02 11:17:33.000,-31.435546875,-32.224609375,-31.185546875,,-32.1630859375,-32.611328125,-32.0791015625,-31.5322265625,
2023/08/02 11:18:11.000,-31.373046875,-32.15625,-31.1474609375,,-32.0859375,-32.533203125,-31.9912109375,-31.39453125,
2023/08/02 11:18:27.000,-31.396484375,-32.181640625,-31.185546875,,-32.095703125,-32.546875,-32.01171875,-31.40625,
2023/08/02 11:19:03.000,-31.541015625,-32.3193359375,-31.361328125,,-32.2333984375,-32.6904296875,-32.1123046875,-31.521484375,
2023/08/02 11:19:29.000,-31.7587890625,-32.5302734375,-31.4892578125,,-32.4375,-32.931640625,-32.3583984375,-31.7470703125,
2023/08/02 11:19:35.000,-31.8125,-32.5771484375,-31.5791015625,,-32.48828125,-32.9853515625,-32.4150390625,-31.810546875,
2023/08/02 11:19:45.000,-31.8623046875,-32.66015625,-31.5654296875,,-32.5634765625,-33.05078125,-32.4111328125,-31.80078125,
2023/08/02 11:19:52.000,-31.9228515625,-32.7177734375,-31.6494140625,,-32.6103515625,-33.1123046875,-32.5361328125,-31.9228515625,
2023/08/02 11:20:49.000,-31.9912109375,-32.783203125,-31.7705078125,,-32.7119140625,-33.181640625,-32.599609375,-32.0078125,
2023/08/02 11:21:05.000,-31.9140625,-32.7099609375,-31.59765625,,-32.65234375,-33.1123046875,-32.541015625,-31.91796875,
2023/08/02 11:21:15.000,-31.859375,-32.6611328125,-31.6376953125,,-32.595703125,-33.033203125,-32.4375,-31.87109375,
2023/08/02 11:21:44.000,-31.6728515625,-32.4482421875,-31.4228515625,,-32.3779296875,-32.818359375,-32.2197265625,-31.72265625,
2023/08/02 11:21:45.000,-31.6533203125,-32.435546875,,,-32.3681640625,,,-31.64453125,
2023/08/02 11:21:52.000,-31.6171875,-32.3984375,-31.373046875,,-32.32421875,-32.7744140625,-32.1748046875,-31.61328125,
2023/08/02 11:22:03.000,-31.568359375,-32.3466796875,-31.3134765625,,-32.267578125,-32.7041015625,-32.0986328125,-31.5751953125,
2023/08/02 11:22:13.000,-31.490234375,-32.2900390625,-31.2568359375,,-32.224609375,-32.6572265625,-32.05859375,-31.4921875,
2023/08/02 11:22:19.000,-31.478515625,-32.2578125,-31.2763671875,,-32.1982421875,-32.630859375,-32.0390625,-31.484375,
2023/08/02 11:22:57.000,-31.50390625,-32.291015625,-31.2216796875,,-32.2119140625,-32.6669921875,-32.0888671875,-31.4970703125,
2023/08/02 11:23:12.000,-31.6298828125,-32.388671875,-31.27734375,,-32.3056640625,-32.78125,-32.224609375,-31.626953125,
2023/08/02 11:23:25.000,-31.736328125,-32.5185546875,-31.4580078125,,-32.375,-32.8583984375,-32.2978515625,-31.7294921875,
2023/08/02 11:23:37.000,-31.810546875,-32.607421875,-31.6357421875,,-32.53125,-32.9970703125,-32.439453125,-31.8359375,
2023/08/02 11:23:42.000,-31.8486328125,-32.6376953125,-31.6484375,,-32.5625,-33.046875,-32.4697265625,-31.8681640625,
2023/08/02 11:24:07.000,-31.9140625,-32.74609375,-31.7568359375,,-32.671875,-33.1494140625,-32.595703125,-31.9990234375,
2023/08/02 11:24:22.000,-31.9443359375,-32.7607421875,-31.8056640625,,-32.703125,-33.17578125,-32.6064453125,-32.0029296875,
2023/08/02 11:24:30.000,-31.96484375,-32.759765625,-31.7138671875,,-32.7041015625,-33.169921875,-32.5966796875,-32.0166015625,
2023/08/02 11:24:37.000,-31.9619140625,-32.7548828125,-31.7216796875,,-32.69140625,-33.1552734375,-32.572265625,-32.001953125,
2023/08/02 11:24:45.000,-31.9365234375,-32.71875,-31.7646484375,,-32.6708984375,-33.126953125,-32.5302734375,-31.95703125,
2023/08/02 11:24:52.000,-31.9072265625,-32.7041015625,-31.6201171875,,-32.6484375,-33.0927734375,-32.5068359375,-31.923828125,
2023/08/02 11:24:55.000,-31.900390625,-32.693359375,-31.6318359375,,-32.6376953125,-33.0810546875,-32.521484375,-31.9013671875,
2023/08/02 11:25:02.000,-31.849609375,-32.658203125,-31.5986328125,,-32.60546875,-33.0458984375,-32.458984375,-31.8779296875,
2023/08/02 11:25:15.000,-31.80078125,-32.6103515625,-31.6953125,,-32.5537109375,-33.0009765625,-32.4052734375,-31.8359375,
2023/08/02 11:25:22.000,-31.7744140625,-32.5732421875,-31.4970703125,,-32.5234375,-32.974609375,-32.392578125,-31.78515625,
2023/08/02 11:25:25.000,-31.7607421875,-32.5654296875,-31.50390625,,-32.5146484375,-32.9599609375,-32.3740234375,-31.7744140625,
2023/08/02 11:25:32.000,-31.7421875,-32.5146484375,-31.47265625,,-32.466796875,-32.9267578125,-32.30859375,-31.74609375,
2023/08/02 11:25:43.000,-31.6904296875,-32.4697265625,-31.392578125,,-32.4375,-32.8720703125,-32.275390625,-31.6826171875,
2023/08/02 11:25:52.000,-31.64453125,-32.427734375,-31.3466796875,,-32.373046875,-32.8046875,-32.2197265625,-31.6435546875,
2023/08/02 11:26:03.000,-31.611328125,-32.3974609375,-31.421875,,-32.3330078125,-32.7734375,-32.16015625,-31.5986328125,
2023/08/02 11:26:09.000,-31.60546875,-32.388671875,-31.4287109375,,-32.3232421875,-32.765625,-32.14453125,-31.576171875,
2023/08/02 11:26:49.000,-31.640625,-32.4150390625,-31.404296875,,-32.3515625,-32.796875,-32.2109375,-31.630859375,
2023/08/02 11:27:22.000,-31.8525390625,-32.63671875,-31.5751953125,,-32.560546875,-33.048828125,-32.4345703125,-31.849609375,
2023/08/02 11:27:25.000,-31.8681640625,-32.65625,-31.677734375,,-32.5673828125,-33.0712890625,-32.443359375,-31.845703125,
2023/08/02 11:27:32.000,-31.9169921875,-32.6953125,-31.6484375,,-32.6103515625,-33.109375,-32.5087890625,-31.923828125,
2023/08/02 11:27:43.000,-31.974609375,-32.7490234375,-31.681640625,,-32.66015625,-33.171875,-32.5654296875,-31.96484375,
2023/08/02 11:27:49.000,-31.9970703125,-32.779296875,-31.732421875,,-32.69140625,-33.1689453125,-32.5927734375,-31.98046875,
2023/08/02 11:28:09.000,-31.994140625,-32.80078125,-31.806640625,,-32.71875,-33.1943359375,-32.59375,-32.0048828125,
2023/08/02 11:28:23.000,-31.9736328125,-32.7822265625,-31.7587890625,,-32.7099609375,-33.1806640625,-32.5625,-31.982421875,
2023/08/02 11:28:25.000,,-32.765625,-31.75,,-32.7041015625,-33.1728515625,,,
2023/08/02 11:28:32.000,-31.9638671875,-32.7470703125,-31.6689453125,,-32.685546875,-33.1484375,-32.5546875,-31.9775390625,
2023/08/02 11:28:43.000,-31.9072265625,-32.7216796875,-31.7841796875,,-32.66015625,-33.0966796875,-32.49609375,-31.9228515625,
2023/08/02 11:28:52.000,-31.8544921875,-32.6552734375,-31.66796875,,-32.5888671875,-33.060546875,-32.4462890625,-31.876953125,
2023/08/02 11:29:07.000,-31.76171875,-32.572265625,-31.5390625,,-32.5087890625,-32.9599609375,-32.3212890625,-31.7890625,
2023/08/02 11:29:13.000,,-32.5556640625,-31.5458984375,,-32.498046875,-32.935546875,-32.326171875,,
2023/08/02 11:29:19.000,-31.71484375,-32.5078125,-31.4912109375,,-32.4560546875,-32.8896484375,-32.2763671875,-31.7197265625,
2023/08/02 11:29:33.000,-31.6630859375,-32.4541015625,-31.396484375,,-32.3876953125,-32.8525390625,-32.23046875,-31.673828125,
2023/08/02 11:29:43.000,-31.626953125,-32.4189453125,-31.365234375,,-32.3515625,-32.806640625,-32.18359375,-31.626953125,
2023/08/02 11:29:53.000,-31.615234375,-32.4052734375,-31.3310546875,,-32.328125,-32.794921875,-32.1640625,-31.61328125,
2023/08/02 11:30:07.000,-31.6025390625,-32.396484375,-31.392578125,,-32.31640625,-32.76953125,-32.1767578125,,
2023/08/02 11:30:12.000,-31.603515625,-32.4013671875,-31.34375,,-32.314453125,-32.7880859375,-32.1591796875,-31.6259765625,
2023/08/02 11:30:25.000,-31.619140625,-32.4150390625,-31.4306640625,,-32.33203125,-32.7822265625,-32.2080078125,-31.64453125,
2023/08/02 11:30:31.000,-31.642578125,-32.42578125,-31.3984375,,-32.3505859375,-32.82421875,-32.228515625,-31.6455078125,
2023/08/02 11:31:07.000,-31.8798828125,-32.6396484375,-31.576171875,,-32.556640625,-33.052734375,-32.470703125,-31.8779296875,
2023/08/02 11:31:22.000,-31.9306640625,-32.7177734375,-31.7041015625,,-32.623046875,-33.1123046875,-32.5439453125,-31.931640625,
2023/08/02 11:31:34.000,-31.912109375,-32.7080078125,-31.69921875,,-32.6103515625,-33.0966796875,-32.533203125,-31.927734375,
2023/08/02 11:31:45.000,-31.908203125,-32.7001953125,-31.6669921875,,-32.5927734375,-33.083984375,-32.57421875,-31.947265625,
2023/08/02 11:32:03.000,-31.7421875,-32.5380859375,-31.5244140625,,-32.4150390625,-32.9296875,-32.470703125,-31.837890625,
2023/08/02 11:32:37.000,-31.640625,-32.4287109375,-31.3779296875,,-32.2998046875,-32.80859375,-32.3671875,-31.7099609375,
2023/08/02 11:32:53.000,-31.552734375,-32.345703125,-31.310546875,,-32.2255859375,-32.7021484375,-32.2705078125,-31.6201171875,
2023/08/02 11:33:46.000,-31.267578125,-32.0546875,-31.099609375,,-31.947265625,-32.427734375,-32.0283203125,-31.38671875,
2023/08/02 11:34:07.000,-31.2353515625,-32.0107421875,-31.1337890625,,-31.8896484375,-32.390625,-31.912109375,-31.2958984375,
2023/08/02 11:34:17.000,-31.2314453125,-32.015625,-30.91796875,,-31.890625,-32.375,,-31.2939453125,
2023/08/02 11:35:01.000,-31.4755859375,-32.2529296875,-31.220703125,,-32.0986328125,-32.625,-32.1611328125,-31.5263671875,
2023/08/02 11:35:17.000,-31.59765625,-32.361328125,-31.455078125,,-32.2119140625,-32.7421875,-32.279296875,-31.6376953125,
2023/08/02 11:35:31.000,-31.6611328125,-32.4306640625,-31.4580078125,,-32.27734375,-32.8046875,-32.33203125,-31.716796875,
2023/08/02 11:35:39.000,-31.6953125,-32.4658203125,-31.41015625,,-32.330078125,-32.8330078125,-32.375,-31.724609375,
2023/08/02 11:35:57.000,-31.685546875,-32.484375,-31.5458984375,,-32.33984375,-32.8505859375,-32.369140625,-31.7333984375,
2023/08/02 11:36:16.000,-31.650390625,-32.443359375,-31.4541015625,,-32.330078125,-32.83984375,-32.3486328125,-31.6962890625,
2023/08/02 11:36:47.000,-31.5029296875,-32.30078125,-31.30859375,,-32.1787109375,-32.658203125,-32.1728515625,-31.564453125,
2023/08/02 11:37:01.000,-31.44921875,-32.265625,-31.287109375,,-32.1416015625,-32.5927734375,-32.1025390625,-31.4892578125,
2023/08/02 11:37:09.000,-31.4287109375,-32.2158203125,-31.1708984375,,-32.0771484375,-32.5703125,-32.0703125,-31.466796875,
2023/08/02 11:37:15.000,-31.4267578125,-32.189453125,,,-32.0615234375,-32.5419921875,,-31.46875,
2023/08/02 11:37:21.000,-31.4013671875,-32.1728515625,-31.037109375,,-32.048828125,-32.5263671875,-32.0576171875,-31.4130859375,
2023/08/02 11:37:29.000,-31.369140625,-32.1611328125,-31.0556640625,,-32.0341796875,-32.5048828125,-32.0205078125,-31.40625,
2023/08/02 11:37:57.000,-31.3779296875,-32.1708984375,-31.162109375,,,-32.5205078125,-32.046875,-31.4287109375,
2023/08/02 11:38:44.000,-31.62109375,-32.4072265625,-31.2646484375,,-32.2587890625,-32.7724609375,-32.2998046875,-31.6533203125,
2023/08/02 11:38:47.000,-31.634765625,-32.42578125,-31.3134765625,,-32.2841796875,-32.7919921875,-32.3173828125,-31.658203125,
2023/08/02 11:38:51.000,-31.685546875,-32.43359375,-31.53125,,-32.29296875,-32.8388671875,-32.326171875,-31.705078125,
2023/08/02 11:39:15.000,-31.775390625,-32.587890625,-31.478515625,,-32.4462890625,-32.9580078125,-32.470703125,-31.8095703125,
2023/08/02 11:39:56.000,-31.7939453125,-32.6162109375,-31.576171875,,-32.4775390625,-32.9638671875,-32.4609375,-31.8330078125,
2023/08/02 11:39:57.000,,-32.599609375,,,-32.4697265625,-32.96484375,,,
2023/08/02 11:40:16.000,-31.7587890625,-32.52734375,-31.5458984375,,-32.3984375,-32.888671875,-32.4013671875,-31.787109375,
2023/08/02 11:40:38.000,-31.5888671875,-32.40234375,-31.34765625,,-32.2822265625,-32.755859375,-32.2451171875,-31.6259765625,
2023/08/02 11:41:07.000,-31.4541015625,-32.23046875,-31.3330078125,,-32.1044921875,-32.5693359375,-32.1123046875,-31.5078125,
2023/08/02 11:41:17.000,-31.384765625,-32.1875,-31.119140625,,-32.0654296875,-32.5419921875,-32.033203125,-31.439453125,
2023/08/02 11:41:29.000,-31.365234375,-32.169921875,-31.1318359375,,-32.0361328125,-32.5263671875,-32.0068359375,-31.4248046875,
2023/08/02 11:41:57.000,-31.37890625,-32.1796875,-31.1142578125,,-32.044921875,-32.5224609375,,-31.392578125,
2023/08/02 11:42:27.000,-31.580078125,-32.3603515625,-31.2880859375,,-32.2158203125,-32.7255859375,-32.244140625,-31.60546875,
2023/08/02 11:42:34.000,-31.625,-32.4326171875,-31.35546875,,-32.2822265625,-32.791015625,-32.3076171875,-31.666015625,
2023/08/02 11:42:39.000,-31.6357421875,-32.4619140625,-31.466796875,,-32.326171875,-32.8203125,-32.3564453125,-31.6875,
2023/08/02 11:42:59.000,-31.78515625,-32.5751953125,-31.587890625,,-32.443359375,-32.9482421875,-32.4609375,-31.8388671875,
2023/08/02 11:43:19.000,-31.8125,-32.6181640625,-31.5078125,,-32.48828125,-32.9853515625,-32.501953125,-31.8564453125,
2023/08/02 11:43:51.000,-31.763671875,-32.564453125,-31.5380859375,,-32.42578125,-32.9326171875,-32.421875,-31.81640625,
2023/08/02 11:43:57.000,-31.7275390625,-32.546875,-31.5,,-32.41015625,-32.90625,-32.40234375,-31.7958984375,
2023/08/02 11:44:15.000,-31.65625,-32.4443359375,-31.3662109375,,-32.30859375,-32.7919921875,-32.30859375,-31.712890625,
2023/08/02 11:44:27.000,-31.603515625,-32.3818359375,-31.3623046875,,-32.2587890625,-32.7353515625,-32.2265625,-31.6455078125,
2023/08/02 11:44:39.000,-31.515625,-32.330078125,-31.3193359375,,-32.2060546875,-32.68359375,-32.169921875,-31.560546875,
2023/08/02 11:44:54.000,-31.484375,-32.26171875,-31.2255859375,,-32.1474609375,-32.623046875,-32.10546875,-31.5048828125,
2023/08/02 11:45:02.000,-31.4443359375,-32.248046875,-31.2109375,,-32.1259765625,-32.6005859375,-32.1083984375,-31.4873046875,
2023/08/02 11:45:09.000,-31.435546875,-32.2333984375,-31.169921875,,-32.109375,-32.583984375,-32.08984375,-31.482421875,
2023/08/02 11:45:17.000,-31.4267578125,-32.224609375,-31.26953125,,-32.10546875,-32.57421875,-32.08203125,-31.48046875,
2023/08/02 11:45:24.000,-31.4345703125,-32.2265625,-31.173828125,,-32.099609375,-32.583984375,-32.0869140625,-31.47265625,
2023/08/02 11:45:59.000,-31.5078125,-32.2978515625,-31.216796875,,-32.1796875,-32.6787109375,-32.197265625,-31.5546875,
2023/08/02 11:46:07.000,-31.564453125,-32.359375,-31.287109375,,-32.220703125,-32.740234375,-32.224609375,-31.611328125,
2023/08/02 11:46:14.000,-31.6015625,-32.412109375,-31.3984375,,-32.275390625,-32.7724609375,-32.27734375,-31.666015625,
2023/08/02 11:46:27.000,-31.7177734375,-32.4716796875,-31.3779296875,,-32.3310546875,-32.8486328125,-32.3916015625,-31.75390625,
2023/08/02 11:46:37.000,-31.7705078125,-32.5693359375,-31.3935546875,,-32.43359375,-32.9404296875,-32.3974609375,-31.7822265625,
2023/08/02 11:46:50.000,-31.81640625,-32.6337890625,-31.529296875,,-32.490234375,-33.015625,-32.494140625,-31.84765625,
2023/08/02 11:46:59.000,-31.857421875,-32.666015625,-31.5947265625,,-32.53515625,-33.0556640625,-32.546875,-31.9013671875,
2023/08/02 11:47:27.000,-31.8583984375,-32.6572265625,-31.47265625,,-32.5322265625,-33.01953125,-32.5380859375,-31.88671875,
2023/08/02 11:47:37.000,-31.8037109375,-32.625,-31.6123046875,,-32.4990234375,-33.001953125,-32.490234375,-31.8896484375,
2023/08/02 11:48:04.000,-31.6943359375,-32.494140625,-31.4580078125,,-32.3681640625,-32.84765625,-32.3583984375,-31.7353515625,
2023/08/02 11:48:27.000,-31.5849609375,-32.3798828125,-31.412109375,,-32.2587890625,-32.7275390625,-32.26171875,-31.6474609375,
2023/08/02 11:48:37.000,-31.5458984375,-32.359375,-31.361328125,,-32.244140625,-32.708984375,-32.1982421875,-31.5888671875,
2023/08/02 11:48:47.000,-31.5361328125,-32.326171875,-31.3642578125,,-32.1982421875,-32.67578125,-32.1826171875,-31.58984375,
2023/08/02 11:49:04.000,-31.5,-32.2998046875,-31.2783203125,,-32.177734375,-32.6611328125,-32.1513671875,-31.529296875,
2023/08/02 11:49:28.000,-31.5380859375,-32.3369140625,-31.2265625,,-32.19140625,-32.6748046875,-32.1640625,-31.5751953125,
2023/08/02 11:49:31.000,-31.5390625,-32.3427734375,-31.21484375,,-32.205078125,-32.7021484375,-32.1796875,-31.58984375,
2023/08/02 11:49:51.000,-31.6220703125,-32.4091796875,-31.3564453125,,-32.26171875,-32.759765625,-32.2607421875,-31.6376953125,
2023/08/02 11:50:09.000,-31.7451171875,-32.533203125,-31.5458984375,,-32.3916015625,-32.9072265625,-32.392578125,-31.751953125,
2023/08/02 11:50:15.000,-31.78515625,-32.5869140625,-31.5341796875,,-32.43359375,-32.9599609375,-32.4443359375,-31.8203125,
2023/08/02 11:50:21.000,-31.8271484375,-32.625,-31.5126953125,,-32.48046875,-33,-32.5126953125,-31.873046875,
2023/08/02 11:50:29.000,-31.8896484375,-32.6845703125,-31.6396484375,,-32.546875,-33.048828125,-32.5625,-31.9169921875,
2023/08/02 11:50:47.000,-31.9677734375,-32.78125,-31.78515625,,-32.646484375,-33.1669921875,-32.6845703125,-32.0205078125,
2023/08/02 11:50:57.000,-31.994140625,-32.8056640625,-31.7607421875,,-32.662109375,-33.1767578125,-32.7099609375,-32.0751953125,
2023/08/02 11:51:07.000,-31.9140625,-32.7685546875,-31.806640625,,-32.642578125,-33.14453125,-32.70703125,-32.060546875,
2023/08/02 11:51:27.000,-31.703125,-32.5078125,-31.5146484375,,-32.35546875,-32.87890625,-32.517578125,-31.837890625,
2023/08/02 11:51:52.000,-31.537109375,-32.345703125,-31.365234375,,-32.205078125,-32.7158203125,-32.35546875,-31.6669921875,
2023/08/02 11:51:59.000,-31.49609375,-32.30078125,-31.263671875,,-32.15234375,-32.6513671875,-32.3056640625,-31.6298828125,
2023/08/02 11:52:37.000,-31.3251953125,-32.1376953125,-31.12890625,,-31.970703125,-32.4677734375,-32.123046875,-31.4365234375,
2023/08/02 11:52:43.000,-31.3046875,-32.1171875,-31.0478515625,,-31.9521484375,-32.4521484375,-32.08984375,-31.419921875,
2023/08/02 11:53:18.000,-31.2919921875,-32.115234375,-31.0595703125,,-31.93359375,-32.4462890625,-32.0625,-31.4111328125,
2023/08/02 11:53:29.000,-31.3505859375,-32.1357421875,-31.1162109375,,-31.9599609375,-32.4677734375,-32.109375,-31.4541015625,
2023/08/02 11:53:46.000,-31.4130859375,-32.2021484375,-31.1064453125,,-32.0244140625,-32.52734375,-32.1865234375,-31.4873046875,
2023/08/02 11:53:49.000,-31.4296875,-32.2197265625,-31.1904296875,,-32.0419921875,-32.5380859375,-32.1923828125,-31.5107421875,
2023/08/02 11:54:35.000,-31.5419921875,-32.3544921875,-31.3642578125,,-32.193359375,-32.7158203125,-32.3515625,-31.6845703125,
2023/08/02 11:54:43.000,-31.5595703125,-32.359375,-31.4345703125,,-32.1953125,-32.705078125,-32.3330078125,-31.6708984375,
2023/08/02 11:55:11.000,-31.5263671875,-32.3408203125,-31.3125,,-32.169921875,-32.66796875,-32.2568359375,-31.6171875,
2023/08/02 11:55:29.000,-31.453125,-32.248046875,-31.310546875,,-32.080078125,-32.5791015625,-32.1787109375,-31.537109375,
2023/08/02 11:55:50.000,-31.3427734375,-32.150390625,-31.1455078125,,-31.9833984375,-32.4794921875,-32.080078125,-31.443359375,
2023/08/02 11:56:01.000,-31.298828125,-32.072265625,-30.990234375,,-31.9013671875,-32.3955078125,-31.9892578125,-31.384765625,
2023/08/02 11:56:44.000,-31.1201171875,-31.91015625,-30.9375,,-31.728515625,-32.220703125,-31.8203125,-31.193359375,
2023/08/02 11:57:16.000,-31.166015625,-31.935546875,-30.919921875,,-31.763671875,-32.26171875,-31.83984375,-31.22265625,
2023/08/02 11:57:17.000,,,-30.8720703125,,-31.76171875,-32.28125,-31.86328125,-31.236328125,
2023/08/02 11:57:41.000,-31.263671875,-32.076171875,-30.98046875,,-31.8916015625,-32.423828125,-31.9970703125,-31.3369140625,
2023/08/02 11:57:49.000,-31.34375,-32.12890625,-31.0986328125,,-31.9462890625,-32.4326171875,-32.08203125,-31.41015625,
2023/08/02 11:58:25.000,-31.4130859375,-32.216796875,-31.17578125,,-32.052734375,-32.5703125,-32.2021484375,-31.5380859375,
2023/08/02 11:58:47.000,-31.3564453125,-32.197265625,-31.1826171875,,-32.0439453125,-32.5166015625,-32.1630859375,-31.5126953125,
2023/08/02 11:58:57.000,-31.3125,-32.12890625,-31.169921875,,-31.9677734375,-32.4541015625,-32.146484375,-31.462890625,
2023/08/02 11:59:03.000,-31.267578125,-32.0986328125,-31.1796875,,-31.9453125,-32.4306640625,-32.0791015625,-31.421875,
2023/08/02 11:59:10.000,-31.236328125,-32.091796875,-31.0556640625,,-31.931640625,-32.42578125,-32.0341796875,-31.3984375,
2023/08/02 11:59:21.000,-31.1689453125,-32.0009765625,-31.029296875,,-31.8525390625,-32.3427734375,-31.955078125,-31.3232421875,
2023/08/02 11:59:31.000,-31.1142578125,-31.9453125,-30.9052734375,,-31.80078125,-32.2705078125,-31.8935546875,-31.259765625,
2023/08/02 12:00:00.000,-30.9248046875,-31.751953125,-30.822265625,,-31.6083984375,-32.11328125,-31.7421875,-31.109375,
2023/08/02 12:00:09.000,-30.90234375,-31.7294921875,-30.7919921875,,-31.58203125,-32.0771484375,-31.712890625,-31.0693359375,
2023/08/02 12:00:45.000,-30.9140625,-31.7451171875,-30.8037109375,,-31.578125,-32.056640625,-31.7509765625,-31.0927734375,
2023/08/02 12:00:53.000,-30.9267578125,-31.7421875,-30.830078125,,-31.587890625,-32.0869140625,-31.7607421875,-31.115234375,
2023/08/02 12:01:11.000,-31.0390625,-31.806640625,-30.8310546875,,-31.654296875,-32.1796875,-31.826171875,-31.17578125,
2023/08/02 12:01:53.000,-31.39453125,-32.1796875,-31.2333984375,,-31.998046875,-32.5361328125,-32.15625,-31.5009765625,
2023/08/02 12:02:18.000,-31.5087890625,-32.294921875,-31.2392578125,,-32.11328125,-32.634765625,-32.271484375,-31.607421875,
2023/08/02 12:02:41.000,-31.53125,-32.3232421875,-31.3291015625,,-32.1513671875,-32.6494140625,-32.287109375,-31.603515625,
2023/08/02 12:02:51.000,-31.51953125,-32.3056640625,-31.3427734375,,-32.1357421875,-32.6533203125,-32.279296875,-31.59765625,
2023/08/02 12:03:01.000,-31.46875,-32.279296875,-31.3232421875,,-32.1171875,-32.63671875,-32.2265625,-31.576171875,
2023/08/02 12:03:13.000,-31.43359375,-32.2529296875,-31.2021484375,,-32.083984375,-32.5908203125,-32.2001953125,-31.5498046875,
2023/08/02 12:03:29.000,-31.3125,-32.146484375,-31.1337890625,,-31.9921875,-32.486328125,-32.103515625,-31.466796875,
2023/08/02 12:03:39.000,-31.267578125,-32.0859375,-31.0693359375,,-31.923828125,-32.4013671875,-32.0673828125,-31.419921875,
2023/08/02 12:04:03.000,-30.927734375,-31.7470703125,-30.7490234375,,-31.5693359375,-32.0654296875,-31.765625,-31.103515625,
2023/08/02 12:04:11.000,-30.8203125,-31.630859375,-30.732421875,,-31.439453125,-31.96875,-31.705078125,-31.025390625,
2023/08/02 12:04:41.000,-30.7900390625,-31.576171875,-30.630859375,,-31.373046875,-31.884765625,-31.6396484375,-30.947265625,
2023/08/02 12:04:47.000,-30.7939453125,-31.578125,-30.6396484375,,-31.3759765625,-31.8935546875,,-30.9658203125,
2023/08/02 12:04:53.000,-30.806640625,-31.5927734375,-30.673828125,,-31.3994140625,-31.9228515625,-31.6435546875,-30.9609375,
2023/08/02 12:05:10.000,-30.8203125,-31.666015625,-30.73828125,,-31.4638671875,-31.9873046875,-31.736328125,-31.0322265625,
2023/08/02 12:05:39.000,-31.125,-31.91796875,-30.80859375,,-31.6533203125,-32.1923828125,-31.947265625,-31.2802734375,
2023/08/02 12:05:51.000,-31.146484375,-31.9677734375,-31.0224609375,,-31.765625,-32.29296875,-32.056640625,-31.333984375,
2023/08/02 12:06:06.000,-31.1982421875,-32.017578125,-31.001953125,,-31.8193359375,-32.33984375,-32.1142578125,-31.3935546875,
2023/08/02 12:06:14.000,-31.220703125,-32.0361328125,-31.0810546875,,-31.837890625,-32.3740234375,-32.1328125,-31.404296875,
2023/08/02 12:06:21.000,-31.2255859375,-32.0341796875,-31.029296875,,-31.8359375,-32.3779296875,-32.1142578125,-31.4072265625,
2023/08/02 12:06:29.000,-31.2294921875,-32.0380859375,-31.0849609375,,-31.837890625,-32.36328125,-32.0986328125,-31.380859375,
2023/08/02 12:07:23.000,-31.0068359375,-31.798828125,-30.779296875,,-31.591796875,-32.08984375,-31.806640625,-31.11328125,
2023/08/02 12:07:38.000,-30.9375,-31.7041015625,-30.6962890625,,-31.5078125,-32.0107421875,-31.7373046875,-31.0615234375,
2023/08/02 12:07:39.000,-30.91015625,-31.69921875,-30.669921875,,-31.4990234375,,-31.71484375,-31.04296875,
2023/08/02 12:07:46.000,-30.8642578125,-31.658203125,-30.6689453125,,-31.458984375,-31.9560546875,-31.6865234375,-31.0029296875,
2023/08/02 12:08:12.000,-30.7880859375,-31.5791015625,-30.5751953125,,-31.3759765625,-31.8720703125,-31.5947265625,-30.916015625,
2023/08/02 12:08:13.000,,-31.57421875,,,-31.3681640625,-31.8759765625,,,
2023/08/02 12:08:33.000,-30.8154296875,-31.5791015625,-30.546875,,-31.3701171875,-31.896484375,-31.6083984375,-30.9140625,
2023/08/02 12:08:59.000,-30.9267578125,-31.66796875,-30.7001953125,,-31.4599609375,-32.0283203125,-31.7314453125,-31.03515625,
2023/08/02 12:09:26.000,-31.08984375,-31.8994140625,-30.9248046875,,-31.689453125,-32.2294921875,-31.9462890625,-31.2412109375,
2023/08/02 12:09:29.000,-31.11328125,-31.908203125,-30.9375,,-31.703125,-32.2333984375,-31.986328125,-31.259765625,
2023/08/02 12:09:41.000,-31.1787109375,-31.9560546875,-30.904296875,,-31.7646484375,-32.2939453125,-32.0390625,-31.318359375,
2023/08/02 12:09:56.000,-31.21484375,-31.998046875,-30.9853515625,,-31.7919921875,-32.314453125,-32.0634765625,-31.349609375,
2023/08/02 12:10:04.000,-31.185546875,-31.994140625,-31.02734375,,-31.7978515625,-32.3037109375,-32.06640625,-31.34765625,
2023/08/02 12:10:11.000,-31.169921875,-31.9892578125,-31.0556640625,,-31.791015625,-32.3173828125,-32.048828125,-31.3505859375,
2023/08/02 12:10:19.000,-31.1572265625,-31.96484375,-31.0185546875,,-31.7685546875,-32.2822265625,-32.046875,-31.32421875,
2023/08/02 12:10:23.000,-31.1376953125,-31.9423828125,-31.0361328125,,-31.7666015625,-32.287109375,-32.0478515625,-31.3173828125,
2023/08/02 12:10:43.000,-31.015625,-31.845703125,-30.8349609375,,-31.6728515625,-32.14453125,-31.9189453125,-31.2197265625,
2023/08/02 12:10:51.000,-30.9267578125,-31.814453125,-30.8837890625,,-31.62890625,-32.126953125,-31.880859375,-31.1806640625,
2023/08/02 12:11:03.000,-30.87890625,-31.755859375,-30.830078125,,-31.56640625,-32.0498046875,-31.8056640625,-31.12890625,
2023/08/02 12:11:17.000,-30.8623046875,-31.6689453125,-30.669921875,,-31.4912109375,-31.9873046875,-31.728515625,-31.0458984375,
2023/08/02 12:11:26.000,-30.8447265625,-31.64453125,-30.6083984375,,-31.4541015625,-31.9404296875,-31.6806640625,-31.005859375,
2023/08/02 12:11:33.000,-30.81640625,-31.62109375,-30.5859375,,-31.4248046875,-31.931640625,-31.6572265625,-30.9716796875,
2023/08/02 12:11:41.000,-30.8134765625,-31.5947265625,-30.626953125,,-31.4111328125,-31.9013671875,-31.625,-30.951171875,
2023/08/02 12:11:51.000,-30.810546875,-31.583984375,-30.486328125,,-31.3916015625,-31.9052734375,-31.607421875,-30.9267578125,
2023/08/02 12:12:01.000,-30.81640625,-31.6005859375,-30.5009765625,,-31.3896484375,-31.8984375,-31.6123046875,-30.94140625,
2023/08/02 12:12:11.000,-30.8232421875,-31.59765625,-30.6396484375,,-31.3935546875,-31.89453125,-31.625,-30.955078125,
2023/08/02 12:12:21.000,-30.8349609375,-31.6123046875,-30.564453125,,-31.4072265625,-31.921875,-31.619140625,-30.953125,
2023/08/02 12:12:37.000,-30.9140625,-31.69140625,-30.705078125,,-31.482421875,-31.998046875,-31.72265625,-31.0224609375,
2023/08/02 12:12:43.000,-30.908203125,-31.7236328125,-30.72265625,,-31.513671875,-32.046875,-31.7333984375,-31.037109375,
2023/08/02 12:12:51.000,-31.0244140625,-31.791015625,-30.705078125,,-31.5751953125,-32.109375,-31.8154296875,-31.1201171875,
2023/08/02 12:13:07.000,-31.11328125,-31.875,-30.8154296875,,-31.642578125,-32.1796875,-31.927734375,-31.236328125,
2023/08/02 12:13:21.000,-31.0400390625,-31.798828125,-30.7431640625,,-31.5517578125,-32.1376953125,-31.919921875,-31.18359375,
2023/08/02 12:13:58.000,-31.078125,-31.8544921875,-30.8115234375,,-31.5947265625,-32.1630859375,-31.9873046875,-31.2314453125,
2023/08/02 12:13:59.000,,-31.8583984375,,,-31.6015625,-32.16796875,,,
2023/08/02 12:14:21.000,-31.044921875,-31.8203125,-30.7490234375,,-31.5576171875,-32.119140625,-31.9375,-31.2197265625,
2023/08/02 12:14:38.000,-30.9765625,-31.7607421875,-30.7001953125,,-31.5029296875,-32.0380859375,-31.8681640625,-31.1240234375,
2023/08/02 12:15:47.000,-30.5810546875,-31.3623046875,-30.30078125,,-31.1044921875,-31.65234375,-31.466796875,-30.7333984375,
2023/08/02 12:15:59.000,-30.55859375,-31.3251953125,-30.3134765625,,-31.0712890625,-31.5927734375,-31.416015625,-30.70703125,
2023/08/02 12:16:09.000,-30.548828125,-31.3173828125,-30.2607421875,,-31.0673828125,-31.5615234375,-31.4306640625,-30.7119140625,
2023/08/02 12:16:27.000,-30.6015625,-31.345703125,-30.3134765625,,-31.099609375,-31.6572265625,-31.4951171875,-30.7666015625,
2023/08/02 12:16:35.000,-30.634765625,-31.388671875,-30.361328125,,-31.13671875,-31.6953125,-31.541015625,-30.806640625,
2023/08/02 12:17:03.000,-30.8388671875,-31.607421875,-30.748046875,,-31.345703125,-31.9462890625,-31.791015625,-31.0546875,
2023/08/02 12:17:11.000,-30.896484375,-31.681640625,-30.7236328125,,-31.4501953125,-32.01171875,-31.8427734375,-31.1015625,
2023/08/02 12:17:47.000,-31.001953125,-31.7880859375,-30.7783203125,,-31.560546875,-32.109375,-31.9267578125,-31.1884765625,
2023/08/02 12:17:55.000,-30.998046875,-31.78515625,-30.7470703125,,-31.552734375,-32.091796875,-31.9140625,-31.193359375,
2023/08/02 12:18:05.000,-30.974609375,-31.7705078125,-30.7138671875,,-31.537109375,-32.0654296875,-31.8935546875,-31.15234375,
2023/08/02 12:18:13.000,-30.9580078125,-31.73828125,-30.7333984375,,-31.509765625,-32.0439453125,-31.8515625,-31.1328125,
2023/08/02 12:18:31.000,-30.8837890625,-31.662109375,-30.71484375,,-31.4287109375,-31.9658203125,-31.75,-31.05078125,
2023/08/02 12:18:45.000,-30.798828125,-31.5947265625,-30.658203125,,-31.357421875,-31.890625,-31.6943359375,-30.9716796875,
2023/08/02 12:18:49.000,-30.7880859375,-31.583984375,-30.6025390625,,-31.3369140625,-31.845703125,-31.654296875,-30.9365234375,
2023/08/02 12:18:51.000,-30.7802734375,-31.568359375,-30.5537109375,,-31.3193359375,-31.8486328125,-31.6630859375,-30.931640625,
2023/08/02 12:19:09.000,-30.708984375,-31.4765625,-30.490234375,,-31.2392578125,-31.765625,-31.58203125,-30.8720703125,
2023/08/02 12:19:21.000,-30.6728515625,-31.4501953125,-30.3701171875,,-31.203125,-31.7412109375,-31.5322265625,-30.822265625,
2023/08/02 12:19:35.000,-30.6552734375,-31.42578125,-30.375,,-31.1806640625,-31.7216796875,-31.505859375,-30.7861328125,
2023/08/02 12:20:02.000,-30.681640625,-31.455078125,-30.423828125,,-31.1982421875,-31.7421875,-31.529296875,-30.8125,
2023/08/02 12:20:11.000,-30.701171875,-31.4873046875,-30.5234375,,-31.2265625,-31.7841796875,-31.5498046875,-30.833984375,
2023/08/02 12:20:37.000,-30.8828125,-31.65234375,-30.4921875,,-31.3896484375,-31.9501953125,-31.7568359375,-31.0107421875,
2023/08/02 12:20:43.000,-30.9423828125,-31.7080078125,-30.6328125,,-31.4345703125,-32.0048828125,-31.802734375,-31.0732421875,
2023/08/02 12:21:11.000,-31.072265625,-31.8564453125,-30.900390625,,-31.603515625,-32.1611328125,-31.9658203125,-31.2265625,
2023/08/02 12:21:25.000,-31.095703125,-31.8828125,-30.8134765625,,-31.6298828125,-32.197265625,-31.9833984375,-31.2587890625,
2023/08/02 12:21:33.000,-31.099609375,-31.89453125,-30.7841796875,,-31.638671875,-32.1962890625,-31.9912109375,-31.2646484375,
2023/08/02 12:21:53.000,-31.0302734375,-31.859375,-30.8076171875,,-31.6005859375,-32.1337890625,-31.9306640625,-31.201171875,
2023/08/02 12:22:11.000,-30.962890625,-31.7568359375,-30.818359375,,-31.51953125,-32.0634765625,-31.859375,-31.1474609375,
2023/08/02 12:23:01.000,-30.755859375,-31.546875,-30.505859375,,-31.294921875,-31.8271484375,-31.6103515625,-30.908203125,
2023/08/02 12:23:37.000,-30.7275390625,-31.51953125,-30.4833984375,,-31.2666015625,-31.796875,-31.58984375,-30.873046875,
2023/08/02 12:24:10.000,-30.8525390625,-31.62109375,-30.634765625,,-31.3564453125,-31.9150390625,-31.6962890625,-30.9716796875,
2023/08/02 12:24:11.000,-30.8740234375,,-30.4716796875,,,-31.908203125,-31.7080078125,-30.990234375,
2023/08/02 12:24:25.000,-30.966796875,-31.705078125,-30.658203125,,-31.447265625,-32.0283203125,-31.8330078125,-31.1044921875,
2023/08/02 12:24:33.000,-30.9228515625,-31.7939453125,-30.833984375,,-31.5341796875,-32.09765625,-31.9267578125,-31.169921875,
2023/08/02 12:24:51.000,-31.087890625,-31.9228515625,-30.88671875,,-31.6728515625,-32.2216796875,-32.0576171875,-31.3125,
2023/08/02 12:25:03.000,-31.1611328125,-31.9638671875,-31.01171875,,-31.728515625,-32.30078125,-32.1044921875,-31.3603515625,
2023/08/02 12:25:23.000,-31.21484375,-32.015625,-30.9833984375,,-31.7666015625,-32.337890625,-32.15625,-31.396484375,
2023/08/02 12:25:35.000,-31.2265625,-32.021484375,-31.0224609375,,-31.7724609375,-32.328125,-32.1279296875,-31.384765625,
2023/08/02 12:25:43.000,-31.2119140625,-32.0078125,-30.9345703125,,-31.759765625,-32.31640625,-32.08203125,-31.3515625,
2023/08/02 12:25:55.000,-31.1650390625,-31.958984375,-30.966796875,,-31.71875,-32.25,-32.0244140625,-31.30859375,
2023/08/02 12:26:03.000,-31.115234375,-31.9267578125,-30.7919921875,,-31.6806640625,-32.2109375,-31.9892578125,-31.28125,
2023/08/02 12:26:21.000,-31.0263671875,-31.830078125,-30.8046875,,-31.6201171875,-32.150390625,-31.919921875,-31.1884765625,
2023/08/02 12:26:33.000,-30.9697265625,-31.7724609375,-30.736328125,,-31.5361328125,-32.06640625,-31.853515625,-31.1240234375,
2023/08/02 12:26:50.000,-30.8818359375,-31.6728515625,-30.5625,,-31.4345703125,-31.9677734375,-31.7431640625,-31.0322265625,
2023/08/02 12:26:51.000,-30.87109375,,-30.6416015625,,,-31.95703125,-31.71875,-31.0107421875,
2023/08/02 12:27:01.000,-30.8408203125,-31.642578125,-30.548828125,,-31.3974609375,-31.9189453125,-31.6962890625,-30.9814453125,
2023/08/02 12:27:26.000,-30.7880859375,-31.576171875,-30.61328125,,-31.3310546875,-31.8828125,-31.6669921875,-30.9384765625,
2023/08/02 12:28:13.000,-30.931640625,-31.7216796875,-30.7158203125,,-31.4716796875,-32.0126953125,-31.8095703125,-31.0927734375,
2023/08/02 12:28:19.000,-30.984375,-31.7607421875,-30.7978515625,,-31.5185546875,-32.068359375,-31.8447265625,-31.119140625,
2023/08/02 12:28:31.000,-31.0361328125,-31.8095703125,-30.76171875,,-31.5654296875,-32.130859375,-31.94140625,-31.220703125,
2023/08/02 12:28:44.000,-31.0771484375,-31.8515625,-30.9453125,,-31.6005859375,-32.1689453125,-31.9462890625,-31.2294921875,
2023/08/02 12:28:58.000,-31.099609375,-31.888671875,-30.8505859375,,-31.638671875,-32.2060546875,-31.9755859375,-31.2568359375,
2023/08/02 12:29:06.000,-31.103515625,-31.896484375,-30.87109375,,-31.6474609375,-32.20703125,-31.9677734375,-31.25,
2023/08/02 12:29:13.000,-31.095703125,-31.900390625,-30.810546875,,-31.6396484375,-32.1875,-31.9755859375,-31.26171875,
2023/08/02 12:29:21.000,-31.078125,-31.8828125,-30.828125,,-31.6337890625,-32.1826171875,-31.9521484375,-31.2353515625,
2023/08/02 12:29:25.000,-31.0810546875,-31.873046875,-30.9208984375,,-31.625,-32.18359375,-31.9560546875,-31.2265625,
2023/08/02 12:29:34.000,-31.0869140625,-31.8583984375,-30.9765625,,-31.6005859375,-32.1357421875,-31.9404296875,-31.2275390625,
2023/08/02 12:29:45.000,-30.990234375,-31.80078125,-30.6455078125,,-31.5595703125,-32.08984375,-31.845703125,-31.15234375,
2023/08/02 12:30:01.000,-30.89453125,-31.677734375,-30.705078125,,-31.4443359375,-31.97265625,-31.748046875,-31.05078125,
2023/08/02 12:30:23.000,-30.7490234375,-31.5283203125,-30.537109375,,-31.3037109375,-31.830078125,-31.630859375,-30.9326171875,
2023/08/02 12:30:53.000,-30.5908203125,-31.37109375,-30.291015625,,-31.138671875,-31.650390625,-31.466796875,-30.7578125,
2023/08/02 12:31:08.000,-30.529296875,-31.3388671875,-30.310546875,,-31.0986328125,-31.6162109375,-31.4306640625,-30.7421875,
2023/08/02 12:31:16.000,-30.49609375,-31.3125,-30.330078125,,-31.0830078125,-31.6103515625,-31.4365234375,-30.73828125,
2023/08/02 12:31:23.000,-30.5068359375,-31.306640625,-30.3701171875,,-31.080078125,-31.5986328125,-31.431640625,-30.7236328125,
2023/08/02 12:31:28.000,-30.5185546875,-31.3037109375,-30.3427734375,,-31.07421875,-31.5888671875,-31.435546875,-30.724609375,
2023/08/02 12:31:36.000,-30.404296875,-31.1884765625,-30.212890625,,-30.94140625,-31.466796875,-31.3701171875,-30.669921875,
2023/08/02 12:31:43.000,-30.384765625,-31.1650390625,-30.2080078125,,-30.900390625,-31.455078125,-31.373046875,-30.6513671875,
2023/08/02 12:31:51.000,-30.412109375,-31.19921875,-30.2890625,,-30.9228515625,-31.4814453125,-31.412109375,-30.6689453125,
2023/08/02 12:32:22.000,-30.5830078125,-31.38671875,-30.3564453125,,-31.1103515625,-31.6591796875,-31.564453125,-30.8388671875,
2023/08/02 12:32:33.000,-30.6357421875,-31.4296875,-30.4580078125,,-31.1474609375,-31.708984375,-31.6337890625,-30.8720703125,
2023/08/02 12:33:01.000,-30.66796875,-31.4501953125,-30.423828125,,-31.1748046875,-31.7294921875,-31.6484375,-30.8994140625,
2023/08/02 12:33:21.000,-30.583984375,-31.38671875,-30.4580078125,,-31.1064453125,-31.6689453125,-31.5830078125,-30.8671875,
2023/08/02 12:33:28.000,-30.5234375,-31.341796875,-30.421875,,-31.078125,-31.6103515625,-31.5615234375,-30.833984375,
2023/08/02 12:33:31.000,-30.4970703125,-31.33203125,-30.369140625,,-31.0634765625,-31.6259765625,-31.53125,-30.7890625,
2023/08/02 12:33:38.000,-30.44921875,-31.2734375,-30.3203125,,-31.015625,-31.556640625,-31.4736328125,-30.732421875,
2023/08/02 12:34:11.000,-30.251953125,-31.119140625,-30.1904296875,,-30.849609375,-31.3896484375,-31.3330078125,-30.5927734375,
2023/08/02 12:34:31.000,-30.2158203125,-31.0556640625,-30.138671875,,-30.7919921875,-31.3408203125,-31.275390625,-30.5458984375,
2023/08/02 12:35:03.000,-30.294921875,-31.087890625,-30.1630859375,,-30.8134765625,-31.3681640625,-31.287109375,-30.548828125,
2023/08/02 12:36:03.000,-30.6494140625,-31.44140625,-30.498046875,,-31.1650390625,-31.7353515625,-31.6767578125,-30.8896484375,
2023/08/02 12:36:18.000,-30.7529296875,-31.544921875,-30.48828125,,-31.2666015625,-31.837890625,-31.7470703125,-30.9873046875,
2023/08/02 12:36:26.000,-30.7646484375,-31.578125,-30.455078125,,-31.2919921875,-31.88671875,-31.802734375,-31.017578125,
2023/08/02 12:36:27.000,,-31.5888671875,,,-31.3037109375,-31.875,,,
2023/08/02 12:36:40.000,-30.83203125,-31.5927734375,-30.6494140625,,-31.3203125,-31.91015625,-31.7978515625,-31.0322265625,
2023/08/02 12:37:08.000,-30.7919921875,-31.5751953125,-30.55859375,,-31.2919921875,-31.8642578125,-31.7333984375,-30.9931640625,
2023/08/02 12:37:23.000,-30.720703125,-31.517578125,-30.451171875,,-31.240234375,-31.7890625,-31.6943359375,-30.93359375,
2023/08/02 12:38:19.000,-30.357421875,-31.1796875,-30.251953125,,-30.91796875,-31.447265625,-31.3740234375,-30.625,
2023/08/02 12:38:25.000,-30.341796875,-31.1572265625,-30.2080078125,,-30.8896484375,-31.41015625,-31.333984375,-30.6123046875,
2023/08/02 12:38:33.000,-30.2744140625,-31.125,-30.216796875,,-30.86328125,-31.3916015625,-31.306640625,-30.580078125,
2023/08/02 12:38:48.000,-30.279296875,-31.099609375,-30.1611328125,,-30.833984375,-31.37109375,-31.2880859375,-30.552734375,
2023/08/02 12:39:07.000,-30.3056640625,-31.126953125,-30.2001953125,,-30.8447265625,-31.3984375,-31.328125,-30.583984375,
2023/08/02 12:39:35.000,-30.4599609375,-31.287109375,-30.416015625,,-31.0205078125,-31.5927734375,-31.5517578125,-30.7763671875,
2023/08/02 12:39:43.000,-30.515625,-31.361328125,-30.439453125,,-31.08984375,-31.666015625,-31.6015625,-30.8349609375,
2023/08/02 12:40:50.000,-30.7001953125,-31.4951171875,-30.5283203125,,-31.208984375,-31.7822265625,-31.640625,-30.8955078125,
2023/08/02 12:40:51.000,,-31.4892578125,-30.490234375,,-31.2060546875,-31.7705078125,-31.638671875,,
2023/08/02 12:41:01.000,-30.62109375,-31.4296875,-30.4130859375,,-31.177734375,-31.7080078125,-31.6064453125,-30.826171875,
2023/08/02 12:41:11.000,-30.5703125,-31.37109375,-30.3232421875,,-31.1005859375,-31.6318359375,-31.505859375,-30.7626953125,
2023/08/02 12:41:49.000,-30.33203125,-31.1328125,-30.169921875,,-30.876953125,-31.416015625,-31.310546875,-30.5537109375,
2023/08/02 12:41:57.000,-30.32421875,-31.08984375,-30.1357421875,,-30.822265625,-31.357421875,-31.25390625,-30.5517578125,
2023/08/02 12:42:25.000,-30.244140625,-31.0478515625,-29.9697265625,,-30.7548828125,-31.296875,-31.1796875,-30.44140625,
2023/08/02 12:42:33.000,-30.2490234375,-31.03515625,-30.0009765625,,-30.755859375,-31.2822265625,-31.189453125,-30.4462890625,
2023/08/02 12:42:47.000,-30.2978515625,-31.0498046875,-30.1044921875,,-30.7607421875,-31.3232421875,-31.220703125,-30.4677734375,
2023/08/02 12:43:07.000,-30.1796875,-30.931640625,-29.87890625,,-30.611328125,-31.1884765625,-31.1845703125,-30.3857421875,
2023/08/02 12:43:25.000,-30.2861328125,-31.025390625,-29.990234375,,-30.6884765625,-31.30859375,-31.2958984375,-30.4931640625,
2023/08/02 12:43:35.000,-30.3515625,-31.1162109375,-30.0654296875,,-30.779296875,-31.3662109375,-31.37890625,-30.5615234375,
2023/08/02 12:43:45.000,-30.40234375,-31.15625,-30.1513671875,,-30.8212890625,-31.4208984375,-31.4267578125,-30.6142578125,
2023/08/02 12:43:55.000,-30.42578125,-31.1923828125,-30.1806640625,,-30.857421875,-31.46875,-31.4658203125,-30.6357421875,
2023/08/02 12:44:05.000,-30.4052734375,-31.208984375,-30.2861328125,,-30.8837890625,-31.4775390625,-31.4892578125,-30.681640625,
2023/08/02 12:44:15.000,-30.4208984375,-31.2109375,-30.2275390625,,-30.890625,-31.484375,-31.4990234375,-30.6865234375,
2023/08/02 12:44:42.000,-30.384765625,-31.1640625,-30.1796875,,-30.8671875,-31.4287109375,-31.41796875,-30.626953125,
2023/08/02 12:44:57.000,-30.3115234375,-31.1083984375,-30.1337890625,,-30.7890625,-31.3544921875,-31.345703125,-30.5654296875,
2023/08/02 12:45:04.000,-30.3154296875,-31.078125,-30.03125,,-30.7568359375,-31.33203125,-31.3193359375,-30.556640625,
2023/08/02 12:45:05.000,-30.302734375,-31.06640625,,,-30.7509765625,,,-30.533203125,
2023/08/02 12:45:13.000,-30.255859375,-31.0390625,-30.044921875,,-30.7294921875,-31.27734375,-31.2548828125,-30.5,
2023/08/02 12:45:43.000,-30.1484375,-30.9052734375,-29.9091796875,,-30.59765625,-31.16015625,-31.13671875,-30.3525390625,
2023/08/02 12:45:57.000,-30.1337890625,-30.8916015625,-29.8505859375,,-30.57421875,-31.1572265625,-31.146484375,-30.3486328125,
2023/08/02 12:46:13.000,-30.1279296875,,-29.892578125,,-30.55859375,,-31.1005859375,-30.341796875,
2023/08/02 12:46:47.000,-30.212890625,-30.9736328125,-29.974609375,,-30.6435546875,-31.1796875,-31.2158203125,-30.4501953125,
2023/08/02 12:46:54.000,-30.251953125,-31.005859375,-30.0380859375,,-30.658203125,-31.240234375,-31.2275390625,-30.4638671875,
2023/08/02 12:47:05.000,-30.3046875,-31.076171875,-30.1435546875,,-30.7412109375,-31.3369140625,-31.349609375,-30.57421875,
2023/08/02 12:47:15.000,-30.326171875,-31.166015625,-30.23046875,,-30.828125,-31.4599609375,-31.4267578125,-30.638671875,
2023/08/02 12:47:25.000,-30.4091796875,-31.216796875,-30.27734375,,-30.900390625,-31.5009765625,-31.5380859375,-30.7294921875,
2023/08/02 12:47:35.000,-30.490234375,-31.306640625,-30.3837890625,,-30.9873046875,-31.591796875,-31.5927734375,-30.7880859375,
2023/08/02 12:47:45.000,-30.572265625,-31.3515625,-30.3935546875,,-31.0390625,-31.658203125,-31.6591796875,-30.869140625,
2023/08/02 12:47:55.000,-30.6083984375,-31.4013671875,-30.330078125,,-31.078125,-31.6796875,-31.7041015625,-30.8896484375,
2023/08/02 12:48:05.000,,-31.4306640625,-30.513671875,,-31.1103515625,-31.7041015625,-31.7275390625,-30.919921875,
2023/08/02 12:48:15.000,-30.6015625,-31.4365234375,-30.576171875,,-31.1279296875,-31.716796875,-31.7666015625,-30.9619140625,
2023/08/02 12:48:25.000,-30.5751953125,-31.4267578125,-30.533203125,,-31.119140625,-31.6962890625,-31.7451171875,-30.94140625,
2023/08/02 12:48:35.000,-30.501953125,-31.3916015625,-30.583984375,,-31.08203125,-31.67578125,-31.72265625,-30.9228515625,
2023/08/02 12:48:45.000,-30.5390625,-31.359375,-30.4423828125,,-31.064453125,-31.6474609375,-31.673828125,-30.8759765625,
2023/08/02 12:48:55.000,-30.52734375,-31.33203125,-30.4443359375,,-31.0302734375,-31.6015625,-31.62109375,-30.8369140625,
2023/08/02 12:49:05.000,-30.4775390625,-31.283203125,-30.29296875,,-30.9794921875,-31.529296875,-31.5517578125,-30.7421875,
2023/08/02 12:49:15.000,-30.4404296875,-31.2197265625,-30.2138671875,,-30.9140625,-31.5224609375,-31.486328125,-30.7138671875,
2023/08/02 12:49:33.000,-30.3154296875,-31.125,-30.107421875,,-30.830078125,-31.373046875,-31.3701171875,-30.599609375,
2023/08/02 12:49:55.000,-30.1904296875,-31.00390625,-30.1376953125,,-30.7119140625,-31.2802734375,-31.294921875,-30.50390625,
2023/08/02 12:50:10.000,-30.1376953125,-30.96875,-30.0869140625,,-30.673828125,-31.23828125,-31.2548828125,-30.466796875,
2023/08/02 12:50:23.000,-30.1630859375,-30.9794921875,-29.994140625,,,-31.2314453125,-31.244140625,-30.47265625,
2023/08/02 12:50:35.000,-30.19140625,-31.0029296875,-30.0185546875,,-30.7021484375,-31.25,-31.2490234375,-30.4736328125,
2023/08/02 12:50:50.000,-30.2587890625,-31.08203125,-30.16796875,,-30.767578125,-31.34765625,-31.361328125,-30.56640625,
2023/08/02 12:51:16.000,-30.49609375,-31.2763671875,-30.1953125,,-30.9521484375,-31.5478515625,-31.5126953125,-30.7255859375,
2023/08/02 12:51:17.000,-30.5224609375,,-30.2548828125,,-30.9619140625,-31.544921875,-31.5478515625,-30.7158203125,
2023/08/02 12:51:34.000,-30.6162109375,-31.3828125,-30.3046875,,-31.0556640625,-31.6904296875,-31.6337890625,-30.8251953125,
2023/08/02 12:51:35.000,-30.6171875,-31.3896484375,,,-31.0595703125,,,-30.81640625,
2023/08/02 12:51:43.000,-30.6279296875,-31.421875,-30.408203125,,-31.078125,-31.703125,-31.671875,-30.8681640625,
2023/08/02 12:52:03.000,-30.6083984375,-31.4150390625,-30.47265625,,-31.1015625,-31.6923828125,-31.6865234375,-30.86328125,
2023/08/02 12:52:13.000,-30.5478515625,-31.41015625,-30.478515625,,-31.091796875,-31.6640625,,-30.892578125,
2023/08/02 12:52:20.000,-30.5693359375,-31.3798828125,-30.4169921875,,-31.076171875,-31.626953125,-31.6533203125,-30.87109375,
2023/08/02 12:52:33.000,-30.2978515625,-31.0458984375,-30.0908203125,,-30.7119140625,-31.2783203125,-31.4150390625,-30.6123046875,
2023/08/02 12:52:40.000,-30.0927734375,-30.8681640625,-29.9384765625,,-30.5234375,-31.0986328125,-31.2880859375,-30.4423828125,
2023/08/02 12:53:55.000,-29.6875,-30.4677734375,-29.607421875,,-30.0927734375,-30.697265625,-30.90234375,-30.0634765625,
2023/08/02 12:54:17.000,-29.6943359375,-30.4765625,-29.53515625,,-30.09765625,-30.7001953125,-30.9189453125,-30.0869140625,
2023/08/02 12:54:31.000,-29.7724609375,-30.5341796875,-29.623046875,,-30.15625,-30.7607421875,-31.001953125,-30.107421875,
2023/08/02 12:54:41.000,-29.8310546875,-30.607421875,-29.6552734375,,-30.220703125,-30.822265625,-31.044921875,-30.16796875,
2023/08/02 12:54:57.000,-29.974609375,-30.7158203125,-29.78515625,,-30.3388671875,-30.955078125,-31.1669921875,-30.2724609375,
2023/08/02 12:55:05.000,-30.0322265625,-30.78125,-29.88671875,,-30.3955078125,-31.01171875,-31.2333984375,-30.3466796875,
2023/08/02 12:55:20.000,-30.111328125,-30.865234375,-29.9931640625,,-30.4765625,-31.0986328125,-31.2939453125,-30.4140625,
2023/08/02 12:55:28.000,-30.130859375,-30.880859375,-30.0087890625,,-30.501953125,-31.138671875,-31.30078125,-30.4482421875,
2023/08/02 12:55:35.000,-30.15625,-30.91015625,-30.125,,-30.5224609375,-31.18359375,-31.3173828125,-30.466796875,
2023/08/02 12:55:55.000,-30.16796875,-30.927734375,-29.921875,,-30.5302734375,-31.1640625,-31.32421875,-30.4697265625,
2023/08/02 12:56:21.000,-30.0791015625,-30.8154296875,-29.947265625,,-30.4365234375,-31.0478515625,-31.263671875,-30.384765625,
2023/08/02 12:56:27.000,-30.0283203125,-30.8115234375,-29.859375,,-30.42578125,-31.0185546875,-31.1787109375,-30.3466796875,
2023/08/02 12:56:35.000,-29.974609375,-30.7470703125,-29.7939453125,,-30.3701171875,-30.974609375,-31.1337890625,-30.2890625,
2023/08/02 12:56:56.000,-29.892578125,-30.6416015625,-29.6494140625,,-30.251953125,-30.87890625,-31.0068359375,-30.193359375,
2023/08/02 12:57:05.000,-29.8642578125,-30.6181640625,-29.6748046875,,-30.21875,-30.833984375,-30.984375,-30.15234375,
2023/08/02 12:57:45.000,-29.7978515625,-30.5517578125,-29.4833984375,,-30.1494140625,-30.7509765625,-30.9296875,-30.0830078125,
2023/08/02 12:58:04.000,-29.80078125,-30.560546875,-29.5986328125,,-30.1572265625,-30.7470703125,-30.955078125,-30.1064453125,
2023/08/02 12:58:26.000,-29.8798828125,-30.66015625,-29.7314453125,,-30.2587890625,-30.87109375,-31.0693359375,-30.2001953125,
2023/08/02 12:58:37.000,-29.9521484375,-30.728515625,-29.8076171875,,-30.3251953125,-30.9521484375,-31.193359375,-30.318359375,
2023/08/02 12:58:47.000,-30.0029296875,-30.7939453125,-29.939453125,,-30.40234375,-31.04296875,-31.287109375,-30.408203125,
2023/08/02 12:59:51.000,-29.73046875,-30.5478515625,-29.6796875,,-30.1025390625,-30.7705078125,-31.138671875,-30.2236328125,
2023/08/02 12:59:59.000,-29.7119140625,-30.509765625,-29.6650390625,,-30.083984375,-30.7373046875,-31.0966796875,-30.1787109375,
2023/08/02 13:00:27.000,-29.583984375,-30.365234375,-29.4013671875,,-29.9345703125,-30.5390625,-30.9111328125,-29.998046875,
2023/08/02 13:00:35.000,-29.515625,-30.2919921875,-29.3857421875,,-29.8505859375,-30.46484375,-30.8720703125,-29.9541015625,
2023/08/02 13:00:50.000,-29.396484375,-30.189453125,-29.32421875,,-29.7431640625,-30.388671875,-30.779296875,-29.876953125,
2023/08/02 13:01:05.000,-29.3359375,-30.1044921875,-29.2958984375,,-29.6650390625,-30.267578125,-30.748046875,-29.8369140625,
2023/08/02 13:01:15.000,-29.2978515625,-30.0703125,-29.2041015625,,-29.6259765625,-30.244140625,-30.673828125,-29.7353515625,
2023/08/02 13:02:04.000,-29.2841796875,-30.0595703125,-29.208984375,,-29.5966796875,-30.2353515625,-30.63671875,-29.73828125,
2023/08/02 13:02:05.000,-29.29296875,,-29.1728515625,,-29.6142578125,-30.265625,-30.650390625,-29.7431640625,
2023/08/02 13:02:43.000,-29.5302734375,-30.3193359375,-29.421875,,-29.861328125,-30.5234375,-30.923828125,-29.9306640625,
2023/08/02 13:02:49.000,-29.5859375,-30.353515625,-29.4287109375,,-29.8935546875,-30.552734375,-30.9326171875,-29.9814453125,
2023/08/02 13:02:55.000,-29.591796875,-30.3740234375,-29.4912109375,,-29.92578125,-30.5888671875,-30.998046875,-29.99609375,
2023/08/02 13:03:09.000,-29.7001953125,-30.4296875,-29.4677734375,,-29.9765625,-30.662109375,-31.0322265625,-30.087890625,
2023/08/02 13:03:17.000,-29.7197265625,-30.44140625,-29.5009765625,,-29.9892578125,-30.6728515625,-31.0341796875,-30.091796875,
2023/08/02 13:03:29.000,-29.71484375,-30.458984375,-29.396484375,,-30.0078125,-30.6484375,-31.0302734375,-30.083984375,
2023/08/02 13:03:49.000,-29.6513671875,-30.4052734375,-29.5478515625,,-29.9638671875,-30.6044921875,-31.0126953125,-30.0859375,
2023/08/02 13:03:57.000,-29.6181640625,-30.384765625,-29.4521484375,,-29.923828125,-30.5849609375,-30.9609375,-30.0595703125,
2023/08/02 13:04:17.000,-29.48046875,-30.306640625,-29.4306640625,,-29.841796875,-30.4482421875,-30.8369140625,-29.9248046875,
2023/08/02 13:04:25.000,-29.4609375,-30.220703125,-29.359375,,-29.7900390625,-30.42578125,-30.8173828125,-29.9013671875,
2023/08/02 13:05:09.000,-29.32421875,-30.0673828125,-29.138671875,,-29.6181640625,-30.2509765625,-30.6162109375,-29.7021484375,
2023/08/02 13:05:35.000,-29.232421875,-30.072265625,-29.22265625,,-29.6123046875,-30.279296875,-30.658203125,-29.734375,
2023/08/02 13:05:49.000,-29.326171875,-30.1123046875,-29.322265625,,-29.6689453125,-30.30078125,-30.7119140625,-29.798828125,
2023/08/02 13:05:59.000,-29.373046875,-30.1845703125,-29.2939453125,,-29.693359375,-30.3515625,-30.7431640625,-29.841796875,
2023/08/02 13:06:07.000,-29.474609375,-30.220703125,-29.3955078125,,-29.7666015625,-30.41796875,-30.8125,-29.8779296875,
2023/08/02 13:06:19.000,-29.572265625,-30.2734375,-29.390625,,-29.82421875,-30.5205078125,-30.8974609375,-29.958984375,
2023/08/02 13:06:27.000,-29.62109375,-30.3583984375,-29.419921875,,-29.90234375,-30.556640625,-30.93359375,-29.9765625,
2023/08/02 13:06:57.000,-29.7236328125,-30.4580078125,-29.5009765625,,-30.0048828125,-30.6728515625,-31.044921875,-30.0693359375,
2023/08/02 13:07:04.000,-29.71484375,-30.4501953125,-29.5107421875,,-29.998046875,-30.6513671875,-31.0439453125,-30.1005859375,
2023/08/02 13:07:05.000,,-30.453125,-29.552734375,,,-30.6630859375,-31.044921875,,
2023/08/02 13:07:35.000,-29.6142578125,-30.400390625,-29.484375,,-29.947265625,-30.57421875,-30.9658203125,-30.056640625,
2023/08/02 13:07:49.000,-29.5966796875,-30.3076171875,-29.4453125,,-29.8681640625,-30.50390625,-30.8740234375,-29.9794921875,
2023/08/02 13:08:24.000,-29.41796875,-30.1474609375,-29.1904296875,,-29.677734375,-30.310546875,-30.640625,-29.751953125,
2023/08/02 13:08:25.000,-29.3955078125,-30.12109375,,,-29.669921875,,,-29.75,
2023/08/02 13:08:37.000,-29.333984375,-30.078125,-29.0849609375,,-29.6220703125,-30.255859375,-30.6044921875,-29.681640625,
2023/08/02 13:08:49.000,-29.326171875,-30.0439453125,-29.076171875,,-29.59375,-30.228515625,-30.56640625,-29.642578125,
2023/08/02 13:09:15.000,-29.287109375,-30.0419921875,-29.1611328125,,-29.5771484375,-30.216796875,-30.5849609375,-29.6630859375,
2023/08/02 13:09:25.000,-29.263671875,-30.05859375,-29.1259765625,,-29.5849609375,-30.22265625,,-29.705078125,
2023/08/02 13:09:35.000,-29.3173828125,-30.09375,-29.228515625,,-29.63671875,-30.29296875,-30.66796875,-29.767578125,
2023/08/02 13:09:45.000,-29.3984375,-30.14453125,-29.1953125,,-29.6875,-30.3583984375,-30.728515625,-29.8125,
2023/08/02 13:09:57.000,-29.46875,-30.2353515625,-29.39453125,,-29.78125,-30.46484375,-30.849609375,-29.916015625,
2023/08/02 13:10:12.000,-29.630859375,-30.3759765625,-29.470703125,,-29.9013671875,-30.572265625,-30.951171875,-30.0185546875,
2023/08/02 13:10:17.000,-29.654296875,-30.4169921875,-29.5263671875,,-29.943359375,-30.6259765625,-31.017578125,-30.07421875,
2023/08/02 13:10:32.000,-29.869140625,-30.650390625,-29.666015625,,-30.20703125,-30.802734375,-31.138671875,-30.2080078125,
2023/08/02 13:10:35.000,-29.95703125,-31.140625,-29.7822265625,,-30.76171875,-30.8994140625,-31.220703125,-30.2958984375,
2023/08/02 13:10:42.000,-32.7998046875,-33.8759765625,-32.4052734375,,-33.75,-34.15234375,-33.2294921875,-32.5302734375,
2023/08/02 13:10:53.000,-32.8662109375,-33.8603515625,-32.7451171875,,-33.8525390625,-34.2275390625,-33.3447265625,-32.767578125,
2023/08/02 13:10:59.000,-32.912109375,-33.8740234375,-32.6552734375,,-33.8779296875,-34.2666015625,-33.3388671875,-32.826171875,
2023/08/02 13:11:49.000,-32.6865234375,-33.650390625,-32.4755859375,,-33.7041015625,-34.037109375,-33.134765625,-32.6376953125,
2023/08/02 13:11:58.000,-32.6064453125,-33.5595703125,-32.4521484375,,-33.6220703125,-33.96875,-33.056640625,-32.615234375,
